[Licensing::Module] Trying to connect to existing licensing client channel...
Built from '6000.3/respin/6000.3.6f1-732c1ec89f18' branch; Version is '6000.3.6f1 (bbb010bdb8a3) revision 12300304'; Using compiler version '194234433'; Build Type 'Release'
[Licensing::IpcConnector] Successfully connected to: "LicenseClient-DELL" at "2026-02-03T09:12:44.0363554Z"
OS: 'Windows 11  (10.0.26100) Professional' Language: 'en' Physical Memory: 16198 MB
BatchMode: 1, IsHumanControllingUs: 0, StartBugReporterOnCrash: 0, Is64bit: 1
System  architecture: x64
Process architecture: x64
Date: 2026-02-03T09:12:44Z

COMMAND LINE ARGUMENTS:
C:\Program Files\Unity\Hub\Editor\6000.3.6f1\Editor\Unity.exe
-adb2
-batchMode
-noUpm
-name
AssetImportWorker1
-projectPath
D:/PompaDroid
-logFile
Logs/AssetImportWorker1.log
-srvPort
50354
-licensingIpc
LicenseClient-DELL
-job-worker-count
3
-background-job-worker-count
8
-gc-helper-count
1
-name
AssetImport
Successfully changed project path to: D:/PompaDroid
D:/PompaDroid
[UnityMemory] Configuration Parameters - Can be set up in boot.config
    "memorysetup-temp-allocator-size-nav-mesh-worker=65536"
    "memorysetup-temp-allocator-size-audio-worker=65536"
    "memorysetup-temp-allocator-size-gfx=262144"
    "memorysetup-allocator-temp-initial-block-size-main=262144"
    "memorysetup-allocator-temp-initial-block-size-worker=262144"
    "memorysetup-temp-allocator-size-background-worker=32768"
    "memorysetup-temp-allocator-size-job-worker=262144"
    "memorysetup-temp-allocator-size-preload-manager=33554432"
    "memorysetup-temp-allocator-size-gi-baking-worker=262144"
    "memorysetup-temp-allocator-size-gi-baking-worker=262144"
    "memorysetup-temp-allocator-size-gi-baking-worker=262144"
    "memorysetup-temp-allocator-size-gi-baking-worker=262144"
    "memorysetup-temp-allocator-size-gi-baking-worker=262144"
    "memorysetup-bucket-allocator-granularity=16"
    "memorysetup-bucket-allocator-bucket-count=8"
    "memorysetup-bucket-allocator-block-size=33554432"
    "memorysetup-bucket-allocator-block-count=8"
    "memorysetup-main-allocator-block-size=16777216"
    "memorysetup-thread-allocator-block-size=16777216"
    "memorysetup-gfx-main-allocator-block-size=16777216"
    "memorysetup-gfx-thread-allocator-block-size=16777216"
    "memorysetup-cache-allocator-block-size=4194304"
    "memorysetup-typetree-allocator-block-size=2097152"
    "memorysetup-profiler-bucket-allocator-granularity=16"
    "memorysetup-profiler-bucket-allocator-bucket-count=8"
    "memorysetup-profiler-bucket-allocator-block-size=33554432"
    "memorysetup-profiler-bucket-allocator-block-count=8"
    "memorysetup-profiler-allocator-block-size=16777216"
    "memorysetup-profiler-editor-allocator-block-size=1048576"
    "memorysetup-temp-allocator-size-main=16777216"
    "memorysetup-job-temp-allocator-block-size=2097152"
    "memorysetup-job-temp-allocator-block-size-background=1048576"
    "memorysetup-job-temp-allocator-reduction-small-platforms=262144"
    "memorysetup-temp-allocator-size-cloud-worker=32768"
Player connection [21484]  Target information:

Player connection [21484]  * "[IP] 192.168.0.122 [Port] 0 [Flags] 2 [Guid] 2812681923 [EditorId] 2812681923 [Version] 1048832 [Id] WindowsEditor(7,DESKTOP-2L9EOP5) [Debug] 1 [PackageName] WindowsEditor [ProjectName] Editor" 

Player connection [21484] Host joined multi-casting on [225.0.0.222:54997]...
Player connection [21484] Host joined alternative multi-casting on [225.0.0.222:34997]...
JobSystem: Creating JobQueue using job-worker-count value 3
Input System module state changed to: Initialized.
[Physics::Module] Initialized fallback backend.
[Physics::Module] Id: 0xdecafbad
Library Redirect Path: Library/
[Physics::Module] Selected backend.
[Physics::Module] Name: PhysX
[Physics::Module] Id: 0xf2b8ea05
[Physics::Module] SDK Version: 4.1.2
[Physics::Module] Integration Version: 1.0.0
[Physics::Module] Threading Mode: Multi-Threaded
Refreshing native plugins compatible for Editor in 3.53 ms, found 2 plugins.
Preloading 0 native plugins for Editor in 0.00 ms.
Initialize engine version: 6000.3.6f1 (bbb010bdb8a3)
[Subsystems] Discovering subsystems at path C:/Program Files/Unity/Hub/Editor/6000.3.6f1/Editor/Data/Resources/UnitySubsystems
[Subsystems] Discovering subsystems at path D:/PompaDroid/Assets
GfxDevice: creating device client; kGfxThreadingModeNonThreaded
Direct3D:
    Version:  Direct3D 11.0 [level 11.1]
    Renderer: Intel(R) UHD Graphics 620 (ID=0x3ea0)
    Vendor:   Intel
    VRAM:     8099 MB
    Driver:   31.0.101.2127
Initialize mono
Mono path[0] = 'C:/Program Files/Unity/Hub/Editor/6000.3.6f1/Editor/Data/Managed'
Mono path[1] = 'C:/Program Files/Unity/Hub/Editor/6000.3.6f1/Editor/Data/MonoBleedingEdge/lib/mono/unityjit-win32'
Mono config path = 'C:/Program Files/Unity/Hub/Editor/6000.3.6f1/Editor/Data/MonoBleedingEdge/etc'
Using monoOptions --debugger-agent=transport=dt_socket,embedding=1,server=y,suspend=n,address=127.0.0.1:56948
Begin MonoManager ReloadAssembly
Registering precompiled unity dll's ...
Register platform support module: C:/Program Files/Unity/Hub/Editor/6000.3.6f1/Editor/Data/PlaybackEngines/WebGLSupport/UnityEditor.WebGL.Extensions.dll
Register platform support module: C:/Program Files/Unity/Hub/Editor/6000.3.6f1/Editor/Data/PlaybackEngines/WindowsStandaloneSupport/UnityEditor.WindowsStandalone.Extensions.dll
Registered in 0.003783 seconds.
- Loaded All Assemblies, in  0.910 seconds
Native extension for WindowsStandalone target not found
Native extension for WebGL target not found
ScheduleIndexationOnStartup MainProcess:False IndexOnStartup:True
Mono: successfully reloaded assembly
- Finished resetting the current domain, in  0.958 seconds
Domain Reload Profiling: 1864ms
	BeginReloadAssembly (269ms)
		ExecutionOrderSort (0ms)
		DisableScriptedObjects (0ms)
		BackupInstance (0ms)
		ReleaseScriptingObjects (0ms)
		CreateAndSetChildDomain (2ms)
	RebuildCommonClasses (85ms)
	RebuildNativeTypeToScriptingClass (27ms)
	initialDomainReloadingComplete (91ms)
	LoadAllAssembliesAndSetupDomain (433ms)
		LoadAssemblies (264ms)
		RebuildTransferFunctionScriptingTraits (0ms)
		AnalyzeDomain (427ms)
			TypeCache.Refresh (423ms)
				TypeCache.ScanAssembly (376ms)
			BuildScriptInfoCaches (0ms)
			ResolveRequiredComponents (1ms)
	FinalizeReload (958ms)
		ReleaseScriptCaches (0ms)
		RebuildScriptCaches (0ms)
		SetupLoadedEditorAssemblies (857ms)
			LogAssemblyErrors (0ms)
			InitializePlatformSupportModulesInManaged (104ms)
			SetLoadedEditorAssemblies (9ms)
			BeforeProcessingInitializeOnLoad (216ms)
			ProcessInitializeOnLoadAttributes (360ms)
			ProcessInitializeOnLoadMethodAttributes (168ms)
			AfterProcessingInitializeOnLoad (0ms)
			EditorAssembliesLoaded (0ms)
		ExecutionOrderSort2 (0ms)
		AwakeInstancesAfterBackupRestoration (0ms)
========================================================================
Worker process is ready to serve import requests
Import Worker Mode flag is 0x00
Begin MonoManager ReloadAssembly
[Licensing::Module] Licensing is not yet initialized.
[Licensing::Client] Handshaking with LicensingClient:
  Version:                 1.17.4+4293ba1
  Session Id:              2a41b5c1d3c146d6ba63fe72fe1bb3e0
  Correlation Id:          d74cd4eed57174d84062589089dc9bde
  External correlation Id: 7310120487723238265
  Machine Id:              OA/JloyBYb4tfVS4Bkzp7Fy9TRc=
[Licensing::Module] Successfully connected to LicensingClient on channel: "LicenseClient-DELL" (connect: 0.00s, validation: 0.00s, handshake: 4.34s)
[Licensing::IpcConnector] Successfully connected to: "LicenseClient-DELL-notifications" at "2026-02-03T09:12:48.3751843Z"
[Licensing::Module] Licensing Background thread has ended after 4.34s
[Licensing::Module] Licensing is initialized (took 1.67s).
[Licensing::Client] Successfully resolved entitlement details
[Licensing::Module] License group:
  Id: 18968109665950-UnityPersXXXX
  Product: Unity Personal
  Type: Assigned
  Expiration: Unlimited
Symbol file LoadedFromMemory is not a mono symbol file
- Loaded All Assemblies, in  2.986 seconds
Refreshing native plugins compatible for Editor in 6.19 ms, found 2 plugins.
Native extension for WindowsStandalone target not found
Native extension for WebGL target not found
Refreshing native plugins compatible for Editor in 3.98 ms, found 2 plugins.
Package Manager log level set to [2]
[Package Manager] Failed to launch server process. Reason: Unity was launched with the -noUpm command-line argument
[Package Manager] Unable to send message (not connected to server process).
[Package Manager] Cannot connect to Unity Package Manager local server
ScheduleIndexationOnStartup MainProcess:False IndexOnStartup:True
Mono: successfully reloaded assembly
- Finished resetting the current domain, in  1.640 seconds
Domain Reload Profiling: 4623ms
	BeginReloadAssembly (2013ms)
		ExecutionOrderSort (0ms)
		DisableScriptedObjects (9ms)
		BackupInstance (0ms)
		ReleaseScriptingObjects (0ms)
		CreateAndSetChildDomain (75ms)
	RebuildCommonClasses (81ms)
	RebuildNativeTypeToScriptingClass (26ms)
	initialDomainReloadingComplete (67ms)
	LoadAllAssembliesAndSetupDomain (796ms)
		LoadAssemblies (607ms)
		RebuildTransferFunctionScriptingTraits (0ms)
		AnalyzeDomain (380ms)
			TypeCache.Refresh (304ms)
				TypeCache.ScanAssembly (231ms)
			BuildScriptInfoCaches (66ms)
			ResolveRequiredComponents (7ms)
	FinalizeReload (1641ms)
		ReleaseScriptCaches (0ms)
		RebuildScriptCaches (0ms)
		SetupLoadedEditorAssemblies (1377ms)
			LogAssemblyErrors (0ms)
			InitializePlatformSupportModulesInManaged (4ms)
			SetLoadedEditorAssemblies (10ms)
			BeforeProcessingInitializeOnLoad (309ms)
			ProcessInitializeOnLoadAttributes (573ms)
			ProcessInitializeOnLoadMethodAttributes (472ms)
			AfterProcessingInitializeOnLoad (9ms)
			EditorAssembliesLoaded (0ms)
		ExecutionOrderSort2 (0ms)
		AwakeInstancesAfterBackupRestoration (13ms)
Launched and connected shader compiler UnityShaderCompiler.exe after 0.02 seconds
Refreshing native plugins compatible for Editor in 3.60 ms, found 2 plugins.
Preloading 0 native plugins for Editor in 0.00 ms.
Unloading 0 Unused Serialized files (Serialized files now loaded: 0)
Unloading 3009 unused Assets / (1.3 MB). Loaded Objects now: 3575.
Memory consumption went from 88.0 MB to 86.8 MB.
Total: 21.816600 ms (FindLiveObjects: 0.997500 ms CreateObjectMapping: 0.537100 ms MarkObjects: 18.273600 ms  DeleteObjects: 2.006900 ms)

========================================================================
Received Prepare
Begin MonoManager ReloadAssembly
Symbol file LoadedFromMemory is not a mono symbol file
- Loaded All Assemblies, in  0.826 seconds
Refreshing native plugins compatible for Editor in 3.14 ms, found 2 plugins.
Native extension for WindowsStandalone target not found
Native extension for WebGL target not found
[Package Manager] Failed to launch server process. Reason: Unity was launched with the -noUpm command-line argument
[Package Manager] Unable to send message (not connected to server process).
[Package Manager] Cannot connect to Unity Package Manager local server
ScheduleIndexationOnStartup MainProcess:False IndexOnStartup:True
Mono: successfully reloaded assembly
- Finished resetting the current domain, in  1.296 seconds
Domain Reload Profiling: 2121ms
	BeginReloadAssembly (274ms)
		ExecutionOrderSort (0ms)
		DisableScriptedObjects (10ms)
		BackupInstance (0ms)
		ReleaseScriptingObjects (0ms)
		CreateAndSetChildDomain (68ms)
	RebuildCommonClasses (62ms)
	RebuildNativeTypeToScriptingClass (21ms)
	initialDomainReloadingComplete (36ms)
	LoadAllAssembliesAndSetupDomain (432ms)
		LoadAssemblies (414ms)
		RebuildTransferFunctionScriptingTraits (0ms)
		AnalyzeDomain (157ms)
			TypeCache.Refresh (29ms)
				TypeCache.ScanAssembly (0ms)
			BuildScriptInfoCaches (120ms)
			ResolveRequiredComponents (4ms)
	FinalizeReload (1297ms)
		ReleaseScriptCaches (0ms)
		RebuildScriptCaches (0ms)
		SetupLoadedEditorAssemblies (1100ms)
			LogAssemblyErrors (0ms)
			InitializePlatformSupportModulesInManaged (4ms)
			SetLoadedEditorAssemblies (8ms)
			BeforeProcessingInitializeOnLoad (231ms)
			ProcessInitializeOnLoadAttributes (433ms)
			ProcessInitializeOnLoadMethodAttributes (415ms)
			AfterProcessingInitializeOnLoad (8ms)
			EditorAssembliesLoaded (1ms)
		ExecutionOrderSort2 (0ms)
		AwakeInstancesAfterBackupRestoration (13ms)
Refreshing native plugins compatible for Editor in 5.67 ms, found 2 plugins.
Preloading 0 native plugins for Editor in 0.00 ms.
Unloading 0 Unused Serialized files (Serialized files now loaded: 0)
Unloading 3007 unused Assets / (1.2 MB). Loaded Objects now: 3576.
Memory consumption went from 87.8 MB to 86.5 MB.
Total: 23.071700 ms (FindLiveObjects: 0.891800 ms CreateObjectMapping: 0.542500 ms MarkObjects: 19.342300 ms  DeleteObjects: 2.293700 ms)

Prepare: number of updated asset objects reloaded= 0
========================================================================
Received Import Request.
  Time since last request: 16286.774674 seconds.
  path: Assets/Animation/hit_controller.controller
  artifactKey: Guid(ffd45e64e649bdf4a8435a4ebf4ab1d2) Importer(2089858483,b0f066a214c2f5e87bad3c948f4d605d)
Start importing Assets/Animation/hit_controller.controller using Guid(ffd45e64e649bdf4a8435a4ebf4ab1d2) Importer(2089858483,b0f066a214c2f5e87bad3c948f4d605d) (ScriptedImporter) -> (artifact id: 'b9a0ec8a9ec612ae442aeb8e2b80d9d8') in 0.1099733 seconds
Number of updated asset objects reloaded before import = 0Number of asset objects unloaded after import = 5

========================================================================
Received Import Request.
  Time since last request: 0.000022 seconds.
  path: Assets/Animation/Boss/boss_anim_controller.controller
  artifactKey: Guid(0b5567d0ccb1eed489f03177148b6992) Importer(2089858483,b0f066a214c2f5e87bad3c948f4d605d)
Start importing Assets/Animation/Boss/boss_anim_controller.controller using Guid(0b5567d0ccb1eed489f03177148b6992) Importer(2089858483,b0f066a214c2f5e87bad3c948f4d605d) (ScriptedImporter) -> (artifact id: 'cf24c6e60464cfda79c4984beb767b9e') in 0.0059538 seconds
Number of updated asset objects reloaded before import = 0Number of asset objects unloaded after import = 15

========================================================================
Received Import Request.
  Time since last request: 0.000049 seconds.
  path: Assets/Animation/Hero/hero_attack2_anim.anim
  artifactKey: Guid(28c7d0ef903fb2e4b8add596b1d0436c) Importer(2089858483,b0f066a214c2f5e87bad3c948f4d605d)
Start importing Assets/Animation/Hero/hero_attack2_anim.anim using Guid(28c7d0ef903fb2e4b8add596b1d0436c) Importer(2089858483,b0f066a214c2f5e87bad3c948f4d605d) (ScriptedImporter) -> (artifact id: 'c27d8c9ce83a535845bd0806afc9db5f') in 0.0464192 seconds
Number of updated asset objects reloaded before import = 0Number of asset objects unloaded after import = 1

========================================================================
Received Import Request.
  Time since last request: 0.000130 seconds.
  path: Assets/Animation/Hero/hero_attack3_anim_powerup.anim
  artifactKey: Guid(1fcb140ab4c304d96a70f6802e62894f) Importer(2089858483,b0f066a214c2f5e87bad3c948f4d605d)
Start importing Assets/Animation/Hero/hero_attack3_anim_powerup.anim using Guid(1fcb140ab4c304d96a70f6802e62894f) Importer(2089858483,b0f066a214c2f5e87bad3c948f4d605d) (ScriptedImporter) -> (artifact id: '647df28d1cdf238bc8a985b44724bb8a') in 0.0114148 seconds
Number of updated asset objects reloaded before import = 0Number of asset objects unloaded after import = 1

========================================================================
Received Import Request.
  Time since last request: 0.000061 seconds.
  path: Assets/Scripts/ActionDPad.cs
  artifactKey: Guid(a49b9f38450314378a959612108b6a0d) Importer(2089858483,b0f066a214c2f5e87bad3c948f4d605d)
Start importing Assets/Scripts/ActionDPad.cs using Guid(a49b9f38450314378a959612108b6a0d) Importer(2089858483,b0f066a214c2f5e87bad3c948f4d605d) (ScriptedImporter) -> (artifact id: '1423037fec9ced172c7cd1c0412d9d2f') in 0.0094016 seconds
Number of updated asset objects reloaded before import = 0Number of asset objects unloaded after import = 0

========================================================================
Received Import Request.
  Time since last request: 0.000110 seconds.
  path: Assets/Scripts/JumpCollider.cs
  artifactKey: Guid(83536bb2d9afb4bbfbeec27cbb656a64) Importer(2089858483,b0f066a214c2f5e87bad3c948f4d605d)
Start importing Assets/Scripts/JumpCollider.cs using Guid(83536bb2d9afb4bbfbeec27cbb656a64) Importer(2089858483,b0f066a214c2f5e87bad3c948f4d605d) (ScriptedImporter) -> (artifact id: '6563724957e62c7e92e2eef434aecccd') in 0.0029036 seconds
Number of updated asset objects reloaded before import = 0Number of asset objects unloaded after import = 0

========================================================================
Received Import Request.
  Time since last request: 0.000069 seconds.
  path: Assets/Animation/Hero/hero_attack2_anim_powerup.anim
  artifactKey: Guid(a410142c966a44faea581ec6ec46b524) Importer(2089858483,b0f066a214c2f5e87bad3c948f4d605d)
Start importing Assets/Animation/Hero/hero_attack2_anim_powerup.anim using Guid(a410142c966a44faea581ec6ec46b524) Importer(2089858483,b0f066a214c2f5e87bad3c948f4d605d) (ScriptedImporter) -> (artifact id: '07d49ea659ce2ec810db60472099dae6') in 0.0071211 seconds
Number of updated asset objects reloaded before import = 0Number of asset objects unloaded after import = 1

========================================================================
Received Import Request.
  Time since last request: 0.000182 seconds.
  path: Assets/Audio/sfx_hit1.wav
  artifactKey: Guid(8a52d845131c2f2459d934816680a536) Importer(2089858483,b0f066a214c2f5e87bad3c948f4d605d)
Start importing Assets/Audio/sfx_hit1.wav using Guid(8a52d845131c2f2459d934816680a536) Importer(2089858483,b0f066a214c2f5e87bad3c948f4d605d) (ScriptedImporter) -> (artifact id: 'db2381d969d409b5c82f92269ee5d35c') in 0.0288678 seconds
Number of updated asset objects reloaded before import = 0Number of asset objects unloaded after import = 1

========================================================================
Received Import Request.
  Time since last request: 0.000128 seconds.
  path: Assets/Prefabs/GameAudioManager.prefab
  artifactKey: Guid(63a0de6517f104397ab35bbdf5131077) Importer(2089858483,b0f066a214c2f5e87bad3c948f4d605d)
Start importing Assets/Prefabs/GameAudioManager.prefab using Guid(63a0de6517f104397ab35bbdf5131077) Importer(2089858483,b0f066a214c2f5e87bad3c948f4d605d) (ScriptedImporter) -> (artifact id: 'c9aa03545972d7ba462957a5f6d8fdaf') in 0.4490873 seconds
Number of updated asset objects reloaded before import = 0Number of asset objects unloaded after import = 7

========================================================================
Received Import Request.
  Time since last request: 0.000026 seconds.
  path: Assets/Images/JoyPad/dpad_upright.png
  artifactKey: Guid(446d1cb8ef60f364ab4d9e35aa701d89) Importer(2089858483,b0f066a214c2f5e87bad3c948f4d605d)
Start importing Assets/Images/JoyPad/dpad_upright.png using Guid(446d1cb8ef60f364ab4d9e35aa701d89) Importer(2089858483,b0f066a214c2f5e87bad3c948f4d605d) (ScriptedImporter) -> (artifact id: 'fffa222988642efd6ff923710aed8ef1') in 0.1954802 seconds
Number of updated asset objects reloaded before import = 0Number of asset objects unloaded after import = 3

========================================================================
Received Import Request.
  Time since last request: 0.000032 seconds.
  path: Assets/MobileDependencyResolver/Editor/Google.VersionHandler.dll
  artifactKey: Guid(61c24b9980ea49ae90c8b62fb489de77) Importer(2089858483,b0f066a214c2f5e87bad3c948f4d605d)
Start importing Assets/MobileDependencyResolver/Editor/Google.VersionHandler.dll using Guid(61c24b9980ea49ae90c8b62fb489de77) Importer(2089858483,b0f066a214c2f5e87bad3c948f4d605d) (ScriptedImporter) -> (artifact id: '3101174c3168033c2b93b394e5137705') in 0.0085789 seconds
Number of updated asset objects reloaded before import = 0Number of asset objects unloaded after import = 0

========================================================================
Received Import Request.
  Time since last request: 0.000058 seconds.
  path: Assets/Images/MainMenu/bg_title.png
  artifactKey: Guid(d610b3633e3a94373bbfb8048c30dd0f) Importer(2089858483,b0f066a214c2f5e87bad3c948f4d605d)
Start importing Assets/Images/MainMenu/bg_title.png using Guid(d610b3633e3a94373bbfb8048c30dd0f) Importer(2089858483,b0f066a214c2f5e87bad3c948f4d605d) (ScriptedImporter) -> (artifact id: 'a27a92d47a93bd821c33c63aca8ba1ca') in 0.0090831 seconds
Number of updated asset objects reloaded before import = 0Number of asset objects unloaded after import = 3

========================================================================
Received Import Request.
  Time since last request: 0.000027 seconds.
  path: Assets/Images/GameHUD/ui_hp_red_fill.png
  artifactKey: Guid(07bbc0e030ecc82409a7a999b7866e05) Importer(2089858483,b0f066a214c2f5e87bad3c948f4d605d)
Start importing Assets/Images/GameHUD/ui_hp_red_fill.png using Guid(07bbc0e030ecc82409a7a999b7866e05) Importer(2089858483,b0f066a214c2f5e87bad3c948f4d605d) (ScriptedImporter) -> (artifact id: 'd5099bc29a69e548017a949df9e435e9') in 0.0101839 seconds
Number of updated asset objects reloaded before import = 0Number of asset objects unloaded after import = 3

========================================================================
Received Import Request.
  Time since last request: 0.000023 seconds.
  path: Assets/MobileDependencyResolver/Editor/mobile-dependency-resolver_version-1.2.185_manifest.txt
  artifactKey: Guid(5e590a4aab514d859dd0ac8982d9e78c) Importer(2089858483,b0f066a214c2f5e87bad3c948f4d605d)
Start importing Assets/MobileDependencyResolver/Editor/mobile-dependency-resolver_version-1.2.185_manifest.txt using Guid(5e590a4aab514d859dd0ac8982d9e78c) Importer(2089858483,b0f066a214c2f5e87bad3c948f4d605d) (ScriptedImporter) -> (artifact id: '74c3f7111bfcb2f80175a15f17609f39') in 0.0041987 seconds
Number of updated asset objects reloaded before import = 0Number of asset objects unloaded after import = 1

========================================================================
Received Import Request.
  Time since last request: 0.000043 seconds.
  path: Assets/Images/GameHUD/ui_hp_back.png
  artifactKey: Guid(88b191f7d5509af42a1804549da76a57) Importer(2089858483,b0f066a214c2f5e87bad3c948f4d605d)
Start importing Assets/Images/GameHUD/ui_hp_back.png using Guid(88b191f7d5509af42a1804549da76a57) Importer(2089858483,b0f066a214c2f5e87bad3c948f4d605d) (ScriptedImporter) -> (artifact id: '001de25c01fcef684695cdfa45b717a2') in 0.0119129 seconds
Number of updated asset objects reloaded before import = 0Number of asset objects unloaded after import = 3

========================================================================
Received Import Request.
  Time since last request: 0.000023 seconds.
  path: Assets/Images/JoyPad/dpad_downleft.png
  artifactKey: Guid(1edcd8b7f63990f4e9ed16fb538fe9ce) Importer(2089858483,b0f066a214c2f5e87bad3c948f4d605d)
Start importing Assets/Images/JoyPad/dpad_downleft.png using Guid(1edcd8b7f63990f4e9ed16fb538fe9ce) Importer(2089858483,b0f066a214c2f5e87bad3c948f4d605d) (ScriptedImporter) -> (artifact id: '39271c1e2b477f67fc80adadf4eaaa42') in 0.0096556 seconds
Number of updated asset objects reloaded before import = 0Number of asset objects unloaded after import = 3

========================================================================
Received Import Request.
  Time since last request: 0.000023 seconds.
  path: Assets/Images/JoyPad/dpad_center.png
  artifactKey: Guid(ae4333a37f1ee9c42878fd73b91282aa) Importer(2089858483,b0f066a214c2f5e87bad3c948f4d605d)
Start importing Assets/Images/JoyPad/dpad_center.png using Guid(ae4333a37f1ee9c42878fd73b91282aa) Importer(2089858483,b0f066a214c2f5e87bad3c948f4d605d) (ScriptedImporter) -> (artifact id: '84e55cba998fe0637752a9f650b62afa') in 0.0116961 seconds
Number of updated asset objects reloaded before import = 0Number of asset objects unloaded after import = 3

========================================================================
Received Import Request.
  Time since last request: 0.000023 seconds.
  path: Assets/Images/MainMenu/bg_title_txt.png
  artifactKey: Guid(610dfbaef8b8142839542c885f55ab91) Importer(2089858483,b0f066a214c2f5e87bad3c948f4d605d)
Start importing Assets/Images/MainMenu/bg_title_txt.png using Guid(610dfbaef8b8142839542c885f55ab91) Importer(2089858483,b0f066a214c2f5e87bad3c948f4d605d) (ScriptedImporter) -> (artifact id: '88a18b7cd1400d86acc561996987195e') in 0.008303 seconds
Number of updated asset objects reloaded before import = 0Number of asset objects unloaded after import = 3

========================================================================
Received Import Request.
  Time since last request: 0.000018 seconds.
  path: Assets/Images/GameHUD/ui_hp_bar_flipped.png
  artifactKey: Guid(41956a8d121f45d448b3308c0a96b201) Importer(2089858483,b0f066a214c2f5e87bad3c948f4d605d)
Start importing Assets/Images/GameHUD/ui_hp_bar_flipped.png using Guid(41956a8d121f45d448b3308c0a96b201) Importer(2089858483,b0f066a214c2f5e87bad3c948f4d605d) (ScriptedImporter) -> (artifact id: '3fd02a6d970628a321c045ac81cec561') in 0.0105541 seconds
Number of updated asset objects reloaded before import = 0Number of asset objects unloaded after import = 3

========================================================================
Received Import Request.
  Time since last request: 0.000022 seconds.
  path: Assets/Images/GameHUD/ui_hp_green_fill.png
  artifactKey: Guid(93653eb89d61fae48b9e335e9edd8b64) Importer(2089858483,b0f066a214c2f5e87bad3c948f4d605d)
Start importing Assets/Images/GameHUD/ui_hp_green_fill.png using Guid(93653eb89d61fae48b9e335e9edd8b64) Importer(2089858483,b0f066a214c2f5e87bad3c948f4d605d) (ScriptedImporter) -> (artifact id: '6dc1a66d6532aece054ae2cf9b0db0ff') in 0.0088316 seconds
Number of updated asset objects reloaded before import = 0Number of asset objects unloaded after import = 3

========================================================================
Received Import Request.
  Time since last request: 0.000035 seconds.
  path: Assets/Images/JoyPad/button_a_selected.png
  artifactKey: Guid(7a6a39e14bbd44c43a589d24a0f1a254) Importer(2089858483,b0f066a214c2f5e87bad3c948f4d605d)
Start importing Assets/Images/JoyPad/button_a_selected.png using Guid(7a6a39e14bbd44c43a589d24a0f1a254) Importer(2089858483,b0f066a214c2f5e87bad3c948f4d605d) (ScriptedImporter) -> (artifact id: '6a8b876e92340aa98cc8cdf5d83a34ad') in 0.0104706 seconds
Number of updated asset objects reloaded before import = 0Number of asset objects unloaded after import = 3

========================================================================
Received Import Request.
  Time since last request: 0.000023 seconds.
  path: Assets/MobileDependencyResolver/Editor/README.md
  artifactKey: Guid(eda60a5e280441219d51748b60eaf0b7) Importer(2089858483,b0f066a214c2f5e87bad3c948f4d605d)
Start importing Assets/MobileDependencyResolver/Editor/README.md using Guid(eda60a5e280441219d51748b60eaf0b7) Importer(2089858483,b0f066a214c2f5e87bad3c948f4d605d) (ScriptedImporter) -> (artifact id: 'ad43df6c5e3801e36fd4e3f8c3e1d42e') in 0.0030933 seconds
Number of updated asset objects reloaded before import = 0Number of asset objects unloaded after import = 1

========================================================================
Received Import Request.
  Time since last request: 0.000023 seconds.
  path: Assets/Scripts/Robot.cs
  artifactKey: Guid(d0f9079d6a3b448f7bcb18e54c25d855) Importer(2089858483,b0f066a214c2f5e87bad3c948f4d605d)
Start importing Assets/Scripts/Robot.cs using Guid(d0f9079d6a3b448f7bcb18e54c25d855) Importer(2089858483,b0f066a214c2f5e87bad3c948f4d605d) (ScriptedImporter) -> (artifact id: '94fcd16788116c4c8a7b5baf34375687') in 0.0027523 seconds
Number of updated asset objects reloaded before import = 0Number of asset objects unloaded after import = 0

========================================================================
Received Import Request.
  Time since last request: 0.000090 seconds.
  path: Assets/Meshes/WallSprites.asset
  artifactKey: Guid(21ac2c0a0350a4a99b1ed155cea5c39a) Importer(2089858483,b0f066a214c2f5e87bad3c948f4d605d)
Start importing Assets/Meshes/WallSprites.asset using Guid(21ac2c0a0350a4a99b1ed155cea5c39a) Importer(2089858483,b0f066a214c2f5e87bad3c948f4d605d) (ScriptedImporter) -> (artifact id: '37145cff0cde8cd326cf501512686130') in 0.0078799 seconds
Number of updated asset objects reloaded before import = 0Number of asset objects unloaded after import = 1

========================================================================
Received Import Request.
  Time since last request: 0.000031 seconds.
  path: Assets/Animation/Hero/hero_hurt_anim.anim
  artifactKey: Guid(726e12af3574ade4ea6dd0c3381e3fa7) Importer(2089858483,b0f066a214c2f5e87bad3c948f4d605d)
Start importing Assets/Animation/Hero/hero_hurt_anim.anim using Guid(726e12af3574ade4ea6dd0c3381e3fa7) Importer(2089858483,b0f066a214c2f5e87bad3c948f4d605d) (ScriptedImporter) -> (artifact id: 'a59532e86325e02dcd17cad061e97993') in 0.0075381 seconds
Number of updated asset objects reloaded before import = 0Number of asset objects unloaded after import = 1

========================================================================
Received Import Request.
  Time since last request: 0.000023 seconds.
  path: Assets/Images/JoyPad/dpad_down.png
  artifactKey: Guid(76fab106e7e1e3a46a734ccc5c79e5ac) Importer(2089858483,b0f066a214c2f5e87bad3c948f4d605d)
Start importing Assets/Images/JoyPad/dpad_down.png using Guid(76fab106e7e1e3a46a734ccc5c79e5ac) Importer(2089858483,b0f066a214c2f5e87bad3c948f4d605d) (ScriptedImporter) -> (artifact id: 'fb9d3170af28412decc1d48831e3c446') in 0.0098204 seconds
Number of updated asset objects reloaded before import = 0Number of asset objects unloaded after import = 3

========================================================================
Received Import Request.
  Time since last request: 0.000020 seconds.
  path: Assets/Images/Sprites/Boss/boss_attack_01.png
  artifactKey: Guid(e16581340a439974a85ec3bf1bf01413) Importer(2089858483,b0f066a214c2f5e87bad3c948f4d605d)
Start importing Assets/Images/Sprites/Boss/boss_attack_01.png using Guid(e16581340a439974a85ec3bf1bf01413) Importer(2089858483,b0f066a214c2f5e87bad3c948f4d605d) (ScriptedImporter) -> (artifact id: 'aff6c28aab5f6d4fb10f09dcf7ad7e41') in 0.0106501 seconds
Number of updated asset objects reloaded before import = 0Number of asset objects unloaded after import = 3

========================================================================
Received Import Request.
  Time since last request: 0.000021 seconds.
  path: Assets/Images/Sprites/Boss/boss_idle_04.png
  artifactKey: Guid(3572b1d1b27dcd9498b58bd61bb736a0) Importer(2089858483,b0f066a214c2f5e87bad3c948f4d605d)
Start importing Assets/Images/Sprites/Boss/boss_idle_04.png using Guid(3572b1d1b27dcd9498b58bd61bb736a0) Importer(2089858483,b0f066a214c2f5e87bad3c948f4d605d) (ScriptedImporter) -> (artifact id: 'ccda5538aee3c9ad03a41574da71524f') in 0.0093423 seconds
Number of updated asset objects reloaded before import = 0Number of asset objects unloaded after import = 3

========================================================================
Received Import Request.
  Time since last request: 0.000018 seconds.
  path: Assets/Images/Sprites/Boss/boss_idle_03.png
  artifactKey: Guid(0d2948eddbc37d8458f26a0442e2564e) Importer(2089858483,b0f066a214c2f5e87bad3c948f4d605d)
Start importing Assets/Images/Sprites/Boss/boss_idle_03.png using Guid(0d2948eddbc37d8458f26a0442e2564e) Importer(2089858483,b0f066a214c2f5e87bad3c948f4d605d) (ScriptedImporter) -> (artifact id: '0d534da03a0d548659efbbe6d497d49f') in 0.0093768 seconds
Number of updated asset objects reloaded before import = 0Number of asset objects unloaded after import = 3

========================================================================
Received Import Request.
  Time since last request: 0.000022 seconds.
  path: Assets/Images/Sprites/Boss/boss_knockout_00.png
  artifactKey: Guid(993b4a8c3f05d104882b6e296c61a86d) Importer(2089858483,b0f066a214c2f5e87bad3c948f4d605d)
Start importing Assets/Images/Sprites/Boss/boss_knockout_00.png using Guid(993b4a8c3f05d104882b6e296c61a86d) Importer(2089858483,b0f066a214c2f5e87bad3c948f4d605d) (ScriptedImporter) -> (artifact id: '95a44197150c61720fb247905424af40') in 0.013062 seconds
Number of updated asset objects reloaded before import = 0Number of asset objects unloaded after import = 3

========================================================================
Received Import Request.
  Time since last request: 0.000023 seconds.
  path: Assets/Scripts/Editor/GridSnapperInspector.cs
  artifactKey: Guid(16325d4620d38d14c8254860ac640cb6) Importer(2089858483,b0f066a214c2f5e87bad3c948f4d605d)
Start importing Assets/Scripts/Editor/GridSnapperInspector.cs using Guid(16325d4620d38d14c8254860ac640cb6) Importer(2089858483,b0f066a214c2f5e87bad3c948f4d605d) (ScriptedImporter) -> (artifact id: '46d1749b331ffd7c0f395f4db7879a22') in 0.0029479 seconds
Number of updated asset objects reloaded before import = 0Number of asset objects unloaded after import = 0

========================================================================
Received Import Request.
  Time since last request: 0.000121 seconds.
  path: Assets/Images/Sprites/Boss/boss_walk_03.png
  artifactKey: Guid(6993bbb0cfbd81b48bc90f582bb621e0) Importer(2089858483,b0f066a214c2f5e87bad3c948f4d605d)
Start importing Assets/Images/Sprites/Boss/boss_walk_03.png using Guid(6993bbb0cfbd81b48bc90f582bb621e0) Importer(2089858483,b0f066a214c2f5e87bad3c948f4d605d) (ScriptedImporter) -> (artifact id: 'e481996ec91dd645db917c77397c5412') in 0.0104864 seconds
Number of updated asset objects reloaded before import = 0Number of asset objects unloaded after import = 3

========================================================================
Received Import Request.
  Time since last request: 0.000033 seconds.
  path: Assets/Images/Sprites/Boss/boss_attack_02.png
  artifactKey: Guid(8f8f86ee5827ae541b6d3c8a9a2defa5) Importer(2089858483,b0f066a214c2f5e87bad3c948f4d605d)
Start importing Assets/Images/Sprites/Boss/boss_attack_02.png using Guid(8f8f86ee5827ae541b6d3c8a9a2defa5) Importer(2089858483,b0f066a214c2f5e87bad3c948f4d605d) (ScriptedImporter) -> (artifact id: '5fd037f8cebe63b84db471dcbbd7cd05') in 0.0092725 seconds
Number of updated asset objects reloaded before import = 0Number of asset objects unloaded after import = 3

========================================================================
Received Import Request.
  Time since last request: 0.000022 seconds.
  path: Assets/Scenes/Game/NavMesh.asset
  artifactKey: Guid(0012745d45d4d488da81db2d16faed37) Importer(2089858483,b0f066a214c2f5e87bad3c948f4d605d)
Start importing Assets/Scenes/Game/NavMesh.asset using Guid(0012745d45d4d488da81db2d16faed37) Importer(2089858483,b0f066a214c2f5e87bad3c948f4d605d) (ScriptedImporter) -> (artifact id: '5bb0186439c924df85e11b6d78d0c2a6') in 0.0055915 seconds
Number of updated asset objects reloaded before import = 0Number of asset objects unloaded after import = 1

========================================================================
Received Import Request.
  Time since last request: 0.000033 seconds.
  path: Assets/Images/Sprites/Boss/boss_attack_03.png
  artifactKey: Guid(fc486ca04a54e1844bc4223467d0429e) Importer(2089858483,b0f066a214c2f5e87bad3c948f4d605d)
Start importing Assets/Images/Sprites/Boss/boss_attack_03.png using Guid(fc486ca04a54e1844bc4223467d0429e) Importer(2089858483,b0f066a214c2f5e87bad3c948f4d605d) (ScriptedImporter) -> (artifact id: '272db8c284065fd5803f5a9b5ae307bf') in 0.0102518 seconds
Number of updated asset objects reloaded before import = 0Number of asset objects unloaded after import = 3

========================================================================
Received Import Request.
  Time since last request: 0.000023 seconds.
  path: Assets/Scripts/Boss.cs
  artifactKey: Guid(29f96b0ec7ea14255851bbf58691bc91) Importer(2089858483,b0f066a214c2f5e87bad3c948f4d605d)
Start importing Assets/Scripts/Boss.cs using Guid(29f96b0ec7ea14255851bbf58691bc91) Importer(2089858483,b0f066a214c2f5e87bad3c948f4d605d) (ScriptedImporter) -> (artifact id: 'b5cb47d17693975f1c462336da89d8e7') in 0.0048093 seconds
Number of updated asset objects reloaded before import = 0Number of asset objects unloaded after import = 0

========================================================================
Received Import Request.
  Time since last request: 0.000025 seconds.
  path: Assets/Scripts/EnemyAI.cs
  artifactKey: Guid(7b10b7c5bbacc422a84bc58dcda22660) Importer(2089858483,b0f066a214c2f5e87bad3c948f4d605d)
Start importing Assets/Scripts/EnemyAI.cs using Guid(7b10b7c5bbacc422a84bc58dcda22660) Importer(2089858483,b0f066a214c2f5e87bad3c948f4d605d) (ScriptedImporter) -> (artifact id: 'f033ed3ce4267761ea44ac17a1b32494') in 0.0037991 seconds
Number of updated asset objects reloaded before import = 0Number of asset objects unloaded after import = 0

========================================================================
Received Import Request.
  Time since last request: 0.000049 seconds.
  path: Assets/Animation/Hero/hero_anim_controller.controller
  artifactKey: Guid(8ce2e693ca3eb46499634faead362844) Importer(2089858483,b0f066a214c2f5e87bad3c948f4d605d)
Start importing Assets/Animation/Hero/hero_anim_controller.controller using Guid(8ce2e693ca3eb46499634faead362844) Importer(2089858483,b0f066a214c2f5e87bad3c948f4d605d) (ScriptedImporter) -> (artifact id: 'e595e7a619cbe0320e57fc89a2aef81e') in 0.0109222 seconds
Number of updated asset objects reloaded before import = 0Number of asset objects unloaded after import = 66

========================================================================
Received Import Request.
  Time since last request: 0.000019 seconds.
  path: Assets/Animation/Robots/robot_anim_controller.controller
  artifactKey: Guid(da54bbeb96ffe4fec82e3f34d11b9757) Importer(2089858483,b0f066a214c2f5e87bad3c948f4d605d)
Start importing Assets/Animation/Robots/robot_anim_controller.controller using Guid(da54bbeb96ffe4fec82e3f34d11b9757) Importer(2089858483,b0f066a214c2f5e87bad3c948f4d605d) (ScriptedImporter) -> (artifact id: '10b6edc72d414ad492929423921cb4c6') in 0.0078561 seconds
Number of updated asset objects reloaded before import = 0Number of asset objects unloaded after import = 24

========================================================================
Received Import Request.
  Time since last request: 0.000024 seconds.
  path: Assets/Images/GameHUD/ui_hp_yellow_fill.png
  artifactKey: Guid(33a6dfe3f946ac94ca3a6500c7386197) Importer(2089858483,b0f066a214c2f5e87bad3c948f4d605d)
Start importing Assets/Images/GameHUD/ui_hp_yellow_fill.png using Guid(33a6dfe3f946ac94ca3a6500c7386197) Importer(2089858483,b0f066a214c2f5e87bad3c948f4d605d) (ScriptedImporter) -> (artifact id: 'ed2838daee43d9ca4958da794562feb2') in 0.0161671 seconds
Number of updated asset objects reloaded before import = 0Number of asset objects unloaded after import = 3

========================================================================
Received Import Request.
  Time since last request: 0.000018 seconds.
  path: Assets/Images/Sprites/Boss/boss_attack_00.png
  artifactKey: Guid(c647174f67261da4da1d8d0fbecff564) Importer(2089858483,b0f066a214c2f5e87bad3c948f4d605d)
Start importing Assets/Images/Sprites/Boss/boss_attack_00.png using Guid(c647174f67261da4da1d8d0fbecff564) Importer(2089858483,b0f066a214c2f5e87bad3c948f4d605d) (ScriptedImporter) -> (artifact id: '2afd4d7daab630f4e95c34995fe07a1a') in 0.0105531 seconds
Number of updated asset objects reloaded before import = 0Number of asset objects unloaded after import = 3

========================================================================
Received Import Request.
  Time since last request: 0.000025 seconds.
  path: Assets/Images/GameHUD/ui_hp_bar.png
  artifactKey: Guid(bbc1f9c50bfd9e74298ff25c4c8bad14) Importer(2089858483,b0f066a214c2f5e87bad3c948f4d605d)
Start importing Assets/Images/GameHUD/ui_hp_bar.png using Guid(bbc1f9c50bfd9e74298ff25c4c8bad14) Importer(2089858483,b0f066a214c2f5e87bad3c948f4d605d) (ScriptedImporter) -> (artifact id: 'b41775d0ce4e4d48ca1b253bb9cdbc56') in 0.0125882 seconds
Number of updated asset objects reloaded before import = 0Number of asset objects unloaded after import = 3

========================================================================
Received Import Request.
  Time since last request: 0.000023 seconds.
  path: Assets/Animation/Robots/robot_attack_anim.anim
  artifactKey: Guid(2e88f16d8b43ca74e842b15e213d3188) Importer(2089858483,b0f066a214c2f5e87bad3c948f4d605d)
Start importing Assets/Animation/Robots/robot_attack_anim.anim using Guid(2e88f16d8b43ca74e842b15e213d3188) Importer(2089858483,b0f066a214c2f5e87bad3c948f4d605d) (ScriptedImporter) -> (artifact id: '529e8cddc34521fafe54435d4ad2c508') in 0.0076045 seconds
Number of updated asset objects reloaded before import = 0Number of asset objects unloaded after import = 1

========================================================================
Received Import Request.
  Time since last request: 0.000019 seconds.
  path: Assets/Images/Sprites/Boss/boss_idle_02.png
  artifactKey: Guid(9f7836d0c6b72c74982c7989e2ab08f5) Importer(2089858483,b0f066a214c2f5e87bad3c948f4d605d)
Start importing Assets/Images/Sprites/Boss/boss_idle_02.png using Guid(9f7836d0c6b72c74982c7989e2ab08f5) Importer(2089858483,b0f066a214c2f5e87bad3c948f4d605d) (ScriptedImporter) -> (artifact id: '40b59b8f12502d5ce9c7fdf228eecbf2') in 0.0087149 seconds
Number of updated asset objects reloaded before import = 0Number of asset objects unloaded after import = 3

========================================================================
Received Import Request.
  Time since last request: 0.000019 seconds.
  path: Assets/LevelData/Level1Data.asset
  artifactKey: Guid(6da7d4ccf80e0b143ba78e4d6e02e8a8) Importer(2089858483,b0f066a214c2f5e87bad3c948f4d605d)
Start importing Assets/LevelData/Level1Data.asset using Guid(6da7d4ccf80e0b143ba78e4d6e02e8a8) Importer(2089858483,b0f066a214c2f5e87bad3c948f4d605d) (ScriptedImporter) -> (artifact id: 'e06235c34076746e8f24c47532502dcf') in 0.0272954 seconds
Number of updated asset objects reloaded before import = 0Number of asset objects unloaded after import = 125

========================================================================
Received Import Request.
  Time since last request: 0.000021 seconds.
  path: Assets/Scenes/Game.unity
  artifactKey: Guid(aa2fa0780b8334ee3ae90db3c9b55a97) Importer(2089858483,b0f066a214c2f5e87bad3c948f4d605d)
Start importing Assets/Scenes/Game.unity using Guid(aa2fa0780b8334ee3ae90db3c9b55a97) Importer(2089858483,b0f066a214c2f5e87bad3c948f4d605d) (ScriptedImporter) -> (artifact id: '7e7b554f25b8535c4e47d769ece8bc7b') in 0.0062947 seconds
Number of updated asset objects reloaded before import = 0Number of asset objects unloaded after import = 1

========================================================================
Received Import Request.
  Time since last request: 0.000071 seconds.
  path: Assets/Animation/Boss/boss_attack_anim.anim
  artifactKey: Guid(e14bf7be343c1ed43994e5ec523b9a09) Importer(2089858483,b0f066a214c2f5e87bad3c948f4d605d)
Start importing Assets/Animation/Boss/boss_attack_anim.anim using Guid(e14bf7be343c1ed43994e5ec523b9a09) Importer(2089858483,b0f066a214c2f5e87bad3c948f4d605d) (ScriptedImporter) -> (artifact id: '74cf3d35dee603a8b0c34135936e3537') in 0.0043842 seconds
Number of updated asset objects reloaded before import = 0Number of asset objects unloaded after import = 1

========================================================================
Received Import Request.
  Time since last request: 0.000041 seconds.
  path: Assets/Images/JoyPad/dpad_right.png
  artifactKey: Guid(06f681b4c46a1e74c9065aad47b0cf60) Importer(2089858483,b0f066a214c2f5e87bad3c948f4d605d)
Start importing Assets/Images/JoyPad/dpad_right.png using Guid(06f681b4c46a1e74c9065aad47b0cf60) Importer(2089858483,b0f066a214c2f5e87bad3c948f4d605d) (ScriptedImporter) -> (artifact id: '30cb1ee22e10683b336436956693a666') in 0.0133784 seconds
Number of updated asset objects reloaded before import = 0Number of asset objects unloaded after import = 3

========================================================================
Received Import Request.
  Time since last request: 0.000024 seconds.
  path: Assets/Scripts/Enemy.cs
  artifactKey: Guid(5511d0868cab94859b33b4a7caff720b) Importer(2089858483,b0f066a214c2f5e87bad3c948f4d605d)
Start importing Assets/Scripts/Enemy.cs using Guid(5511d0868cab94859b33b4a7caff720b) Importer(2089858483,b0f066a214c2f5e87bad3c948f4d605d) (ScriptedImporter) -> (artifact id: '2707a24c20064c381f9e482751ea7d1e') in 0.0027083 seconds
Number of updated asset objects reloaded before import = 0Number of asset objects unloaded after import = 0

========================================================================
Received Import Request.
  Time since last request: 0.000037 seconds.
  path: Assets/Animation/UI/banner_idle_anim.anim
  artifactKey: Guid(ec9e4cee69d0fa14a9e4b7c2d5007af9) Importer(2089858483,b0f066a214c2f5e87bad3c948f4d605d)
Start importing Assets/Animation/UI/banner_idle_anim.anim using Guid(ec9e4cee69d0fa14a9e4b7c2d5007af9) Importer(2089858483,b0f066a214c2f5e87bad3c948f4d605d) (ScriptedImporter) -> (artifact id: 'e3785f944fa141da1ee4d97024d4720c') in 0.005238 seconds
Number of updated asset objects reloaded before import = 0Number of asset objects unloaded after import = 1

========================================================================
Received Import Request.
  Time since last request: 0.000023 seconds.
  path: Assets/Scripts/Container.cs
  artifactKey: Guid(db77c44027a9046df871aa4fcc666c6c) Importer(2089858483,b0f066a214c2f5e87bad3c948f4d605d)
Start importing Assets/Scripts/Container.cs using Guid(db77c44027a9046df871aa4fcc666c6c) Importer(2089858483,b0f066a214c2f5e87bad3c948f4d605d) (ScriptedImporter) -> (artifact id: '9c2c9e2323cbb3e094fc350256d79d55') in 0.0026759 seconds
Number of updated asset objects reloaded before import = 0Number of asset objects unloaded after import = 0

========================================================================
Received Import Request.
  Time since last request: 0.000067 seconds.
  path: Assets/Scripts/DestroyTimer.cs
  artifactKey: Guid(898639f421607304fb7f26dbef0ab9aa) Importer(2089858483,b0f066a214c2f5e87bad3c948f4d605d)
Start importing Assets/Scripts/DestroyTimer.cs using Guid(898639f421607304fb7f26dbef0ab9aa) Importer(2089858483,b0f066a214c2f5e87bad3c948f4d605d) (ScriptedImporter) -> (artifact id: '0d5db199b5060d2bda7aae7605ebccd2') in 0.0030903 seconds
Number of updated asset objects reloaded before import = 0Number of asset objects unloaded after import = 0

========================================================================
Received Import Request.
  Time since last request: 0.000076 seconds.
  path: Assets/Animation/UI/gameover_hide_anim.anim
  artifactKey: Guid(0d11748f847f3e5479d73e4557548317) Importer(2089858483,b0f066a214c2f5e87bad3c948f4d605d)
Start importing Assets/Animation/UI/gameover_hide_anim.anim using Guid(0d11748f847f3e5479d73e4557548317) Importer(2089858483,b0f066a214c2f5e87bad3c948f4d605d) (ScriptedImporter) -> (artifact id: 'd521deab8407292c70c144009b35d45c') in 0.0044986 seconds
Number of updated asset objects reloaded before import = 0Number of asset objects unloaded after import = 1

========================================================================
Received Import Request.
  Time since last request: 0.000031 seconds.
  path: Assets/Images/JoyPad/dpad_downright.png
  artifactKey: Guid(7779acfcff91a32428f6536ea47e6b5e) Importer(2089858483,b0f066a214c2f5e87bad3c948f4d605d)
Start importing Assets/Images/JoyPad/dpad_downright.png using Guid(7779acfcff91a32428f6536ea47e6b5e) Importer(2089858483,b0f066a214c2f5e87bad3c948f4d605d) (ScriptedImporter) -> (artifact id: 'd9c2a6b5814c96ae46c64d67d4fcc87f') in 0.0085732 seconds
Number of updated asset objects reloaded before import = 0Number of asset objects unloaded after import = 3

========================================================================
Received Import Request.
  Time since last request: 0.000023 seconds.
  path: Assets/Prefabs/Map/FloorSprites.prefab
  artifactKey: Guid(a37b7ace4fd1a42ce940228af15a84df) Importer(2089858483,b0f066a214c2f5e87bad3c948f4d605d)
Start importing Assets/Prefabs/Map/FloorSprites.prefab using Guid(a37b7ace4fd1a42ce940228af15a84df) Importer(2089858483,b0f066a214c2f5e87bad3c948f4d605d) (ScriptedImporter) -> (artifact id: '5797663bf2b4268f6c0b5717993e0526') in 0.0310373 seconds
Number of updated asset objects reloaded before import = 0Number of asset objects unloaded after import = 1038

========================================================================
Received Import Request.
  Time since last request: 0.000048 seconds.
  path: Assets/Images/Sprites/Boss/boss_walk_00.png
  artifactKey: Guid(eaf7090b8dfbd654ba9c0563c67decb1) Importer(2089858483,b0f066a214c2f5e87bad3c948f4d605d)
Start importing Assets/Images/Sprites/Boss/boss_walk_00.png using Guid(eaf7090b8dfbd654ba9c0563c67decb1) Importer(2089858483,b0f066a214c2f5e87bad3c948f4d605d) (ScriptedImporter) -> (artifact id: 'c159f9185ff1da9125723367a13bc89e') in 0.0094353 seconds
Number of updated asset objects reloaded before import = 0Number of asset objects unloaded after import = 3

========================================================================
Received Import Request.
  Time since last request: 0.000024 seconds.
  path: Assets/Images/JoyPad/button_a_normal.png
  artifactKey: Guid(ef4600cbc889a1042839f38dbd76e54b) Importer(2089858483,b0f066a214c2f5e87bad3c948f4d605d)
Start importing Assets/Images/JoyPad/button_a_normal.png using Guid(ef4600cbc889a1042839f38dbd76e54b) Importer(2089858483,b0f066a214c2f5e87bad3c948f4d605d) (ScriptedImporter) -> (artifact id: '46ad774ebb0801ae53ea99afe2366065') in 0.0093111 seconds
Number of updated asset objects reloaded before import = 0Number of asset objects unloaded after import = 3

========================================================================
Received Import Request.
  Time since last request: 0.000022 seconds.
  path: Assets/Images/Sprites/Boss/boss_attack_04.png
  artifactKey: Guid(e3c3a9a472437cd42ac7e7ad8d924219) Importer(2089858483,b0f066a214c2f5e87bad3c948f4d605d)
Start importing Assets/Images/Sprites/Boss/boss_attack_04.png using Guid(e3c3a9a472437cd42ac7e7ad8d924219) Importer(2089858483,b0f066a214c2f5e87bad3c948f4d605d) (ScriptedImporter) -> (artifact id: '6ecef0606a99daa653f6b25695ebe057') in 0.0127768 seconds
Number of updated asset objects reloaded before import = 0Number of asset objects unloaded after import = 3

========================================================================
Received Import Request.
  Time since last request: 0.000020 seconds.
  path: Assets/Resources/BillingMode.json
  artifactKey: Guid(0e67e10fdfc979040a9461f1ff97f3df) Importer(2089858483,b0f066a214c2f5e87bad3c948f4d605d)
Start importing Assets/Resources/BillingMode.json using Guid(0e67e10fdfc979040a9461f1ff97f3df) Importer(2089858483,b0f066a214c2f5e87bad3c948f4d605d) (ScriptedImporter) -> (artifact id: '3da0bc8cc49bfdcf42e71cfc64dc9981') in 0.0029334 seconds
Number of updated asset objects reloaded before import = 0Number of asset objects unloaded after import = 1

========================================================================
Received Import Request.
  Time since last request: 0.000045 seconds.
  path: Assets/Images/JoyPad/dpad_upleft.png
  artifactKey: Guid(2f25b914b33ca5746b643c3d09925e0c) Importer(2089858483,b0f066a214c2f5e87bad3c948f4d605d)
Start importing Assets/Images/JoyPad/dpad_upleft.png using Guid(2f25b914b33ca5746b643c3d09925e0c) Importer(2089858483,b0f066a214c2f5e87bad3c948f4d605d) (ScriptedImporter) -> (artifact id: 'c9a5698b8e2131133479841231aa1021') in 0.0094821 seconds
Number of updated asset objects reloaded before import = 0Number of asset objects unloaded after import = 3

========================================================================
Received Import Request.
  Time since last request: 0.000033 seconds.
  path: Assets/Animation/Boss/boss_walk_anim.anim
  artifactKey: Guid(0e72b5fa42e2e2f44af84aaceb0aa7ea) Importer(2089858483,b0f066a214c2f5e87bad3c948f4d605d)
Start importing Assets/Animation/Boss/boss_walk_anim.anim using Guid(0e72b5fa42e2e2f44af84aaceb0aa7ea) Importer(2089858483,b0f066a214c2f5e87bad3c948f4d605d) (ScriptedImporter) -> (artifact id: '7c820e9252128db4600dd6d54d3e389b') in 0.0049502 seconds
Number of updated asset objects reloaded before import = 0Number of asset objects unloaded after import = 1

========================================================================
Received Import Request.
  Time since last request: 0.000119 seconds.
  path: Assets/Scripts/ActorCollider.cs
  artifactKey: Guid(97a12410fffd84dac932649597ed9b2c) Importer(2089858483,b0f066a214c2f5e87bad3c948f4d605d)
Start importing Assets/Scripts/ActorCollider.cs using Guid(97a12410fffd84dac932649597ed9b2c) Importer(2089858483,b0f066a214c2f5e87bad3c948f4d605d) (ScriptedImporter) -> (artifact id: '8f2e75496bfd8e604d404d55f2775a9e') in 0.0027401 seconds
Number of updated asset objects reloaded before import = 0Number of asset objects unloaded after import = 0

========================================================================
Received Import Request.
  Time since last request: 0.000124 seconds.
  path: Assets/Scripts/ActorCallback.cs
  artifactKey: Guid(3ae5283e82c614934810e86059f42b22) Importer(2089858483,b0f066a214c2f5e87bad3c948f4d605d)
Start importing Assets/Scripts/ActorCallback.cs using Guid(3ae5283e82c614934810e86059f42b22) Importer(2089858483,b0f066a214c2f5e87bad3c948f4d605d) (ScriptedImporter) -> (artifact id: '2633478f765dffba735059407f1bd99f') in 0.0028834 seconds
Number of updated asset objects reloaded before import = 0Number of asset objects unloaded after import = 0

========================================================================
Received Import Request.
  Time since last request: 0.000073 seconds.
  path: Assets/Images/Sprites/Boss/boss_walk_01.png
  artifactKey: Guid(0c44f49ae66f6a84e8684ca1cbd2ee08) Importer(2089858483,b0f066a214c2f5e87bad3c948f4d605d)
Start importing Assets/Images/Sprites/Boss/boss_walk_01.png using Guid(0c44f49ae66f6a84e8684ca1cbd2ee08) Importer(2089858483,b0f066a214c2f5e87bad3c948f4d605d) (ScriptedImporter) -> (artifact id: '0b343af6921be457ad22c9c10cad7a99') in 0.0098779 seconds
Number of updated asset objects reloaded before import = 0Number of asset objects unloaded after import = 3

========================================================================
Received Import Request.
  Time since last request: 0.000023 seconds.
  path: Assets/Images/Sprites/Boss/boss_idle_00.png
  artifactKey: Guid(ef8cea6ee4d76cf4cb206c838cb4be4f) Importer(2089858483,b0f066a214c2f5e87bad3c948f4d605d)
Start importing Assets/Images/Sprites/Boss/boss_idle_00.png using Guid(ef8cea6ee4d76cf4cb206c838cb4be4f) Importer(2089858483,b0f066a214c2f5e87bad3c948f4d605d) (ScriptedImporter) -> (artifact id: '197d1da08d6b1e3c3c5c12011e85453b') in 0.0106522 seconds
Number of updated asset objects reloaded before import = 0Number of asset objects unloaded after import = 3

========================================================================
Received Import Request.
  Time since last request: 0.000025 seconds.
  path: Assets/Scripts/AudioManager.cs
  artifactKey: Guid(eef1c75aa40f04c118166895f0f5a1bb) Importer(2089858483,b0f066a214c2f5e87bad3c948f4d605d)
Start importing Assets/Scripts/AudioManager.cs using Guid(eef1c75aa40f04c118166895f0f5a1bb) Importer(2089858483,b0f066a214c2f5e87bad3c948f4d605d) (ScriptedImporter) -> (artifact id: '38e6bc3254a57066c13674c27379a589') in 0.0030636 seconds
Number of updated asset objects reloaded before import = 0Number of asset objects unloaded after import = 0

========================================================================
Received Import Request.
  Time since last request: 0.000064 seconds.
  path: Assets/Prefabs/EnemyLifeBar.prefab
  artifactKey: Guid(7775996b03bc94ab08f6c501ba8484b5) Importer(2089858483,b0f066a214c2f5e87bad3c948f4d605d)
Start importing Assets/Prefabs/EnemyLifeBar.prefab using Guid(7775996b03bc94ab08f6c501ba8484b5) Importer(2089858483,b0f066a214c2f5e87bad3c948f4d605d) (ScriptedImporter) -> (artifact id: '974145f3f3c132840b1452c4a2cf0b25') in 0.0170567 seconds
Number of updated asset objects reloaded before import = 0Number of asset objects unloaded after import = 27

========================================================================
Received Import Request.
  Time since last request: 0.000018 seconds.
  path: Assets/Animation/UI/gamover_anim_controller.controller
  artifactKey: Guid(8927b6f9818ef6c41bac93c295ffa123) Importer(2089858483,b0f066a214c2f5e87bad3c948f4d605d)
Start importing Assets/Animation/UI/gamover_anim_controller.controller using Guid(8927b6f9818ef6c41bac93c295ffa123) Importer(2089858483,b0f066a214c2f5e87bad3c948f4d605d) (ScriptedImporter) -> (artifact id: '0d009209f39a8bc9f19f53afb8626a6c') in 0.0044565 seconds
Number of updated asset objects reloaded before import = 0Number of asset objects unloaded after import = 11

========================================================================
Received Import Request.
  Time since last request: 0.000019 seconds.
  path: Assets/Images/JoyPad/button_b_normal.png
  artifactKey: Guid(26f2c24d385bf9e468ea64cd55d4dcb3) Importer(2089858483,b0f066a214c2f5e87bad3c948f4d605d)
Start importing Assets/Images/JoyPad/button_b_normal.png using Guid(26f2c24d385bf9e468ea64cd55d4dcb3) Importer(2089858483,b0f066a214c2f5e87bad3c948f4d605d) (ScriptedImporter) -> (artifact id: 'f6784945f6de91510de28f503b1b63c5') in 0.0180987 seconds
Number of updated asset objects reloaded before import = 0Number of asset objects unloaded after import = 3

========================================================================
Received Import Request.
  Time since last request: 0.000020 seconds.
  path: Assets/Scenes/MainMenu.unity
  artifactKey: Guid(bfb6de3d359fd46bc901ed4de0ea7dec) Importer(2089858483,b0f066a214c2f5e87bad3c948f4d605d)
Start importing Assets/Scenes/MainMenu.unity using Guid(bfb6de3d359fd46bc901ed4de0ea7dec) Importer(2089858483,b0f066a214c2f5e87bad3c948f4d605d) (ScriptedImporter) -> (artifact id: 'e972a9f26b224db0465483386f17dcc8') in 0.0033226 seconds
Number of updated asset objects reloaded before import = 0Number of asset objects unloaded after import = 1

========================================================================
Received Import Request.
  Time since last request: 0.000082 seconds.
  path: Assets/Animation/Robots/robot_getup_anim.anim
  artifactKey: Guid(790f1d96c2f56f54f94aa0f5c43bf5e4) Importer(2089858483,b0f066a214c2f5e87bad3c948f4d605d)
Start importing Assets/Animation/Robots/robot_getup_anim.anim using Guid(790f1d96c2f56f54f94aa0f5c43bf5e4) Importer(2089858483,b0f066a214c2f5e87bad3c948f4d605d) (ScriptedImporter) -> (artifact id: '90317e998f87375068abd88b4a4cf0ad') in 0.0067875 seconds
Number of updated asset objects reloaded before import = 0Number of asset objects unloaded after import = 1

========================================================================
Received Import Request.
  Time since last request: 0.000056 seconds.
  path: Assets/Images/JoyPad/dpad_left.png
  artifactKey: Guid(2f8f71695c924474387df58930dfab11) Importer(2089858483,b0f066a214c2f5e87bad3c948f4d605d)
Start importing Assets/Images/JoyPad/dpad_left.png using Guid(2f8f71695c924474387df58930dfab11) Importer(2089858483,b0f066a214c2f5e87bad3c948f4d605d) (ScriptedImporter) -> (artifact id: 'bf03d943d87823a79d5550efaec4977c') in 0.0102523 seconds
Number of updated asset objects reloaded before import = 0Number of asset objects unloaded after import = 3

========================================================================
Received Import Request.
  Time since last request: 0.000021 seconds.
  path: Assets/Animation/Robots/robot_knockout_anim.anim
  artifactKey: Guid(57759a585d4ddd3498a1504928875eaf) Importer(2089858483,b0f066a214c2f5e87bad3c948f4d605d)
Start importing Assets/Animation/Robots/robot_knockout_anim.anim using Guid(57759a585d4ddd3498a1504928875eaf) Importer(2089858483,b0f066a214c2f5e87bad3c948f4d605d) (ScriptedImporter) -> (artifact id: '2e6d181420a1d616f7f39b0739fbe00f') in 0.0050711 seconds
Number of updated asset objects reloaded before import = 0Number of asset objects unloaded after import = 1

========================================================================
Received Import Request.
  Time since last request: 0.000046 seconds.
  path: Assets/Animation/UI/banner_show_anim.anim
  artifactKey: Guid(56514617801c3784b89545337403a38c) Importer(2089858483,b0f066a214c2f5e87bad3c948f4d605d)
Start importing Assets/Animation/UI/banner_show_anim.anim using Guid(56514617801c3784b89545337403a38c) Importer(2089858483,b0f066a214c2f5e87bad3c948f4d605d) (ScriptedImporter) -> (artifact id: '4348ec4efa236893c10cff8055030339') in 0.005096 seconds
Number of updated asset objects reloaded before import = 0Number of asset objects unloaded after import = 1

========================================================================
Received Import Request.
  Time since last request: 0.000058 seconds.
  path: Assets/Meshes/FloorSprites.asset
  artifactKey: Guid(4df56af0d47404e00954721a52b59c1a) Importer(2089858483,b0f066a214c2f5e87bad3c948f4d605d)
Start importing Assets/Meshes/FloorSprites.asset using Guid(4df56af0d47404e00954721a52b59c1a) Importer(2089858483,b0f066a214c2f5e87bad3c948f4d605d) (ScriptedImporter) -> (artifact id: '28f078c315009b9f5d6f49bb7f7e1818') in 0.005624 seconds
Number of updated asset objects reloaded before import = 0Number of asset objects unloaded after import = 1

========================================================================
Received Import Request.
  Time since last request: 0.000041 seconds.
  path: Assets/Animation/Hero/hero_jump_attack.anim
  artifactKey: Guid(aa82638d9f9fcc1418a3832550cc08e0) Importer(2089858483,b0f066a214c2f5e87bad3c948f4d605d)
Start importing Assets/Animation/Hero/hero_jump_attack.anim using Guid(aa82638d9f9fcc1418a3832550cc08e0) Importer(2089858483,b0f066a214c2f5e87bad3c948f4d605d) (ScriptedImporter) -> (artifact id: 'ae3b318a20384e5bc0f91f7db441d64e') in 0.0050055 seconds
Number of updated asset objects reloaded before import = 0Number of asset objects unloaded after import = 1

========================================================================
Received Import Request.
  Time since last request: 0.000037 seconds.
  path: Assets/Images/Sprites/Boss/boss_walk_02.png
  artifactKey: Guid(61c585b274aa1f4488828d806aca6ffd) Importer(2089858483,b0f066a214c2f5e87bad3c948f4d605d)
Start importing Assets/Images/Sprites/Boss/boss_walk_02.png using Guid(61c585b274aa1f4488828d806aca6ffd) Importer(2089858483,b0f066a214c2f5e87bad3c948f4d605d) (ScriptedImporter) -> (artifact id: '5a1c560e3a189049a8ced9e528de76d3') in 0.0093235 seconds
Number of updated asset objects reloaded before import = 0Number of asset objects unloaded after import = 3

========================================================================
Received Import Request.
  Time since last request: 0.000019 seconds.
  path: Assets/Images/Background/tiles_image.png
  artifactKey: Guid(dca7503bf278a4fc28844df1fc4489d2) Importer(2089858483,b0f066a214c2f5e87bad3c948f4d605d)
Start importing Assets/Images/Background/tiles_image.png using Guid(dca7503bf278a4fc28844df1fc4489d2) Importer(2089858483,b0f066a214c2f5e87bad3c948f4d605d) (ScriptedImporter) -> (artifact id: 'dc2f088ef00f7afb4246ba193fb22dbb') in 0.3753517 seconds
Number of updated asset objects reloaded before import = 0Number of asset objects unloaded after import = 283

========================================================================
Received Import Request.
  Time since last request: 0.000030 seconds.
  path: Assets/MobileDependencyResolver/Editor/Google.VersionHandler.pdb
  artifactKey: Guid(1c9aac8d9a8a4327ab36da49fd34139a) Importer(2089858483,b0f066a214c2f5e87bad3c948f4d605d)
Start importing Assets/MobileDependencyResolver/Editor/Google.VersionHandler.pdb using Guid(1c9aac8d9a8a4327ab36da49fd34139a) Importer(2089858483,b0f066a214c2f5e87bad3c948f4d605d) (ScriptedImporter) -> (artifact id: 'fde6748eabc9046e53ea40e7fd62a327') in 0.0037425 seconds
Number of updated asset objects reloaded before import = 0Number of asset objects unloaded after import = 1

========================================================================
Received Import Request.
  Time since last request: 0.000070 seconds.
  path: Assets/Scripts/InputHandler.cs
  artifactKey: Guid(7c0891aa57a7e4374b1d24a3b196be4b) Importer(2089858483,b0f066a214c2f5e87bad3c948f4d605d)
Start importing Assets/Scripts/InputHandler.cs using Guid(7c0891aa57a7e4374b1d24a3b196be4b) Importer(2089858483,b0f066a214c2f5e87bad3c948f4d605d) (ScriptedImporter) -> (artifact id: '436e3b6b96054fd82b6f7352ef730af9') in 0.0031842 seconds
Number of updated asset objects reloaded before import = 0Number of asset objects unloaded after import = 0

========================================================================
Received Import Request.
  Time since last request: 0.000146 seconds.
  path: Assets/Images/Sprites/Hero/hero_run_06.png
  artifactKey: Guid(2fcbd351c1e1971468d23101c72ba0b9) Importer(2089858483,b0f066a214c2f5e87bad3c948f4d605d)
Start importing Assets/Images/Sprites/Hero/hero_run_06.png using Guid(2fcbd351c1e1971468d23101c72ba0b9) Importer(2089858483,b0f066a214c2f5e87bad3c948f4d605d) (ScriptedImporter) -> (artifact id: '5281b4d4c1a7d8a254b53357de84a008') in 0.0119305 seconds
Number of updated asset objects reloaded before import = 0Number of asset objects unloaded after import = 3

========================================================================
Received Import Request.
  Time since last request: 0.000033 seconds.
  path: Assets/Images/Sprites/Hero/hero_attack_00_02.png
  artifactKey: Guid(2d02b54c331343242b173c3007fc48ab) Importer(2089858483,b0f066a214c2f5e87bad3c948f4d605d)
Start importing Assets/Images/Sprites/Hero/hero_attack_00_02.png using Guid(2d02b54c331343242b173c3007fc48ab) Importer(2089858483,b0f066a214c2f5e87bad3c948f4d605d) (ScriptedImporter) -> (artifact id: '76942edabb507dab443f005685fd5b9a') in 0.0110277 seconds
Number of updated asset objects reloaded before import = 0Number of asset objects unloaded after import = 3

========================================================================
Received Import Request.
  Time since last request: 0.000019 seconds.
  path: Assets/Images/Sprites/Boss/boss_idle_01.png
  artifactKey: Guid(cabf6f1248957fe49b809597c61ded84) Importer(2089858483,b0f066a214c2f5e87bad3c948f4d605d)
Start importing Assets/Images/Sprites/Boss/boss_idle_01.png using Guid(cabf6f1248957fe49b809597c61ded84) Importer(2089858483,b0f066a214c2f5e87bad3c948f4d605d) (ScriptedImporter) -> (artifact id: 'c263e38d7ceecb90d08dbdacb605fc7e') in 0.0111714 seconds
Number of updated asset objects reloaded before import = 0Number of asset objects unloaded after import = 3

========================================================================
Received Import Request.
  Time since last request: 0.000019 seconds.
  path: Assets/Images/Sprites/Hero/hero_runattack_00.png
  artifactKey: Guid(bcee1706966dc6f4f83c8e5710df2413) Importer(2089858483,b0f066a214c2f5e87bad3c948f4d605d)
Start importing Assets/Images/Sprites/Hero/hero_runattack_00.png using Guid(bcee1706966dc6f4f83c8e5710df2413) Importer(2089858483,b0f066a214c2f5e87bad3c948f4d605d) (ScriptedImporter) -> (artifact id: '6887f9a132dc377f6a7ec05af767e034') in 0.0182708 seconds
Number of updated asset objects reloaded before import = 0Number of asset objects unloaded after import = 3

========================================================================
Received Import Request.
  Time since last request: 0.000043 seconds.
  path: Assets/Images/Sprites/Hero/hero_jump_04.png
  artifactKey: Guid(10591daeccea85b4198e22d4bad1548a) Importer(2089858483,b0f066a214c2f5e87bad3c948f4d605d)
Start importing Assets/Images/Sprites/Hero/hero_jump_04.png using Guid(10591daeccea85b4198e22d4bad1548a) Importer(2089858483,b0f066a214c2f5e87bad3c948f4d605d) (ScriptedImporter) -> (artifact id: '225e39be68b5cf7ff77d27a6d6774757') in 0.0107159 seconds
Number of updated asset objects reloaded before import = 0Number of asset objects unloaded after import = 3

========================================================================
Received Import Request.
  Time since last request: 0.000022 seconds.
  path: Assets/Scripts/GameManager.cs
  artifactKey: Guid(43232e67feac349b0b759e06411ede50) Importer(2089858483,b0f066a214c2f5e87bad3c948f4d605d)
Start importing Assets/Scripts/GameManager.cs using Guid(43232e67feac349b0b759e06411ede50) Importer(2089858483,b0f066a214c2f5e87bad3c948f4d605d) (ScriptedImporter) -> (artifact id: 'c6c0f37bb365836c5c23dce5a0173e98') in 0.0028335 seconds
Number of updated asset objects reloaded before import = 0Number of asset objects unloaded after import = 0

========================================================================
Received Import Request.
  Time since last request: 0.000078 seconds.
  path: Assets/Animation/Boss/boss_idle_anim.anim
  artifactKey: Guid(2ea9783ef15e158489aa76458b11401b) Importer(2089858483,b0f066a214c2f5e87bad3c948f4d605d)
Start importing Assets/Animation/Boss/boss_idle_anim.anim using Guid(2ea9783ef15e158489aa76458b11401b) Importer(2089858483,b0f066a214c2f5e87bad3c948f4d605d) (ScriptedImporter) -> (artifact id: '3a4681a60a78803bfa2a7fefc1fec9e4') in 0.0058094 seconds
Number of updated asset objects reloaded before import = 0Number of asset objects unloaded after import = 1

========================================================================
Received Import Request.
  Time since last request: 0.000045 seconds.
  path: Assets/Images/Sprites/Hero/hero_hurt_02.png
  artifactKey: Guid(ef5c8fad7f84d854e80e5d6de78c2757) Importer(2089858483,b0f066a214c2f5e87bad3c948f4d605d)
Start importing Assets/Images/Sprites/Hero/hero_hurt_02.png using Guid(ef5c8fad7f84d854e80e5d6de78c2757) Importer(2089858483,b0f066a214c2f5e87bad3c948f4d605d) (ScriptedImporter) -> (artifact id: '005119d160ffdf6dfa435f876d385dbe') in 0.0143709 seconds
Number of updated asset objects reloaded before import = 0Number of asset objects unloaded after import = 3

========================================================================
Received Import Request.
  Time since last request: 0.000031 seconds.
  path: Assets/Images/Sprites/Hero/hero_run_03.png
  artifactKey: Guid(4faee43ff3ea7d94bbaa0fd07230cab4) Importer(2089858483,b0f066a214c2f5e87bad3c948f4d605d)
Start importing Assets/Images/Sprites/Hero/hero_run_03.png using Guid(4faee43ff3ea7d94bbaa0fd07230cab4) Importer(2089858483,b0f066a214c2f5e87bad3c948f4d605d) (ScriptedImporter) -> (artifact id: 'af6d34ffff2ed72400ed18528d9b24c6') in 0.0095822 seconds
Number of updated asset objects reloaded before import = 0Number of asset objects unloaded after import = 3

========================================================================
Received Import Request.
  Time since last request: 0.000019 seconds.
  path: Assets/Images/Sprites/Hero/hero_run_05.png
  artifactKey: Guid(f27fbdf6eb94b3f49b4cd782399684cf) Importer(2089858483,b0f066a214c2f5e87bad3c948f4d605d)
Start importing Assets/Images/Sprites/Hero/hero_run_05.png using Guid(f27fbdf6eb94b3f49b4cd782399684cf) Importer(2089858483,b0f066a214c2f5e87bad3c948f4d605d) (ScriptedImporter) -> (artifact id: '7b1b2d65536f376d021e55ae5818b2d9') in 0.0105419 seconds
Number of updated asset objects reloaded before import = 0Number of asset objects unloaded after import = 3

========================================================================
Received Import Request.
  Time since last request: 0.000024 seconds.
  path: Assets/Images/Sprites/Hero/hero_runattack_05.png
  artifactKey: Guid(1caaaa64e8f7f8f45a2c4c1a546c28e1) Importer(2089858483,b0f066a214c2f5e87bad3c948f4d605d)
Start importing Assets/Images/Sprites/Hero/hero_runattack_05.png using Guid(1caaaa64e8f7f8f45a2c4c1a546c28e1) Importer(2089858483,b0f066a214c2f5e87bad3c948f4d605d) (ScriptedImporter) -> (artifact id: '982aab43baac4479cb7bf779d98ceef0') in 0.0154511 seconds
Number of updated asset objects reloaded before import = 0Number of asset objects unloaded after import = 3

========================================================================
Received Import Request.
  Time since last request: 0.000019 seconds.
  path: Assets/Animation/Hero/hero_pickup_anim.anim
  artifactKey: Guid(fe96ebfc41dc28f4ab0ed12a2e62e182) Importer(2089858483,b0f066a214c2f5e87bad3c948f4d605d)
Start importing Assets/Animation/Hero/hero_pickup_anim.anim using Guid(fe96ebfc41dc28f4ab0ed12a2e62e182) Importer(2089858483,b0f066a214c2f5e87bad3c948f4d605d) (ScriptedImporter) -> (artifact id: '7e27690f089d9542c95b0eaf530e9040') in 0.004673 seconds
Number of updated asset objects reloaded before import = 0Number of asset objects unloaded after import = 1

========================================================================
Received Import Request.
  Time since last request: 0.000043 seconds.
  path: Assets/Animation/Hero/hero_idle_anim_powerup.anim
  artifactKey: Guid(570bc197119044d79af99aba21944ea9) Importer(2089858483,b0f066a214c2f5e87bad3c948f4d605d)
Start importing Assets/Animation/Hero/hero_idle_anim_powerup.anim using Guid(570bc197119044d79af99aba21944ea9) Importer(2089858483,b0f066a214c2f5e87bad3c948f4d605d) (ScriptedImporter) -> (artifact id: '1973b690b3e22ba50c4b8ce7d3c5c8e2') in 0.0043992 seconds
Number of updated asset objects reloaded before import = 0Number of asset objects unloaded after import = 1

========================================================================
Received Import Request.
  Time since last request: 0.000059 seconds.
  path: Assets/Images/Sprites/Hero/hero_getup_02.png
  artifactKey: Guid(ae8ab6b1a6df23f4b8612901430193ac) Importer(2089858483,b0f066a214c2f5e87bad3c948f4d605d)
Start importing Assets/Images/Sprites/Hero/hero_getup_02.png using Guid(ae8ab6b1a6df23f4b8612901430193ac) Importer(2089858483,b0f066a214c2f5e87bad3c948f4d605d) (ScriptedImporter) -> (artifact id: '7d8ffbcea8945995354e480bbd7e4712') in 0.0121136 seconds
Number of updated asset objects reloaded before import = 0Number of asset objects unloaded after import = 3

========================================================================
Received Import Request.
  Time since last request: 0.000022 seconds.
  path: Assets/Images/Sprites/Misc/shadow_weapon.png
  artifactKey: Guid(5aa346cd5f5eea643a50764df0df2fec) Importer(2089858483,b0f066a214c2f5e87bad3c948f4d605d)
Start importing Assets/Images/Sprites/Misc/shadow_weapon.png using Guid(5aa346cd5f5eea643a50764df0df2fec) Importer(2089858483,b0f066a214c2f5e87bad3c948f4d605d) (ScriptedImporter) -> (artifact id: 'c1a79864a3dc9957e1d22815234f7ecd') in 0.0087735 seconds
Number of updated asset objects reloaded before import = 0Number of asset objects unloaded after import = 3

========================================================================
Received Import Request.
  Time since last request: 0.000020 seconds.
  path: Assets/Images/Sprites/Powerup/weapon_unequipped.png
  artifactKey: Guid(539e66fde292d4f47942b568f6121ec7) Importer(2089858483,b0f066a214c2f5e87bad3c948f4d605d)
Start importing Assets/Images/Sprites/Powerup/weapon_unequipped.png using Guid(539e66fde292d4f47942b568f6121ec7) Importer(2089858483,b0f066a214c2f5e87bad3c948f4d605d) (ScriptedImporter) -> (artifact id: '8d95c9d25b455ed2f0e9874c9555429b') in 0.0104614 seconds
Number of updated asset objects reloaded before import = 0Number of asset objects unloaded after import = 3

========================================================================
Received Import Request.
  Time since last request: 0.000022 seconds.
  path: Assets/Images/Sprites/Powerup/weapon_walk_00.png
  artifactKey: Guid(cc0ced52d8051a74496ee7083d8ed5f4) Importer(2089858483,b0f066a214c2f5e87bad3c948f4d605d)
Start importing Assets/Images/Sprites/Powerup/weapon_walk_00.png using Guid(cc0ced52d8051a74496ee7083d8ed5f4) Importer(2089858483,b0f066a214c2f5e87bad3c948f4d605d) (ScriptedImporter) -> (artifact id: '074b47c7f046020e42314cf06b9db97b') in 0.0096406 seconds
Number of updated asset objects reloaded before import = 0Number of asset objects unloaded after import = 3

========================================================================
Received Import Request.
  Time since last request: 0.000024 seconds.
  path: Assets/Images/Sprites/Misc/hiteffect_00.png
  artifactKey: Guid(cdb6f4776a552344eadd1204bcbfb619) Importer(2089858483,b0f066a214c2f5e87bad3c948f4d605d)
Start importing Assets/Images/Sprites/Misc/hiteffect_00.png using Guid(cdb6f4776a552344eadd1204bcbfb619) Importer(2089858483,b0f066a214c2f5e87bad3c948f4d605d) (ScriptedImporter) -> (artifact id: 'a258b3f200b400bc0827432411d6cf03') in 0.0139744 seconds
Number of updated asset objects reloaded before import = 0Number of asset objects unloaded after import = 3

========================================================================
Received Import Request.
  Time since last request: 0.000039 seconds.
  path: Assets/Images/Sprites/Misc/trashcan_hit_right.png
  artifactKey: Guid(66b7523461c4d2c4d9d315dd31727ed3) Importer(2089858483,b0f066a214c2f5e87bad3c948f4d605d)
Start importing Assets/Images/Sprites/Misc/trashcan_hit_right.png using Guid(66b7523461c4d2c4d9d315dd31727ed3) Importer(2089858483,b0f066a214c2f5e87bad3c948f4d605d) (ScriptedImporter) -> (artifact id: 'bc749a662069542f0860d2486ba30485') in 0.0128268 seconds
Number of updated asset objects reloaded before import = 0Number of asset objects unloaded after import = 3

========================================================================
Received Import Request.
  Time since last request: 0.000018 seconds.
  path: Assets/Images/Sprites/Powerup/weapon_walk_06.png
  artifactKey: Guid(5410dd31f00e8f74f81a0fa5a3748fed) Importer(2089858483,b0f066a214c2f5e87bad3c948f4d605d)
Start importing Assets/Images/Sprites/Powerup/weapon_walk_06.png using Guid(5410dd31f00e8f74f81a0fa5a3748fed) Importer(2089858483,b0f066a214c2f5e87bad3c948f4d605d) (ScriptedImporter) -> (artifact id: '064e41e5f0e30a7020d55351bace9168') in 0.0098142 seconds
Number of updated asset objects reloaded before import = 0Number of asset objects unloaded after import = 3

========================================================================
Received Import Request.
  Time since last request: 0.000023 seconds.
  path: Assets/Images/Sprites/Hero/hero_walk_05.png
  artifactKey: Guid(452975f27578cd04bb988a1c820d976e) Importer(2089858483,b0f066a214c2f5e87bad3c948f4d605d)
Start importing Assets/Images/Sprites/Hero/hero_walk_05.png using Guid(452975f27578cd04bb988a1c820d976e) Importer(2089858483,b0f066a214c2f5e87bad3c948f4d605d) (ScriptedImporter) -> (artifact id: 'f30ebdd7ff03361ca534facbcc030099') in 0.0096684 seconds
Number of updated asset objects reloaded before import = 0Number of asset objects unloaded after import = 3

========================================================================
Received Import Request.
  Time since last request: 0.000047 seconds.
  path: Assets/Images/Sprites/Misc/trashcan_hit_left.png
  artifactKey: Guid(2a0994ccc0c2fbc47a0e7c84431e9df7) Importer(2089858483,b0f066a214c2f5e87bad3c948f4d605d)
Start importing Assets/Images/Sprites/Misc/trashcan_hit_left.png using Guid(2a0994ccc0c2fbc47a0e7c84431e9df7) Importer(2089858483,b0f066a214c2f5e87bad3c948f4d605d) (ScriptedImporter) -> (artifact id: '5a525849e216b97a556a0809e00ed75a') in 0.0092163 seconds
Number of updated asset objects reloaded before import = 0Number of asset objects unloaded after import = 3

========================================================================
Received Import Request.
  Time since last request: 0.000018 seconds.
  path: Assets/Images/Sprites/Powerup/weapon_walk_02.png
  artifactKey: Guid(771575e672f1bb64097f0a9117eda37c) Importer(2089858483,b0f066a214c2f5e87bad3c948f4d605d)
Start importing Assets/Images/Sprites/Powerup/weapon_walk_02.png using Guid(771575e672f1bb64097f0a9117eda37c) Importer(2089858483,b0f066a214c2f5e87bad3c948f4d605d) (ScriptedImporter) -> (artifact id: '42b6089fae7e84d4dc40b8dfff53ddac') in 0.0108067 seconds
Number of updated asset objects reloaded before import = 0Number of asset objects unloaded after import = 3

========================================================================
Received Import Request.
  Time since last request: 0.000022 seconds.
  path: Assets/Images/Sprites/Powerup/weapon_attack_02_03.png
  artifactKey: Guid(ec0bd81b7d16a854e86df915b478f830) Importer(2089858483,b0f066a214c2f5e87bad3c948f4d605d)
Start importing Assets/Images/Sprites/Powerup/weapon_attack_02_03.png using Guid(ec0bd81b7d16a854e86df915b478f830) Importer(2089858483,b0f066a214c2f5e87bad3c948f4d605d) (ScriptedImporter) -> (artifact id: '8d019bb7cf89d3c9c927a83adc317b7d') in 0.0151268 seconds
Number of updated asset objects reloaded before import = 0Number of asset objects unloaded after import = 3

========================================================================
Received Import Request.
  Time since last request: 0.000025 seconds.
  path: Assets/Scripts/Walker.cs
  artifactKey: Guid(aaf89b754e2e9476b92e7b05c1ecf197) Importer(2089858483,b0f066a214c2f5e87bad3c948f4d605d)
Start importing Assets/Scripts/Walker.cs using Guid(aaf89b754e2e9476b92e7b05c1ecf197) Importer(2089858483,b0f066a214c2f5e87bad3c948f4d605d) (ScriptedImporter) -> (artifact id: 'b4173d89bde913d62726b14c2bf809f3') in 0.0033351 seconds
Number of updated asset objects reloaded before import = 0Number of asset objects unloaded after import = 0

========================================================================
Received Import Request.
  Time since last request: 0.000095 seconds.
  path: Assets/Images/Sprites/Powerup/weapon_walk_03.png
  artifactKey: Guid(c0d1981c18dd90a4bb85a953fb663698) Importer(2089858483,b0f066a214c2f5e87bad3c948f4d605d)
Start importing Assets/Images/Sprites/Powerup/weapon_walk_03.png using Guid(c0d1981c18dd90a4bb85a953fb663698) Importer(2089858483,b0f066a214c2f5e87bad3c948f4d605d) (ScriptedImporter) -> (artifact id: '35fdc686f8913cfbc3e5a08c96af727e') in 0.0095442 seconds
Number of updated asset objects reloaded before import = 0Number of asset objects unloaded after import = 3

========================================================================
Received Import Request.
  Time since last request: 0.000021 seconds.
  path: Assets/Images/Sprites/Hero/hero_jump_02.png
  artifactKey: Guid(eb06b724090f9914d9875eb0466e97f3) Importer(2089858483,b0f066a214c2f5e87bad3c948f4d605d)
Start importing Assets/Images/Sprites/Hero/hero_jump_02.png using Guid(eb06b724090f9914d9875eb0466e97f3) Importer(2089858483,b0f066a214c2f5e87bad3c948f4d605d) (ScriptedImporter) -> (artifact id: '3eb87add802c74acd563cc3cb79d18d3') in 0.0096005 seconds
Number of updated asset objects reloaded before import = 0Number of asset objects unloaded after import = 3

========================================================================
Received Import Request.
  Time since last request: 0.000023 seconds.
  path: Assets/Images/Sprites/Hero/hero_run_04.png
  artifactKey: Guid(6e7e50cf60e33df4db648edb79ed733e) Importer(2089858483,b0f066a214c2f5e87bad3c948f4d605d)
Start importing Assets/Images/Sprites/Hero/hero_run_04.png using Guid(6e7e50cf60e33df4db648edb79ed733e) Importer(2089858483,b0f066a214c2f5e87bad3c948f4d605d) (ScriptedImporter) -> (artifact id: 'b9a84193e38e2206fc93b5d1cfd0a434') in 0.0107217 seconds
Number of updated asset objects reloaded before import = 0Number of asset objects unloaded after import = 3

========================================================================
Received Import Request.
  Time since last request: 0.000020 seconds.
  path: Assets/Images/Sprites/Misc/shadow_trashcan.png
  artifactKey: Guid(fb80a69d52a194dd0bb69b00078993eb) Importer(2089858483,b0f066a214c2f5e87bad3c948f4d605d)
Start importing Assets/Images/Sprites/Misc/shadow_trashcan.png using Guid(fb80a69d52a194dd0bb69b00078993eb) Importer(2089858483,b0f066a214c2f5e87bad3c948f4d605d) (ScriptedImporter) -> (artifact id: 'c10d4beca3d17da2cde52ea9a6772949') in 0.0104532 seconds
Number of updated asset objects reloaded before import = 0Number of asset objects unloaded after import = 3

========================================================================
Received Import Request.
  Time since last request: 0.000020 seconds.
  path: Assets/Images/Sprites/Hero/hero_run_00.png
  artifactKey: Guid(9cf955b0df65a5841a044e4778d510e4) Importer(2089858483,b0f066a214c2f5e87bad3c948f4d605d)
Start importing Assets/Images/Sprites/Hero/hero_run_00.png using Guid(9cf955b0df65a5841a044e4778d510e4) Importer(2089858483,b0f066a214c2f5e87bad3c948f4d605d) (ScriptedImporter) -> (artifact id: '2b953f24d9ef99bce663339d88c38059') in 0.0126389 seconds
Number of updated asset objects reloaded before import = 0Number of asset objects unloaded after import = 3

========================================================================
Received Import Request.
  Time since last request: 0.000020 seconds.
  path: Assets/Images/Sprites/Hero/hero_jumpattack_04.png
  artifactKey: Guid(4f22d02a4f44bb34caa3b8cce5195109) Importer(2089858483,b0f066a214c2f5e87bad3c948f4d605d)
Start importing Assets/Images/Sprites/Hero/hero_jumpattack_04.png using Guid(4f22d02a4f44bb34caa3b8cce5195109) Importer(2089858483,b0f066a214c2f5e87bad3c948f4d605d) (ScriptedImporter) -> (artifact id: '0fdf5467927f2720ba6241089b6b1c2d') in 0.0096368 seconds
Number of updated asset objects reloaded before import = 0Number of asset objects unloaded after import = 3

========================================================================
Received Import Request.
  Time since last request: 0.000020 seconds.
  path: Assets/Images/Sprites/Hero/hero_attack_02_02.png
  artifactKey: Guid(af4ae246af727a746a039884b4bde391) Importer(2089858483,b0f066a214c2f5e87bad3c948f4d605d)
Start importing Assets/Images/Sprites/Hero/hero_attack_02_02.png using Guid(af4ae246af727a746a039884b4bde391) Importer(2089858483,b0f066a214c2f5e87bad3c948f4d605d) (ScriptedImporter) -> (artifact id: '1b54cf54289434f2d1073baf791091db') in 0.0096872 seconds
Number of updated asset objects reloaded before import = 0Number of asset objects unloaded after import = 3

========================================================================
Received Import Request.
  Time since last request: 0.000021 seconds.
  path: Assets/Images/Sprites/Hero/hero_attack_02_01.png
  artifactKey: Guid(8a3e6c66f64d89a47847821b2ca87b79) Importer(2089858483,b0f066a214c2f5e87bad3c948f4d605d)
Start importing Assets/Images/Sprites/Hero/hero_attack_02_01.png using Guid(8a3e6c66f64d89a47847821b2ca87b79) Importer(2089858483,b0f066a214c2f5e87bad3c948f4d605d) (ScriptedImporter) -> (artifact id: '78b6232e352d5e98b5df69555cf3d006') in 0.0091633 seconds
Number of updated asset objects reloaded before import = 0Number of asset objects unloaded after import = 3

========================================================================
Received Import Request.
  Time since last request: 0.000026 seconds.
  path: Assets/Images/Sprites/Hero/hero_idle_03.png
  artifactKey: Guid(f26959e20d24c1c4d9377a6f82304749) Importer(2089858483,b0f066a214c2f5e87bad3c948f4d605d)
Start importing Assets/Images/Sprites/Hero/hero_idle_03.png using Guid(f26959e20d24c1c4d9377a6f82304749) Importer(2089858483,b0f066a214c2f5e87bad3c948f4d605d) (ScriptedImporter) -> (artifact id: '26f4447f456ec26bbd64c300391886cd') in 0.0099107 seconds
Number of updated asset objects reloaded before import = 0Number of asset objects unloaded after import = 3

========================================================================
Received Import Request.
  Time since last request: 0.000022 seconds.
  path: Assets/Images/Sprites/Hero/hero_attack_01_02.png
  artifactKey: Guid(2c7ef4968eb70d24db07dc126b1315e4) Importer(2089858483,b0f066a214c2f5e87bad3c948f4d605d)
Start importing Assets/Images/Sprites/Hero/hero_attack_01_02.png using Guid(2c7ef4968eb70d24db07dc126b1315e4) Importer(2089858483,b0f066a214c2f5e87bad3c948f4d605d) (ScriptedImporter) -> (artifact id: 'ee132f77a5f8646fbae5f714c2fd88bd') in 0.0093272 seconds
Number of updated asset objects reloaded before import = 0Number of asset objects unloaded after import = 3

========================================================================
Received Import Request.
  Time since last request: 0.000023 seconds.
  path: Assets/Images/Sprites/Powerup/weapon_idle_02.png
  artifactKey: Guid(09092e54456cddb49a0302b966ed8a2a) Importer(2089858483,b0f066a214c2f5e87bad3c948f4d605d)
Start importing Assets/Images/Sprites/Powerup/weapon_idle_02.png using Guid(09092e54456cddb49a0302b966ed8a2a) Importer(2089858483,b0f066a214c2f5e87bad3c948f4d605d) (ScriptedImporter) -> (artifact id: 'df60dc8fa9c5493a65dbf527d6427c33') in 0.0150595 seconds
Number of updated asset objects reloaded before import = 0Number of asset objects unloaded after import = 3

========================================================================
Received Import Request.
  Time since last request: 0.000021 seconds.
  path: Assets/Images/Sprites/Hero/hero_getup_04.png
  artifactKey: Guid(d55d80ab795b6f74894922fff5fcd534) Importer(2089858483,b0f066a214c2f5e87bad3c948f4d605d)
Start importing Assets/Images/Sprites/Hero/hero_getup_04.png using Guid(d55d80ab795b6f74894922fff5fcd534) Importer(2089858483,b0f066a214c2f5e87bad3c948f4d605d) (ScriptedImporter) -> (artifact id: '4ede2a2ddb29105b781086fb82ef67b1') in 0.0108424 seconds
Number of updated asset objects reloaded before import = 0Number of asset objects unloaded after import = 3

========================================================================
Received Import Request.
  Time since last request: 0.000019 seconds.
  path: Assets/Images/Sprites/Hero/hero_idle_05.png
  artifactKey: Guid(5769ddf2295a35a4298988fe57487f86) Importer(2089858483,b0f066a214c2f5e87bad3c948f4d605d)
Start importing Assets/Images/Sprites/Hero/hero_idle_05.png using Guid(5769ddf2295a35a4298988fe57487f86) Importer(2089858483,b0f066a214c2f5e87bad3c948f4d605d) (ScriptedImporter) -> (artifact id: '49f719710322e295e0d112d02a6be519') in 0.0103609 seconds
Number of updated asset objects reloaded before import = 0Number of asset objects unloaded after import = 3

========================================================================
Received Import Request.
  Time since last request: 0.000026 seconds.
  path: Assets/Images/Sprites/Hero/hero_idle_00.png
  artifactKey: Guid(feeea95cf18b9483fa105614af561549) Importer(2089858483,b0f066a214c2f5e87bad3c948f4d605d)
Start importing Assets/Images/Sprites/Hero/hero_idle_00.png using Guid(feeea95cf18b9483fa105614af561549) Importer(2089858483,b0f066a214c2f5e87bad3c948f4d605d) (ScriptedImporter) -> (artifact id: '60c303b7ff51cb42c334470559a737b1') in 0.0100889 seconds
Number of updated asset objects reloaded before import = 0Number of asset objects unloaded after import = 3

========================================================================
Received Import Request.
  Time since last request: 0.000020 seconds.
  path: Assets/Images/Sprites/Hero/hero_knockout_01.png
  artifactKey: Guid(9871713d87913df4887f2e1e476ec3d8) Importer(2089858483,b0f066a214c2f5e87bad3c948f4d605d)
Start importing Assets/Images/Sprites/Hero/hero_knockout_01.png using Guid(9871713d87913df4887f2e1e476ec3d8) Importer(2089858483,b0f066a214c2f5e87bad3c948f4d605d) (ScriptedImporter) -> (artifact id: '1182898e6828b7526c8d0f85f71895dc') in 0.011037 seconds
Number of updated asset objects reloaded before import = 0Number of asset objects unloaded after import = 3

========================================================================
Received Import Request.
  Time since last request: 0.000032 seconds.
  path: Assets/Images/Sprites/Hero/hero_attack_02_00.png
  artifactKey: Guid(9870d59bce933424e84bfdbb9f102a92) Importer(2089858483,b0f066a214c2f5e87bad3c948f4d605d)
Start importing Assets/Images/Sprites/Hero/hero_attack_02_00.png using Guid(9870d59bce933424e84bfdbb9f102a92) Importer(2089858483,b0f066a214c2f5e87bad3c948f4d605d) (ScriptedImporter) -> (artifact id: 'b9549d2ac7c39c92af96c3bf717936d4') in 0.0135121 seconds
Number of updated asset objects reloaded before import = 0Number of asset objects unloaded after import = 3

========================================================================
Received Import Request.
  Time since last request: 0.000036 seconds.
  path: Assets/Images/Sprites/Powerup/weapon_attack_01_01.png
  artifactKey: Guid(e3c120d16fcef57448d597ac79d99893) Importer(2089858483,b0f066a214c2f5e87bad3c948f4d605d)
Start importing Assets/Images/Sprites/Powerup/weapon_attack_01_01.png using Guid(e3c120d16fcef57448d597ac79d99893) Importer(2089858483,b0f066a214c2f5e87bad3c948f4d605d) (ScriptedImporter) -> (artifact id: 'd330a955357b7d3f2dc0c50a0b83fce8') in 0.0112078 seconds
Number of updated asset objects reloaded before import = 0Number of asset objects unloaded after import = 3

========================================================================
Received Import Request.
  Time since last request: 0.000021 seconds.
  path: Assets/Images/Sprites/Hero/hero_attack_02_04.png
  artifactKey: Guid(99c188229c02075419b3e78070a7ca65) Importer(2089858483,b0f066a214c2f5e87bad3c948f4d605d)
Start importing Assets/Images/Sprites/Hero/hero_attack_02_04.png using Guid(99c188229c02075419b3e78070a7ca65) Importer(2089858483,b0f066a214c2f5e87bad3c948f4d605d) (ScriptedImporter) -> (artifact id: '93120739ad45e4566437ff5922754e2c') in 0.0108903 seconds
Number of updated asset objects reloaded before import = 0Number of asset objects unloaded after import = 3

========================================================================
Received Import Request.
  Time since last request: 0.000023 seconds.
  path: Assets/Images/JoyPad/button_b_selected.png
  artifactKey: Guid(7d8206b719bf2404a8bc835ae28d355c) Importer(2089858483,b0f066a214c2f5e87bad3c948f4d605d)
Start importing Assets/Images/JoyPad/button_b_selected.png using Guid(7d8206b719bf2404a8bc835ae28d355c) Importer(2089858483,b0f066a214c2f5e87bad3c948f4d605d) (ScriptedImporter) -> (artifact id: 'eaff74bf67e0c0953755eb557757d3e9') in 0.0096492 seconds
Number of updated asset objects reloaded before import = 0Number of asset objects unloaded after import = 3

========================================================================
Received Import Request.
  Time since last request: 0.000020 seconds.
  path: Assets/Images/Sprites/Hero/hero_knockout_04.png
  artifactKey: Guid(dd0ab8b004a71944f8b9c699611413f8) Importer(2089858483,b0f066a214c2f5e87bad3c948f4d605d)
Start importing Assets/Images/Sprites/Hero/hero_knockout_04.png using Guid(dd0ab8b004a71944f8b9c699611413f8) Importer(2089858483,b0f066a214c2f5e87bad3c948f4d605d) (ScriptedImporter) -> (artifact id: '1c72513f0cc42f7ea0a0150fbeef67c6') in 0.0117247 seconds
Number of updated asset objects reloaded before import = 0Number of asset objects unloaded after import = 3

========================================================================
Received Import Request.
  Time since last request: 0.000022 seconds.
  path: Assets/Images/GameHUD/ui_hp_robot_thumb.png
  artifactKey: Guid(31818c14f425ab8469149caa748279f6) Importer(2089858483,b0f066a214c2f5e87bad3c948f4d605d)
Start importing Assets/Images/GameHUD/ui_hp_robot_thumb.png using Guid(31818c14f425ab8469149caa748279f6) Importer(2089858483,b0f066a214c2f5e87bad3c948f4d605d) (ScriptedImporter) -> (artifact id: 'c16409fdbea92494d257a3fdaef9b9d1') in 0.0116759 seconds
Number of updated asset objects reloaded before import = 0Number of asset objects unloaded after import = 3

========================================================================
Received Import Request.
  Time since last request: 0.000021 seconds.
  path: Assets/Images/Sprites/Boss/boss_knockout_03.png
  artifactKey: Guid(8f6dd068a0a3c454fa179c43e81d9dd9) Importer(2089858483,b0f066a214c2f5e87bad3c948f4d605d)
Start importing Assets/Images/Sprites/Boss/boss_knockout_03.png using Guid(8f6dd068a0a3c454fa179c43e81d9dd9) Importer(2089858483,b0f066a214c2f5e87bad3c948f4d605d) (ScriptedImporter) -> (artifact id: 'd967ebb14967f6ab92f424a68ab55803') in 0.0142166 seconds
Number of updated asset objects reloaded before import = 0Number of asset objects unloaded after import = 3

========================================================================
Received Import Request.
  Time since last request: 0.000023 seconds.
  path: Assets/Audio/sfx_blip.wav
  artifactKey: Guid(246bde77ecb5db34d93ec8d3bfe4fcda) Importer(2089858483,b0f066a214c2f5e87bad3c948f4d605d)
Start importing Assets/Audio/sfx_blip.wav using Guid(246bde77ecb5db34d93ec8d3bfe4fcda) Importer(2089858483,b0f066a214c2f5e87bad3c948f4d605d) (ScriptedImporter) -> (artifact id: '36bf2a073e67ccb51b8d298b0352d0e5') in 0.0467434 seconds
Number of updated asset objects reloaded before import = 0Number of asset objects unloaded after import = 1

========================================================================
Received Import Request.
  Time since last request: 0.000025 seconds.
  path: Assets/Scripts/CameraBounds.cs
  artifactKey: Guid(5617959395b40410484a184c2ebb8ce1) Importer(2089858483,b0f066a214c2f5e87bad3c948f4d605d)
Start importing Assets/Scripts/CameraBounds.cs using Guid(5617959395b40410484a184c2ebb8ce1) Importer(2089858483,b0f066a214c2f5e87bad3c948f4d605d) (ScriptedImporter) -> (artifact id: 'b5acb6195b854054cbcdd6b94451ef2f') in 0.0025557 seconds
Number of updated asset objects reloaded before import = 0Number of asset objects unloaded after import = 0

========================================================================
Received Import Request.
  Time since last request: 0.000080 seconds.
  path: Assets/Images/GameHUD/ui_hp_hero_thumb.png
  artifactKey: Guid(181b42b9be03d2349a47ffcfb6b8d27a) Importer(2089858483,b0f066a214c2f5e87bad3c948f4d605d)
Start importing Assets/Images/GameHUD/ui_hp_hero_thumb.png using Guid(181b42b9be03d2349a47ffcfb6b8d27a) Importer(2089858483,b0f066a214c2f5e87bad3c948f4d605d) (ScriptedImporter) -> (artifact id: '87e7f1f61a06df3604c7406545018843') in 0.0118688 seconds
Number of updated asset objects reloaded before import = 0Number of asset objects unloaded after import = 3

========================================================================
Received Import Request.
  Time since last request: 0.000019 seconds.
  path: Assets/Images/Sprites/Hero/hero_runattack_02.png
  artifactKey: Guid(19d2a66ae512daa4f89b6916628fc5d4) Importer(2089858483,b0f066a214c2f5e87bad3c948f4d605d)
Start importing Assets/Images/Sprites/Hero/hero_runattack_02.png using Guid(19d2a66ae512daa4f89b6916628fc5d4) Importer(2089858483,b0f066a214c2f5e87bad3c948f4d605d) (ScriptedImporter) -> (artifact id: '7b04601e442dde7f90169b66c2e55dce') in 0.0105284 seconds
Number of updated asset objects reloaded before import = 0Number of asset objects unloaded after import = 3

========================================================================
Received Import Request.
  Time since last request: 0.000021 seconds.
  path: Assets/Images/Sprites/Hero/hero_attack_02_03.png
  artifactKey: Guid(0fc8258510714db47963190d840c788c) Importer(2089858483,b0f066a214c2f5e87bad3c948f4d605d)
Start importing Assets/Images/Sprites/Hero/hero_attack_02_03.png using Guid(0fc8258510714db47963190d840c788c) Importer(2089858483,b0f066a214c2f5e87bad3c948f4d605d) (ScriptedImporter) -> (artifact id: '4faf13583f5cd74a4f92f66f5ce06020') in 0.0123975 seconds
Number of updated asset objects reloaded before import = 0Number of asset objects unloaded after import = 3

========================================================================
Received Import Request.
  Time since last request: 0.000018 seconds.
  path: Assets/Images/MainMenu/bg_title_touchtostart.png
  artifactKey: Guid(0e8b33e5c7c714d7c9f790487946d306) Importer(2089858483,b0f066a214c2f5e87bad3c948f4d605d)
Start importing Assets/Images/MainMenu/bg_title_touchtostart.png using Guid(0e8b33e5c7c714d7c9f790487946d306) Importer(2089858483,b0f066a214c2f5e87bad3c948f4d605d) (ScriptedImporter) -> (artifact id: '93258ec230b835c7f07a02e86013c4e2') in 0.0109203 seconds
Number of updated asset objects reloaded before import = 0Number of asset objects unloaded after import = 3

========================================================================
Received Import Request.
  Time since last request: 0.000019 seconds.
  path: Assets/Images/Sprites/Hero/hero_knockout_03.png
  artifactKey: Guid(427de26d3051e05408931ec0b5cf2ab1) Importer(2089858483,b0f066a214c2f5e87bad3c948f4d605d)
Start importing Assets/Images/Sprites/Hero/hero_knockout_03.png using Guid(427de26d3051e05408931ec0b5cf2ab1) Importer(2089858483,b0f066a214c2f5e87bad3c948f4d605d) (ScriptedImporter) -> (artifact id: 'db64ce14d0d2ae2943e92b61e52ab5de') in 0.009943 seconds
Number of updated asset objects reloaded before import = 0Number of asset objects unloaded after import = 3

========================================================================
Received Import Request.
  Time since last request: 0.000019 seconds.
  path: Assets/Images/Sprites/Hero/hero_jumpattack_03.png
  artifactKey: Guid(20738f042f5412844893736af599e8ae) Importer(2089858483,b0f066a214c2f5e87bad3c948f4d605d)
Start importing Assets/Images/Sprites/Hero/hero_jumpattack_03.png using Guid(20738f042f5412844893736af599e8ae) Importer(2089858483,b0f066a214c2f5e87bad3c948f4d605d) (ScriptedImporter) -> (artifact id: '844af334722fee44a70e615e08ce15bb') in 0.0164863 seconds
Number of updated asset objects reloaded before import = 0Number of asset objects unloaded after import = 3

========================================================================
Received Import Request.
  Time since last request: 0.000017 seconds.
  path: Assets/Images/Sprites/Powerup/weapon_idle_01.png
  artifactKey: Guid(184ceb6d3698c85418a79687ed994476) Importer(2089858483,b0f066a214c2f5e87bad3c948f4d605d)
Start importing Assets/Images/Sprites/Powerup/weapon_idle_01.png using Guid(184ceb6d3698c85418a79687ed994476) Importer(2089858483,b0f066a214c2f5e87bad3c948f4d605d) (ScriptedImporter) -> (artifact id: '993f3609a283d11e067e2dd8dc32c0eb') in 0.0084494 seconds
Number of updated asset objects reloaded before import = 0Number of asset objects unloaded after import = 3

========================================================================
Received Import Request.
  Time since last request: 0.000019 seconds.
  path: Assets/Images/Sprites/Robot/robot_base_walk_00.png
  artifactKey: Guid(3c090e80705819147aaa8428bf559154) Importer(2089858483,b0f066a214c2f5e87bad3c948f4d605d)
Start importing Assets/Images/Sprites/Robot/robot_base_walk_00.png using Guid(3c090e80705819147aaa8428bf559154) Importer(2089858483,b0f066a214c2f5e87bad3c948f4d605d) (ScriptedImporter) -> (artifact id: '9277cce3acdad72dfc4daf8181917ba1') in 0.0093794 seconds
Number of updated asset objects reloaded before import = 0Number of asset objects unloaded after import = 3

========================================================================
Received Import Request.
  Time since last request: 0.000031 seconds.
  path: Assets/Images/Sprites/Robot/robot_smoke_knockout_01.png
  artifactKey: Guid(4da1f4ce6def06340b554a4d435e9c1f) Importer(2089858483,b0f066a214c2f5e87bad3c948f4d605d)
Start importing Assets/Images/Sprites/Robot/robot_smoke_knockout_01.png using Guid(4da1f4ce6def06340b554a4d435e9c1f) Importer(2089858483,b0f066a214c2f5e87bad3c948f4d605d) (ScriptedImporter) -> (artifact id: 'f3816558da058d2bf3713f6fc395cee1') in 0.0110466 seconds
Number of updated asset objects reloaded before import = 0Number of asset objects unloaded after import = 3

========================================================================
Received Import Request.
  Time since last request: 0.000021 seconds.
  path: Assets/Images/Sprites/Robot/robot_smoke_idle_02.png
  artifactKey: Guid(c8a0b4576e3a19943a3a71702f8b2d3b) Importer(2089858483,b0f066a214c2f5e87bad3c948f4d605d)
Start importing Assets/Images/Sprites/Robot/robot_smoke_idle_02.png using Guid(c8a0b4576e3a19943a3a71702f8b2d3b) Importer(2089858483,b0f066a214c2f5e87bad3c948f4d605d) (ScriptedImporter) -> (artifact id: '8277be76d4c335516f5074304c99aa52') in 0.0115698 seconds
Number of updated asset objects reloaded before import = 0Number of asset objects unloaded after import = 3

========================================================================
Received Import Request.
  Time since last request: 0.000020 seconds.
  path: Assets/Images/Sprites/Robot/robot_smoke_getup_05.png
  artifactKey: Guid(ff35ee9932aa95148b6459e8b8e27889) Importer(2089858483,b0f066a214c2f5e87bad3c948f4d605d)
Start importing Assets/Images/Sprites/Robot/robot_smoke_getup_05.png using Guid(ff35ee9932aa95148b6459e8b8e27889) Importer(2089858483,b0f066a214c2f5e87bad3c948f4d605d) (ScriptedImporter) -> (artifact id: '5fe0c32155cbf1d060d3a8a1639ab5c9') in 0.0103831 seconds
Number of updated asset objects reloaded before import = 0Number of asset objects unloaded after import = 3

========================================================================
Received Import Request.
  Time since last request: 0.000017 seconds.
  path: Assets/Images/Sprites/Robot/robot_base_knockout_00.png
  artifactKey: Guid(4ecd9e2e75f60d7409b7a52a6a045dc7) Importer(2089858483,b0f066a214c2f5e87bad3c948f4d605d)
Start importing Assets/Images/Sprites/Robot/robot_base_knockout_00.png using Guid(4ecd9e2e75f60d7409b7a52a6a045dc7) Importer(2089858483,b0f066a214c2f5e87bad3c948f4d605d) (ScriptedImporter) -> (artifact id: 'e794dbe12f37493dd81aa0f26a6d68d7') in 0.0155 seconds
Number of updated asset objects reloaded before import = 0Number of asset objects unloaded after import = 3

========================================================================
Received Import Request.
  Time since last request: 0.000020 seconds.
  path: Assets/Images/Sprites/Robot/robot_belt_walk_02.png
  artifactKey: Guid(04ddd722861673442b1da16d35087641) Importer(2089858483,b0f066a214c2f5e87bad3c948f4d605d)
Start importing Assets/Images/Sprites/Robot/robot_belt_walk_02.png using Guid(04ddd722861673442b1da16d35087641) Importer(2089858483,b0f066a214c2f5e87bad3c948f4d605d) (ScriptedImporter) -> (artifact id: '5a1b7820fdf15aba01289a3061fb8aa4') in 0.009287 seconds
Number of updated asset objects reloaded before import = 0Number of asset objects unloaded after import = 3

========================================================================
Received Import Request.
  Time since last request: 0.000034 seconds.
  path: Assets/Images/Sprites/Robot/robot_base_attack_00.png
  artifactKey: Guid(116a46edc86832748888e3402784494b) Importer(2089858483,b0f066a214c2f5e87bad3c948f4d605d)
Start importing Assets/Images/Sprites/Robot/robot_base_attack_00.png using Guid(116a46edc86832748888e3402784494b) Importer(2089858483,b0f066a214c2f5e87bad3c948f4d605d) (ScriptedImporter) -> (artifact id: 'e729eb35968a9cd922314dd1bb10b1f4') in 0.0106723 seconds
Number of updated asset objects reloaded before import = 0Number of asset objects unloaded after import = 3

========================================================================
Received Import Request.
  Time since last request: 0.000024 seconds.
  path: Assets/Images/Sprites/Robot/robot_smoke_attack_04.png
  artifactKey: Guid(52741801a3ce05f42ba5ff6779cf7bee) Importer(2089858483,b0f066a214c2f5e87bad3c948f4d605d)
Start importing Assets/Images/Sprites/Robot/robot_smoke_attack_04.png using Guid(52741801a3ce05f42ba5ff6779cf7bee) Importer(2089858483,b0f066a214c2f5e87bad3c948f4d605d) (ScriptedImporter) -> (artifact id: '14463e3847853f2ab6e7085797de8623') in 0.0098811 seconds
Number of updated asset objects reloaded before import = 0Number of asset objects unloaded after import = 3

========================================================================
Received Import Request.
  Time since last request: 0.000028 seconds.
  path: Assets/Images/Sprites/Robot/robot_belt_walk_03.png
  artifactKey: Guid(897e0b231f8e01c4f950d329b843bf7f) Importer(2089858483,b0f066a214c2f5e87bad3c948f4d605d)
Start importing Assets/Images/Sprites/Robot/robot_belt_walk_03.png using Guid(897e0b231f8e01c4f950d329b843bf7f) Importer(2089858483,b0f066a214c2f5e87bad3c948f4d605d) (ScriptedImporter) -> (artifact id: 'b49df91a7600030b237d3fcceaaaca73') in 0.0114306 seconds
Number of updated asset objects reloaded before import = 0Number of asset objects unloaded after import = 3

========================================================================
Received Import Request.
  Time since last request: 0.000018 seconds.
  path: Assets/Images/Sprites/Robot/robot_smoke_attack_03.png
  artifactKey: Guid(b9ab0f0e8a3b80e4f8cbc82d6a0675ac) Importer(2089858483,b0f066a214c2f5e87bad3c948f4d605d)
Start importing Assets/Images/Sprites/Robot/robot_smoke_attack_03.png using Guid(b9ab0f0e8a3b80e4f8cbc82d6a0675ac) Importer(2089858483,b0f066a214c2f5e87bad3c948f4d605d) (ScriptedImporter) -> (artifact id: 'e0a042865cb4b52fab5c5b63f18c0f91') in 0.0131668 seconds
Number of updated asset objects reloaded before import = 0Number of asset objects unloaded after import = 3

========================================================================
Received Import Request.
  Time since last request: 0.000023 seconds.
  path: Assets/Images/Sprites/Robot/robot_belt_walk_00.png
  artifactKey: Guid(73ad8d9f65d28c246ab40f80647d0f51) Importer(2089858483,b0f066a214c2f5e87bad3c948f4d605d)
Start importing Assets/Images/Sprites/Robot/robot_belt_walk_00.png using Guid(73ad8d9f65d28c246ab40f80647d0f51) Importer(2089858483,b0f066a214c2f5e87bad3c948f4d605d) (ScriptedImporter) -> (artifact id: 'fea7b7df561e4391ef1dac9d1000499d') in 0.0117346 seconds
Number of updated asset objects reloaded before import = 0Number of asset objects unloaded after import = 3

========================================================================
Received Import Request.
  Time since last request: 0.000019 seconds.
  path: Assets/Images/Sprites/Robot/robot_base_getup_04.png
  artifactKey: Guid(ad7b133c14e820444bd52ed5c68a2e62) Importer(2089858483,b0f066a214c2f5e87bad3c948f4d605d)
Start importing Assets/Images/Sprites/Robot/robot_base_getup_04.png using Guid(ad7b133c14e820444bd52ed5c68a2e62) Importer(2089858483,b0f066a214c2f5e87bad3c948f4d605d) (ScriptedImporter) -> (artifact id: '5b8033dae919ad1904274f34360007b0') in 0.0096884 seconds
Number of updated asset objects reloaded before import = 0Number of asset objects unloaded after import = 3

========================================================================
Received Import Request.
  Time since last request: 0.000023 seconds.
  path: Assets/Images/Sprites/Robot/robot_smoke_idle_04.png
  artifactKey: Guid(43c468a0282d58b4a9fd38e953158286) Importer(2089858483,b0f066a214c2f5e87bad3c948f4d605d)
Start importing Assets/Images/Sprites/Robot/robot_smoke_idle_04.png using Guid(43c468a0282d58b4a9fd38e953158286) Importer(2089858483,b0f066a214c2f5e87bad3c948f4d605d) (ScriptedImporter) -> (artifact id: 'f303956349abf671041480ce8e7080ff') in 0.0111062 seconds
Number of updated asset objects reloaded before import = 0Number of asset objects unloaded after import = 3

========================================================================
Received Import Request.
  Time since last request: 0.000021 seconds.
  path: Assets/Images/Sprites/Robot/robot_base_walk_02.png
  artifactKey: Guid(df0391d538180ef43add61db644a5e7a) Importer(2089858483,b0f066a214c2f5e87bad3c948f4d605d)
Start importing Assets/Images/Sprites/Robot/robot_base_walk_02.png using Guid(df0391d538180ef43add61db644a5e7a) Importer(2089858483,b0f066a214c2f5e87bad3c948f4d605d) (ScriptedImporter) -> (artifact id: 'e13ab612f91c4750b222809e529c2e0c') in 0.0128967 seconds
Number of updated asset objects reloaded before import = 0Number of asset objects unloaded after import = 3

========================================================================
Received Import Request.
  Time since last request: 0.000023 seconds.
  path: Assets/Images/Sprites/Robot/robot_base_walk_04.png
  artifactKey: Guid(58df1d94461da0c4b9b62596bfe632e1) Importer(2089858483,b0f066a214c2f5e87bad3c948f4d605d)
Start importing Assets/Images/Sprites/Robot/robot_base_walk_04.png using Guid(58df1d94461da0c4b9b62596bfe632e1) Importer(2089858483,b0f066a214c2f5e87bad3c948f4d605d) (ScriptedImporter) -> (artifact id: '22915ed651c7e2f68dd333cd561bf9b6') in 0.0093256 seconds
Number of updated asset objects reloaded before import = 0Number of asset objects unloaded after import = 3

========================================================================
Received Import Request.
  Time since last request: 0.000021 seconds.
  path: Assets/Images/Sprites/Robot/robot_base_walk_01.png
  artifactKey: Guid(a919db0e2a0b981499b1ad4ca8664e29) Importer(2089858483,b0f066a214c2f5e87bad3c948f4d605d)
Start importing Assets/Images/Sprites/Robot/robot_base_walk_01.png using Guid(a919db0e2a0b981499b1ad4ca8664e29) Importer(2089858483,b0f066a214c2f5e87bad3c948f4d605d) (ScriptedImporter) -> (artifact id: '3cba1ea639fd3e197e1d7be09a27529d') in 0.0127916 seconds
Number of updated asset objects reloaded before import = 0Number of asset objects unloaded after import = 3

========================================================================
Received Import Request.
  Time since last request: 0.000022 seconds.
  path: Assets/Images/Sprites/Robot/robot_belt_knockout_02.png
  artifactKey: Guid(fef447a8d165ac943bc8d6df9fa80c80) Importer(2089858483,b0f066a214c2f5e87bad3c948f4d605d)
Start importing Assets/Images/Sprites/Robot/robot_belt_knockout_02.png using Guid(fef447a8d165ac943bc8d6df9fa80c80) Importer(2089858483,b0f066a214c2f5e87bad3c948f4d605d) (ScriptedImporter) -> (artifact id: '10ec5f3e7b48f8cd768323aae4b166d8') in 0.0092789 seconds
Number of updated asset objects reloaded before import = 0Number of asset objects unloaded after import = 3

========================================================================
Received Import Request.
  Time since last request: 0.000022 seconds.
  path: Assets/Images/Sprites/Robot/robot_smoke_getup_00.png
  artifactKey: Guid(d6f80ba71025cce4fad9cf8c8f0e0b42) Importer(2089858483,b0f066a214c2f5e87bad3c948f4d605d)
Start importing Assets/Images/Sprites/Robot/robot_smoke_getup_00.png using Guid(d6f80ba71025cce4fad9cf8c8f0e0b42) Importer(2089858483,b0f066a214c2f5e87bad3c948f4d605d) (ScriptedImporter) -> (artifact id: 'ad28a4d239c8c9db64e4bd6dfd57f494') in 0.0099438 seconds
Number of updated asset objects reloaded before import = 0Number of asset objects unloaded after import = 3

========================================================================
Received Import Request.
  Time since last request: 0.000016 seconds.
  path: Assets/Images/Sprites/Robot/robot_belt_getup_05.png
  artifactKey: Guid(742c378d8a6cd474c84a99c49432b92e) Importer(2089858483,b0f066a214c2f5e87bad3c948f4d605d)
Start importing Assets/Images/Sprites/Robot/robot_belt_getup_05.png using Guid(742c378d8a6cd474c84a99c49432b92e) Importer(2089858483,b0f066a214c2f5e87bad3c948f4d605d) (ScriptedImporter) -> (artifact id: 'b49dc3b4cb00d463d2908a141c6d8a55') in 0.0164342 seconds
Number of updated asset objects reloaded before import = 0Number of asset objects unloaded after import = 3

========================================================================
Received Import Request.
  Time since last request: 0.000023 seconds.
  path: Assets/Images/Sprites/Robot/robot_smoke_attack_01.png
  artifactKey: Guid(46fd93c93a38370448fb5b2e300eff68) Importer(2089858483,b0f066a214c2f5e87bad3c948f4d605d)
Start importing Assets/Images/Sprites/Robot/robot_smoke_attack_01.png using Guid(46fd93c93a38370448fb5b2e300eff68) Importer(2089858483,b0f066a214c2f5e87bad3c948f4d605d) (ScriptedImporter) -> (artifact id: '19f4b8099a85d19dfc3f377306cbac63') in 0.0119723 seconds
Number of updated asset objects reloaded before import = 0Number of asset objects unloaded after import = 3

========================================================================
Received Import Request.
  Time since last request: 0.000034 seconds.
  path: Assets/Images/Sprites/Robot/robot_belt_knockout_01.png
  artifactKey: Guid(ce2e119187aa2f64d9008b4fac5d6769) Importer(2089858483,b0f066a214c2f5e87bad3c948f4d605d)
Start importing Assets/Images/Sprites/Robot/robot_belt_knockout_01.png using Guid(ce2e119187aa2f64d9008b4fac5d6769) Importer(2089858483,b0f066a214c2f5e87bad3c948f4d605d) (ScriptedImporter) -> (artifact id: '479443b2672a139c6ec9848c9509ebec') in 0.0108704 seconds
Number of updated asset objects reloaded before import = 0Number of asset objects unloaded after import = 3

========================================================================
Received Import Request.
  Time since last request: 0.000020 seconds.
  path: Assets/Images/Sprites/Robot/robot_belt_getup_01.png
  artifactKey: Guid(584a71b30f6d1f34e9632e172164a22c) Importer(2089858483,b0f066a214c2f5e87bad3c948f4d605d)
Start importing Assets/Images/Sprites/Robot/robot_belt_getup_01.png using Guid(584a71b30f6d1f34e9632e172164a22c) Importer(2089858483,b0f066a214c2f5e87bad3c948f4d605d) (ScriptedImporter) -> (artifact id: '56b51fa07f008a269db47c07b7dc2e59') in 0.0096446 seconds
Number of updated asset objects reloaded before import = 0Number of asset objects unloaded after import = 3

========================================================================
Received Import Request.
  Time since last request: 0.000026 seconds.
  path: Assets/Images/Sprites/Powerup/weapon_walk_07.png
  artifactKey: Guid(ab3ff3675ee45ff4fb86c0000a482645) Importer(2089858483,b0f066a214c2f5e87bad3c948f4d605d)
Start importing Assets/Images/Sprites/Powerup/weapon_walk_07.png using Guid(ab3ff3675ee45ff4fb86c0000a482645) Importer(2089858483,b0f066a214c2f5e87bad3c948f4d605d) (ScriptedImporter) -> (artifact id: '00124a90b50c229127e698c4a8978ece') in 0.0094145 seconds
Number of updated asset objects reloaded before import = 0Number of asset objects unloaded after import = 3

========================================================================
Received Import Request.
  Time since last request: 0.000023 seconds.
  path: Assets/Images/Sprites/Robot/robot_smoke_hurt_01.png
  artifactKey: Guid(f66dfdfe9bdcf2848a81936085104e4e) Importer(2089858483,b0f066a214c2f5e87bad3c948f4d605d)
Start importing Assets/Images/Sprites/Robot/robot_smoke_hurt_01.png using Guid(f66dfdfe9bdcf2848a81936085104e4e) Importer(2089858483,b0f066a214c2f5e87bad3c948f4d605d) (ScriptedImporter) -> (artifact id: '137e6eea2934e768439d8b08bdb503e9') in 0.0086375 seconds
Number of updated asset objects reloaded before import = 0Number of asset objects unloaded after import = 3

========================================================================
Received Import Request.
  Time since last request: 0.000020 seconds.
  path: Assets/Images/Sprites/Robot/robot_base_getup_01.png
  artifactKey: Guid(bac45a354ef873a478d0f65a919a0b85) Importer(2089858483,b0f066a214c2f5e87bad3c948f4d605d)
Start importing Assets/Images/Sprites/Robot/robot_base_getup_01.png using Guid(bac45a354ef873a478d0f65a919a0b85) Importer(2089858483,b0f066a214c2f5e87bad3c948f4d605d) (ScriptedImporter) -> (artifact id: '2616211ae7a949c8abb63bccd1c58693') in 0.0101848 seconds
Number of updated asset objects reloaded before import = 0Number of asset objects unloaded after import = 3

========================================================================
Received Import Request.
  Time since last request: 0.000018 seconds.
  path: Assets/Images/Sprites/Robot/robot_belt_hurt_02.png
  artifactKey: Guid(33c02a21e7eece44da5c57cbdf342d3f) Importer(2089858483,b0f066a214c2f5e87bad3c948f4d605d)
Start importing Assets/Images/Sprites/Robot/robot_belt_hurt_02.png using Guid(33c02a21e7eece44da5c57cbdf342d3f) Importer(2089858483,b0f066a214c2f5e87bad3c948f4d605d) (ScriptedImporter) -> (artifact id: 'e5e187bd822b79b57a94523c7b253e0a') in 0.0133154 seconds
Number of updated asset objects reloaded before import = 0Number of asset objects unloaded after import = 3

========================================================================
Received Import Request.
  Time since last request: 0.000018 seconds.
  path: Assets/Images/Sprites/Robot/robot_belt_attack_01.png
  artifactKey: Guid(6c269197f8ddfaf4fad3dfa2f68457e3) Importer(2089858483,b0f066a214c2f5e87bad3c948f4d605d)
Start importing Assets/Images/Sprites/Robot/robot_belt_attack_01.png using Guid(6c269197f8ddfaf4fad3dfa2f68457e3) Importer(2089858483,b0f066a214c2f5e87bad3c948f4d605d) (ScriptedImporter) -> (artifact id: 'b7037fff814978d51082fb932d029cef') in 0.0111231 seconds
Number of updated asset objects reloaded before import = 0Number of asset objects unloaded after import = 3

========================================================================
Received Import Request.
  Time since last request: 0.000022 seconds.
  path: Assets/Images/Sprites/Robot/robot_base_knockout_02.png
  artifactKey: Guid(04d7ecfe8bbd6224c99267d592efb7c1) Importer(2089858483,b0f066a214c2f5e87bad3c948f4d605d)
Start importing Assets/Images/Sprites/Robot/robot_base_knockout_02.png using Guid(04d7ecfe8bbd6224c99267d592efb7c1) Importer(2089858483,b0f066a214c2f5e87bad3c948f4d605d) (ScriptedImporter) -> (artifact id: '8c2818bc513bc850be8ceaaa3f2883a0') in 0.0126882 seconds
Number of updated asset objects reloaded before import = 0Number of asset objects unloaded after import = 3

========================================================================
Received Import Request.
  Time since last request: 0.000026 seconds.
  path: Assets/Images/Sprites/Robot/robot_base_hurt_01.png
  artifactKey: Guid(0360fed79593d3e43a076ccc4b94719f) Importer(2089858483,b0f066a214c2f5e87bad3c948f4d605d)
Start importing Assets/Images/Sprites/Robot/robot_base_hurt_01.png using Guid(0360fed79593d3e43a076ccc4b94719f) Importer(2089858483,b0f066a214c2f5e87bad3c948f4d605d) (ScriptedImporter) -> (artifact id: '7c28673924b489879d31cdc280abb4d7') in 0.0100952 seconds
Number of updated asset objects reloaded before import = 0Number of asset objects unloaded after import = 3

========================================================================
Received Import Request.
  Time since last request: 0.000019 seconds.
  path: Assets/Images/Sprites/Robot/robot_belt_knockout_00.png
  artifactKey: Guid(561893f031f509847aeceb4e7aadb6bb) Importer(2089858483,b0f066a214c2f5e87bad3c948f4d605d)
Start importing Assets/Images/Sprites/Robot/robot_belt_knockout_00.png using Guid(561893f031f509847aeceb4e7aadb6bb) Importer(2089858483,b0f066a214c2f5e87bad3c948f4d605d) (ScriptedImporter) -> (artifact id: '79df254bf3cc3041c0368d81bcb5c213') in 0.010538 seconds
Number of updated asset objects reloaded before import = 0Number of asset objects unloaded after import = 3

========================================================================
Received Import Request.
  Time since last request: 0.000022 seconds.
  path: Assets/Images/Sprites/Robot/robot_belt_idle_00.png
  artifactKey: Guid(3e1d8a085d279f7478fbef84da321c3d) Importer(2089858483,b0f066a214c2f5e87bad3c948f4d605d)
Start importing Assets/Images/Sprites/Robot/robot_belt_idle_00.png using Guid(3e1d8a085d279f7478fbef84da321c3d) Importer(2089858483,b0f066a214c2f5e87bad3c948f4d605d) (ScriptedImporter) -> (artifact id: 'c0ee10f152b6087d9d7c858416aece5a') in 0.0096969 seconds
Number of updated asset objects reloaded before import = 0Number of asset objects unloaded after import = 3

========================================================================
Received Import Request.
  Time since last request: 0.000022 seconds.
  path: Assets/Images/Sprites/Robot/robot_base_attack_02.png
  artifactKey: Guid(b1e0eb1f7cd078b409478c08ddb36636) Importer(2089858483,b0f066a214c2f5e87bad3c948f4d605d)
Start importing Assets/Images/Sprites/Robot/robot_base_attack_02.png using Guid(b1e0eb1f7cd078b409478c08ddb36636) Importer(2089858483,b0f066a214c2f5e87bad3c948f4d605d) (ScriptedImporter) -> (artifact id: '5e90304133bcfd2661827fb46a208de7') in 0.0128182 seconds
Number of updated asset objects reloaded before import = 0Number of asset objects unloaded after import = 3

========================================================================
Received Import Request.
  Time since last request: 0.000018 seconds.
  path: Assets/Images/Sprites/Robot/robot_smoke_idle_03.png
  artifactKey: Guid(522dddd9e820df5498498506d700b2cb) Importer(2089858483,b0f066a214c2f5e87bad3c948f4d605d)
Start importing Assets/Images/Sprites/Robot/robot_smoke_idle_03.png using Guid(522dddd9e820df5498498506d700b2cb) Importer(2089858483,b0f066a214c2f5e87bad3c948f4d605d) (ScriptedImporter) -> (artifact id: '0c5444cc69546c6e765dab0fcc43a8da') in 0.0124369 seconds
Number of updated asset objects reloaded before import = 0Number of asset objects unloaded after import = 3

========================================================================
Received Import Request.
  Time since last request: 0.000020 seconds.
  path: Assets/Images/Sprites/Robot/robot_belt_idle_01.png
  artifactKey: Guid(2ee13f63b9478844b88aab81b265017d) Importer(2089858483,b0f066a214c2f5e87bad3c948f4d605d)
Start importing Assets/Images/Sprites/Robot/robot_belt_idle_01.png using Guid(2ee13f63b9478844b88aab81b265017d) Importer(2089858483,b0f066a214c2f5e87bad3c948f4d605d) (ScriptedImporter) -> (artifact id: 'd5af1f42c64588a8fa1cdeee58e6c8f8') in 0.0090707 seconds
Number of updated asset objects reloaded before import = 0Number of asset objects unloaded after import = 3

========================================================================
Received Import Request.
  Time since last request: 0.000018 seconds.
  path: Assets/Images/Sprites/Robot/robot_base_idle_00.png
  artifactKey: Guid(38fdc95cd687b274590f356cec3d79c3) Importer(2089858483,b0f066a214c2f5e87bad3c948f4d605d)
Start importing Assets/Images/Sprites/Robot/robot_base_idle_00.png using Guid(38fdc95cd687b274590f356cec3d79c3) Importer(2089858483,b0f066a214c2f5e87bad3c948f4d605d) (ScriptedImporter) -> (artifact id: '3843a801186623b40ae317055b133ed2') in 0.0104863 seconds
Number of updated asset objects reloaded before import = 0Number of asset objects unloaded after import = 3

========================================================================
Received Import Request.
  Time since last request: 0.000017 seconds.
  path: Assets/Images/Sprites/Robot/robot_belt_hurt_01.png
  artifactKey: Guid(ac4e224627fb7bc4da9ac2c9516fb2ac) Importer(2089858483,b0f066a214c2f5e87bad3c948f4d605d)
Start importing Assets/Images/Sprites/Robot/robot_belt_hurt_01.png using Guid(ac4e224627fb7bc4da9ac2c9516fb2ac) Importer(2089858483,b0f066a214c2f5e87bad3c948f4d605d) (ScriptedImporter) -> (artifact id: '7ae7a2b09c87ebc0015967da19536c93') in 0.0112999 seconds
Number of updated asset objects reloaded before import = 0Number of asset objects unloaded after import = 3

========================================================================
Received Import Request.
  Time since last request: 0.000020 seconds.
  path: Assets/Images/Sprites/Robot/robot_base_hurt_02.png
  artifactKey: Guid(fe0510e602f2b544b8c85730ba9cef14) Importer(2089858483,b0f066a214c2f5e87bad3c948f4d605d)
Start importing Assets/Images/Sprites/Robot/robot_base_hurt_02.png using Guid(fe0510e602f2b544b8c85730ba9cef14) Importer(2089858483,b0f066a214c2f5e87bad3c948f4d605d) (ScriptedImporter) -> (artifact id: '9948142e1cf7ab4df918a9a34ec694a0') in 0.0089185 seconds
Number of updated asset objects reloaded before import = 0Number of asset objects unloaded after import = 3

========================================================================
Received Import Request.
  Time since last request: 0.000018 seconds.
  path: Assets/Images/Sprites/Robot/robot_base_getup_00.png
  artifactKey: Guid(d921230659f7a9c4c8db2990ea49942c) Importer(2089858483,b0f066a214c2f5e87bad3c948f4d605d)
Start importing Assets/Images/Sprites/Robot/robot_base_getup_00.png using Guid(d921230659f7a9c4c8db2990ea49942c) Importer(2089858483,b0f066a214c2f5e87bad3c948f4d605d) (ScriptedImporter) -> (artifact id: '9fb8271db08a366bac1824c88523f3d4') in 0.0098528 seconds
Number of updated asset objects reloaded before import = 0Number of asset objects unloaded after import = 3

========================================================================
Received Import Request.
  Time since last request: 0.000017 seconds.
  path: Assets/Images/Sprites/Robot/robot_belt_getup_04.png
  artifactKey: Guid(32f6c6fca024e884da4e70246369d786) Importer(2089858483,b0f066a214c2f5e87bad3c948f4d605d)
Start importing Assets/Images/Sprites/Robot/robot_belt_getup_04.png using Guid(32f6c6fca024e884da4e70246369d786) Importer(2089858483,b0f066a214c2f5e87bad3c948f4d605d) (ScriptedImporter) -> (artifact id: '76f1ec95bf6ddcd4ad7cceac16ddf632') in 0.0176265 seconds
Number of updated asset objects reloaded before import = 0Number of asset objects unloaded after import = 3

========================================================================
Received Import Request.
  Time since last request: 0.000027 seconds.
  path: Assets/Images/Sprites/Robot/robot_smoke_attack_00.png
  artifactKey: Guid(65bc01b1273e3cd40b2b2234452f2ee0) Importer(2089858483,b0f066a214c2f5e87bad3c948f4d605d)
Start importing Assets/Images/Sprites/Robot/robot_smoke_attack_00.png using Guid(65bc01b1273e3cd40b2b2234452f2ee0) Importer(2089858483,b0f066a214c2f5e87bad3c948f4d605d) (ScriptedImporter) -> (artifact id: '13df3b7b2610386892a2f31b2d815be5') in 0.0093917 seconds
Number of updated asset objects reloaded before import = 0Number of asset objects unloaded after import = 3

========================================================================
Received Import Request.
  Time since last request: 0.000030 seconds.
  path: Assets/Images/Sprites/Robot/robot_belt_hurt_00.png
  artifactKey: Guid(cfd96336259a64a4c929f2cfff687d0f) Importer(2089858483,b0f066a214c2f5e87bad3c948f4d605d)
Start importing Assets/Images/Sprites/Robot/robot_belt_hurt_00.png using Guid(cfd96336259a64a4c929f2cfff687d0f) Importer(2089858483,b0f066a214c2f5e87bad3c948f4d605d) (ScriptedImporter) -> (artifact id: 'f5d593f078f716a0d9368cee5acb5ffe') in 0.0092881 seconds
Number of updated asset objects reloaded before import = 0Number of asset objects unloaded after import = 3

========================================================================
Received Import Request.
  Time since last request: 0.000017 seconds.
  path: Assets/Images/Sprites/Hero/hero_jumpattack_02.png
  artifactKey: Guid(29dc726dcbdaea84fafab4d55cb50ccd) Importer(2089858483,b0f066a214c2f5e87bad3c948f4d605d)
Start importing Assets/Images/Sprites/Hero/hero_jumpattack_02.png using Guid(29dc726dcbdaea84fafab4d55cb50ccd) Importer(2089858483,b0f066a214c2f5e87bad3c948f4d605d) (ScriptedImporter) -> (artifact id: '960998cab81ff39e5ac254a64f56d62d') in 0.0082809 seconds
Number of updated asset objects reloaded before import = 0Number of asset objects unloaded after import = 3

========================================================================
Received Import Request.
  Time since last request: 0.000018 seconds.
  path: Assets/Images/Sprites/Powerup/weapon_attack_01_02.png
  artifactKey: Guid(1fa767f66b016304fb3f145a863827c4) Importer(2089858483,b0f066a214c2f5e87bad3c948f4d605d)
Start importing Assets/Images/Sprites/Powerup/weapon_attack_01_02.png using Guid(1fa767f66b016304fb3f145a863827c4) Importer(2089858483,b0f066a214c2f5e87bad3c948f4d605d) (ScriptedImporter) -> (artifact id: 'b8ab13c2ea8ba9d5bd8b53151fd42e2c') in 0.0086397 seconds
Number of updated asset objects reloaded before import = 0Number of asset objects unloaded after import = 3

========================================================================
Received Import Request.
  Time since last request: 0.000020 seconds.
  path: Assets/Images/JoyPad/dpad_up.png
  artifactKey: Guid(bb0c7d6b355091a4e99f0ab934724324) Importer(2089858483,b0f066a214c2f5e87bad3c948f4d605d)
Start importing Assets/Images/JoyPad/dpad_up.png using Guid(bb0c7d6b355091a4e99f0ab934724324) Importer(2089858483,b0f066a214c2f5e87bad3c948f4d605d) (ScriptedImporter) -> (artifact id: 'ea010c994599b45508549bcc467eae5b') in 0.0094011 seconds
Number of updated asset objects reloaded before import = 0Number of asset objects unloaded after import = 3

========================================================================
Received Import Request.
  Time since last request: 0.000016 seconds.
  path: Assets/Images/Sprites/Misc/shadow_character.png
  artifactKey: Guid(11b78b64907d44579895f50f76cc649a) Importer(2089858483,b0f066a214c2f5e87bad3c948f4d605d)
Start importing Assets/Images/Sprites/Misc/shadow_character.png using Guid(11b78b64907d44579895f50f76cc649a) Importer(2089858483,b0f066a214c2f5e87bad3c948f4d605d) (ScriptedImporter) -> (artifact id: '57f1c8c606cd4a98323357d3b07a0ef3') in 0.009871 seconds
Number of updated asset objects reloaded before import = 0Number of asset objects unloaded after import = 3

========================================================================
Received Import Request.
  Time since last request: 0.000021 seconds.
  path: Assets/Images/Sprites/Robot/robot_smoke_walk_05.png
  artifactKey: Guid(e2d612322eaa51841b504e165fc67d3f) Importer(2089858483,b0f066a214c2f5e87bad3c948f4d605d)
Start importing Assets/Images/Sprites/Robot/robot_smoke_walk_05.png using Guid(e2d612322eaa51841b504e165fc67d3f) Importer(2089858483,b0f066a214c2f5e87bad3c948f4d605d) (ScriptedImporter) -> (artifact id: '18b58a462a8737a1ef615467e6f5c2f3') in 0.0166568 seconds
Number of updated asset objects reloaded before import = 0Number of asset objects unloaded after import = 3

========================================================================
Received Import Request.
  Time since last request: 0.000019 seconds.
  path: Assets/Images/Sprites/Robot/robot_smoke_walk_04.png
  artifactKey: Guid(d5d79e637a370424bbefbcf7ce27bf4d) Importer(2089858483,b0f066a214c2f5e87bad3c948f4d605d)
Start importing Assets/Images/Sprites/Robot/robot_smoke_walk_04.png using Guid(d5d79e637a370424bbefbcf7ce27bf4d) Importer(2089858483,b0f066a214c2f5e87bad3c948f4d605d) (ScriptedImporter) -> (artifact id: '6a1fb90c94e79d4c8c66a23127b82748') in 0.0105168 seconds
Number of updated asset objects reloaded before import = 0Number of asset objects unloaded after import = 3

========================================================================
Received Import Request.
  Time since last request: 0.000023 seconds.
  path: Assets/MobileDependencyResolver/Editor/1.2.185/Google.IOSResolver.pdb
  artifactKey: Guid(e776230601db4ffbbbd4e1266bdcdc23) Importer(2089858483,b0f066a214c2f5e87bad3c948f4d605d)
Start importing Assets/MobileDependencyResolver/Editor/1.2.185/Google.IOSResolver.pdb using Guid(e776230601db4ffbbbd4e1266bdcdc23) Importer(2089858483,b0f066a214c2f5e87bad3c948f4d605d) (ScriptedImporter) -> (artifact id: '36015e0dddd7771e3431552f29551b7a') in 0.0029338 seconds
Number of updated asset objects reloaded before import = 0Number of asset objects unloaded after import = 1

========================================================================
Received Import Request.
  Time since last request: 0.000035 seconds.
  path: Assets/Images/Sprites/Robot/robot_smoke_walk_02.png
  artifactKey: Guid(88389727971ceb042a295c483c2f98e8) Importer(2089858483,b0f066a214c2f5e87bad3c948f4d605d)
Start importing Assets/Images/Sprites/Robot/robot_smoke_walk_02.png using Guid(88389727971ceb042a295c483c2f98e8) Importer(2089858483,b0f066a214c2f5e87bad3c948f4d605d) (ScriptedImporter) -> (artifact id: 'bcce2c7c15682e08b3630b7ecbd38131') in 0.0098193 seconds
Number of updated asset objects reloaded before import = 0Number of asset objects unloaded after import = 3

========================================================================
Received Import Request.
  Time since last request: 0.000019 seconds.
  path: Assets/MobileDependencyResolver/Editor/1.2.185/Google.IOSResolver.dll
  artifactKey: Guid(a1a3cd348b3c4bbc82b68b73893f222a) Importer(2089858483,b0f066a214c2f5e87bad3c948f4d605d)
Start importing Assets/MobileDependencyResolver/Editor/1.2.185/Google.IOSResolver.dll using Guid(a1a3cd348b3c4bbc82b68b73893f222a) Importer(2089858483,b0f066a214c2f5e87bad3c948f4d605d) (ScriptedImporter) -> (artifact id: '1b23a841b8e9472d0dfa391b56eee6c1') in 0.0040426 seconds
Number of updated asset objects reloaded before import = 0Number of asset objects unloaded after import = 0

========================================================================
Received Import Request.
  Time since last request: 0.000050 seconds.
  path: Assets/Images/Sprites/Robot/robot_smoke_knockout_04.png
  artifactKey: Guid(7b6f25b8521adb747b6d640acbc4802c) Importer(2089858483,b0f066a214c2f5e87bad3c948f4d605d)
Start importing Assets/Images/Sprites/Robot/robot_smoke_knockout_04.png using Guid(7b6f25b8521adb747b6d640acbc4802c) Importer(2089858483,b0f066a214c2f5e87bad3c948f4d605d) (ScriptedImporter) -> (artifact id: '2e6e5ddb6b001e40333b205fdfae67a1') in 0.0104288 seconds
Number of updated asset objects reloaded before import = 0Number of asset objects unloaded after import = 3

========================================================================
Received Import Request.
  Time since last request: 0.000021 seconds.
  path: Assets/Images/Sprites/Robot/robot_smoke_getup_02.png
  artifactKey: Guid(b2ef3494236dc0f468afd2b32a3daba3) Importer(2089858483,b0f066a214c2f5e87bad3c948f4d605d)
Start importing Assets/Images/Sprites/Robot/robot_smoke_getup_02.png using Guid(b2ef3494236dc0f468afd2b32a3daba3) Importer(2089858483,b0f066a214c2f5e87bad3c948f4d605d) (ScriptedImporter) -> (artifact id: '15ebff7857391eebfbb7ff06a288c58c') in 0.0101613 seconds
Number of updated asset objects reloaded before import = 0Number of asset objects unloaded after import = 3

========================================================================
Received Import Request.
  Time since last request: 0.000023 seconds.
  path: Assets/Images/Sprites/Powerup/weapon_attack_02_00.png
  artifactKey: Guid(db8c12931a6e2df4696e9a46e275514b) Importer(2089858483,b0f066a214c2f5e87bad3c948f4d605d)
Start importing Assets/Images/Sprites/Powerup/weapon_attack_02_00.png using Guid(db8c12931a6e2df4696e9a46e275514b) Importer(2089858483,b0f066a214c2f5e87bad3c948f4d605d) (ScriptedImporter) -> (artifact id: '29c0d6c5dade097ffd704314bcbcde34') in 0.0092397 seconds
Number of updated asset objects reloaded before import = 0Number of asset objects unloaded after import = 3

========================================================================
Received Import Request.
  Time since last request: 0.000021 seconds.
  path: Assets/Animation/Hero/hero_run_attack_anim.anim
  artifactKey: Guid(1a96417adb985a4408e46c7e54090ead) Importer(2089858483,b0f066a214c2f5e87bad3c948f4d605d)
Start importing Assets/Animation/Hero/hero_run_attack_anim.anim using Guid(1a96417adb985a4408e46c7e54090ead) Importer(2089858483,b0f066a214c2f5e87bad3c948f4d605d) (ScriptedImporter) -> (artifact id: 'e01180516b492b0558ef76aac5a22e3e') in 0.0050276 seconds
Number of updated asset objects reloaded before import = 0Number of asset objects unloaded after import = 1

========================================================================
Received Import Request.
  Time since last request: 0.000095 seconds.
  path: Assets/Images/Sprites/Robot/robot_smoke_knockout_03.png
  artifactKey: Guid(968bc0a863a08e648b5910e886dfc81a) Importer(2089858483,b0f066a214c2f5e87bad3c948f4d605d)
Start importing Assets/Images/Sprites/Robot/robot_smoke_knockout_03.png using Guid(968bc0a863a08e648b5910e886dfc81a) Importer(2089858483,b0f066a214c2f5e87bad3c948f4d605d) (ScriptedImporter) -> (artifact id: 'ab580da178c3d4506001001addf71f2e') in 0.0222632 seconds
Number of updated asset objects reloaded before import = 0Number of asset objects unloaded after import = 3

========================================================================
Received Import Request.
  Time since last request: 0.000027 seconds.
  path: Assets/Animation/Hero/hero_idle_anim.anim
  artifactKey: Guid(ff435c2122c734acba826cfa56ac9f75) Importer(2089858483,b0f066a214c2f5e87bad3c948f4d605d)
Start importing Assets/Animation/Hero/hero_idle_anim.anim using Guid(ff435c2122c734acba826cfa56ac9f75) Importer(2089858483,b0f066a214c2f5e87bad3c948f4d605d) (ScriptedImporter) -> (artifact id: '8e00fea7be9ac3e7ffce63242a4fe026') in 0.0089459 seconds
Number of updated asset objects reloaded before import = 0Number of asset objects unloaded after import = 1

========================================================================
Received Import Request.
  Time since last request: 63.509738 seconds.
  path: Assets/King of Overbrawl/KING OF OVERBRAWL/GOOD/BOKO/BOKO BASIC/walk.png
  artifactKey: Guid(32db23b7ba5b9b14c92ad10bc15c16a3) Importer(2089858483,b0f066a214c2f5e87bad3c948f4d605d)
Start importing Assets/King of Overbrawl/KING OF OVERBRAWL/GOOD/BOKO/BOKO BASIC/walk.png using Guid(32db23b7ba5b9b14c92ad10bc15c16a3) Importer(2089858483,b0f066a214c2f5e87bad3c948f4d605d) (ScriptedImporter) -> (artifact id: '20b0f79cf3830594f88092dab8bf63a2') in 0.0429278 seconds
Number of updated asset objects reloaded before import = 0Number of asset objects unloaded after import = 20

========================================================================
Received Import Request.
  Time since last request: 0.000039 seconds.
  path: Assets/King of Overbrawl/KING OF OVERBRAWL/GOOD/VALKRO/PINK/sequence images/attack/attack_00013.png
  artifactKey: Guid(028b86ec04498604aa2e5f1eb133034c) Importer(2089858483,b0f066a214c2f5e87bad3c948f4d605d)
Start importing Assets/King of Overbrawl/KING OF OVERBRAWL/GOOD/VALKRO/PINK/sequence images/attack/attack_00013.png using Guid(028b86ec04498604aa2e5f1eb133034c) Importer(2089858483,b0f066a214c2f5e87bad3c948f4d605d) (ScriptedImporter) -> (artifact id: 'd8cb3ca60c0067efab65ce5acaa06a04') in 0.0121646 seconds
Number of updated asset objects reloaded before import = 0Number of asset objects unloaded after import = 3

========================================================================
Received Import Request.
  Time since last request: 0.000023 seconds.
  path: Assets/King of Overbrawl/KING OF OVERBRAWL/GOOD/VALKRO/PINK/sequence images/walk/walk_00004.png
  artifactKey: Guid(810c584cd9afb404f9c291504247658d) Importer(2089858483,b0f066a214c2f5e87bad3c948f4d605d)
Start importing Assets/King of Overbrawl/KING OF OVERBRAWL/GOOD/VALKRO/PINK/sequence images/walk/walk_00004.png using Guid(810c584cd9afb404f9c291504247658d) Importer(2089858483,b0f066a214c2f5e87bad3c948f4d605d) (ScriptedImporter) -> (artifact id: '8e68740ce063b88d5a03e2aabf4c9f21') in 0.0093793 seconds
Number of updated asset objects reloaded before import = 0Number of asset objects unloaded after import = 3

========================================================================
Received Import Request.
  Time since last request: 0.000032 seconds.
  path: Assets/King of Overbrawl/KING OF OVERBRAWL/BAD/GOBLIN 2 FIREBALL/animations/goblin1_idle.png
  artifactKey: Guid(f0fe53f683fba65488faf25e909ddde7) Importer(2089858483,b0f066a214c2f5e87bad3c948f4d605d)
Start importing Assets/King of Overbrawl/KING OF OVERBRAWL/BAD/GOBLIN 2 FIREBALL/animations/goblin1_idle.png using Guid(f0fe53f683fba65488faf25e909ddde7) Importer(2089858483,b0f066a214c2f5e87bad3c948f4d605d) (ScriptedImporter) -> (artifact id: '29cf6ef39c1fa86544e7b7157f65dad1') in 0.0453763 seconds
Number of updated asset objects reloaded before import = 0Number of asset objects unloaded after import = 26

========================================================================
Received Import Request.
  Time since last request: 0.000027 seconds.
  path: Assets/King of Overbrawl/KING OF OVERBRAWL/GOOD/VALKRO/PURPLE/sequence images-1/walk
  artifactKey: Guid(3c3e6f8f31d4faa44912fa5464e550f8) Importer(2089858483,b0f066a214c2f5e87bad3c948f4d605d)
Start importing Assets/King of Overbrawl/KING OF OVERBRAWL/GOOD/VALKRO/PURPLE/sequence images-1/walk using Guid(3c3e6f8f31d4faa44912fa5464e550f8) Importer(2089858483,b0f066a214c2f5e87bad3c948f4d605d) (ScriptedImporter) -> (artifact id: '6bc163e617f76bb2e6071a70c203aa58') in 0.0022866 seconds
Number of updated asset objects reloaded before import = 0Number of asset objects unloaded after import = 1

========================================================================
Received Import Request.
  Time since last request: 0.000107 seconds.
  path: Assets/King of Overbrawl/KING OF OVERBRAWL/GOOD/VALKRO/PURPLE/sequence images-1/idle/p_00018.png
  artifactKey: Guid(194aac8b1fefa6c44a738a0b6bd8da04) Importer(2089858483,b0f066a214c2f5e87bad3c948f4d605d)
Start importing Assets/King of Overbrawl/KING OF OVERBRAWL/GOOD/VALKRO/PURPLE/sequence images-1/idle/p_00018.png using Guid(194aac8b1fefa6c44a738a0b6bd8da04) Importer(2089858483,b0f066a214c2f5e87bad3c948f4d605d) (ScriptedImporter) -> (artifact id: '7b3f055a6b29b3c69d25ce149dfa9e3b') in 0.0100291 seconds
Number of updated asset objects reloaded before import = 0Number of asset objects unloaded after import = 3

========================================================================
Received Import Request.
  Time since last request: 0.000032 seconds.
  path: Assets/King of Overbrawl/KING OF OVERBRAWL/GOOD/VALKRO/PINK/sequence images/attack/attack_00006.png
  artifactKey: Guid(cb538e2b5450524418ea865c7a5daa1c) Importer(2089858483,b0f066a214c2f5e87bad3c948f4d605d)
Start importing Assets/King of Overbrawl/KING OF OVERBRAWL/GOOD/VALKRO/PINK/sequence images/attack/attack_00006.png using Guid(cb538e2b5450524418ea865c7a5daa1c) Importer(2089858483,b0f066a214c2f5e87bad3c948f4d605d) (ScriptedImporter) -> (artifact id: '0b77fee21761dca7470cdbc7d64eb278') in 0.0136531 seconds
Number of updated asset objects reloaded before import = 0Number of asset objects unloaded after import = 3

========================================================================
Received Import Request.
  Time since last request: 0.000033 seconds.
  path: Assets/King of Overbrawl/KING OF OVERBRAWL/GOOD/VALKRO/PURPLE/sequence images-1/attack/p_00002.png
  artifactKey: Guid(156216db41e0bad4eb83a300cdc9d65d) Importer(2089858483,b0f066a214c2f5e87bad3c948f4d605d)
Start importing Assets/King of Overbrawl/KING OF OVERBRAWL/GOOD/VALKRO/PURPLE/sequence images-1/attack/p_00002.png using Guid(156216db41e0bad4eb83a300cdc9d65d) Importer(2089858483,b0f066a214c2f5e87bad3c948f4d605d) (ScriptedImporter) -> (artifact id: '97800a27e225967fd82120473516b699') in 0.0152861 seconds
Number of updated asset objects reloaded before import = 0Number of asset objects unloaded after import = 3

========================================================================
Received Import Request.
  Time since last request: 0.000024 seconds.
  path: Assets/King of Overbrawl/KING OF OVERBRAWL/BGBOKO/backgorund.png
  artifactKey: Guid(04c15cee7d13ca04cbcc7c69184a8c65) Importer(2089858483,b0f066a214c2f5e87bad3c948f4d605d)
Start importing Assets/King of Overbrawl/KING OF OVERBRAWL/BGBOKO/backgorund.png using Guid(04c15cee7d13ca04cbcc7c69184a8c65) Importer(2089858483,b0f066a214c2f5e87bad3c948f4d605d) (ScriptedImporter) -> (artifact id: '912c2a160a3cd55d09052e53b1329487') in 0.0160767 seconds
Number of updated asset objects reloaded before import = 0Number of asset objects unloaded after import = 3

========================================================================
Received Import Request.
  Time since last request: 0.000023 seconds.
  path: Assets/King of Overbrawl/KING OF OVERBRAWL/GOOD/VALKRO/PURPLE/sequence images-1/idle/p_00003.png
  artifactKey: Guid(8515fb5724335b94da8b7b48f82afdbc) Importer(2089858483,b0f066a214c2f5e87bad3c948f4d605d)
Start importing Assets/King of Overbrawl/KING OF OVERBRAWL/GOOD/VALKRO/PURPLE/sequence images-1/idle/p_00003.png using Guid(8515fb5724335b94da8b7b48f82afdbc) Importer(2089858483,b0f066a214c2f5e87bad3c948f4d605d) (ScriptedImporter) -> (artifact id: 'f1f285b558db002731a4a0dba3de03f9') in 0.0126342 seconds
Number of updated asset objects reloaded before import = 0Number of asset objects unloaded after import = 3

========================================================================
Received Import Request.
  Time since last request: 0.000025 seconds.
  path: Assets/King of Overbrawl/KING OF OVERBRAWL/BAD/GOBLIN 1/animations-1/melee_death.png
  artifactKey: Guid(056d50d9df5d1234a8650c72d2051369) Importer(2089858483,b0f066a214c2f5e87bad3c948f4d605d)
Start importing Assets/King of Overbrawl/KING OF OVERBRAWL/BAD/GOBLIN 1/animations-1/melee_death.png using Guid(056d50d9df5d1234a8650c72d2051369) Importer(2089858483,b0f066a214c2f5e87bad3c948f4d605d) (ScriptedImporter) -> (artifact id: '2d585bffe45fc1ee7e6c25619a9c25ae') in 0.0454703 seconds
Number of updated asset objects reloaded before import = 0Number of asset objects unloaded after import = 22

========================================================================
Received Import Request.
  Time since last request: 0.000022 seconds.
  path: Assets/King of Overbrawl/KING OF OVERBRAWL/BGBOKO/Episode 5/5-1.png
  artifactKey: Guid(f34991f4754818a4baa8e1b4caa0ca4d) Importer(2089858483,b0f066a214c2f5e87bad3c948f4d605d)
Start importing Assets/King of Overbrawl/KING OF OVERBRAWL/BGBOKO/Episode 5/5-1.png using Guid(f34991f4754818a4baa8e1b4caa0ca4d) Importer(2089858483,b0f066a214c2f5e87bad3c948f4d605d) (ScriptedImporter) -> (artifact id: '6b69af1657f0691198aa086c67466351') in 0.012524 seconds
Number of updated asset objects reloaded before import = 0Number of asset objects unloaded after import = 3

========================================================================
Received Import Request.
  Time since last request: 0.000026 seconds.
  path: Assets/King of Overbrawl/KING OF OVERBRAWL/GOOD/VALKRO/PINK/sequence images/walk/walk_00017.png
  artifactKey: Guid(993a4d71b1bfdcb4eac4fbaa21a17e55) Importer(2089858483,b0f066a214c2f5e87bad3c948f4d605d)
Start importing Assets/King of Overbrawl/KING OF OVERBRAWL/GOOD/VALKRO/PINK/sequence images/walk/walk_00017.png using Guid(993a4d71b1bfdcb4eac4fbaa21a17e55) Importer(2089858483,b0f066a214c2f5e87bad3c948f4d605d) (ScriptedImporter) -> (artifact id: '73032bfd9d10479eb027625118a90e30') in 0.0102766 seconds
Number of updated asset objects reloaded before import = 0Number of asset objects unloaded after import = 3

========================================================================
Received Import Request.
  Time since last request: 0.000023 seconds.
  path: Assets/King of Overbrawl/KING OF OVERBRAWL/GOOD/VALKRO/PURPLE/sequence images-1/idle/p_00008.png
  artifactKey: Guid(8ecc0b1188e32394ba6c0d783664ac3e) Importer(2089858483,b0f066a214c2f5e87bad3c948f4d605d)
Start importing Assets/King of Overbrawl/KING OF OVERBRAWL/GOOD/VALKRO/PURPLE/sequence images-1/idle/p_00008.png using Guid(8ecc0b1188e32394ba6c0d783664ac3e) Importer(2089858483,b0f066a214c2f5e87bad3c948f4d605d) (ScriptedImporter) -> (artifact id: '79e1a5993b2a9bd0f8d805437031d699') in 0.0103303 seconds
Number of updated asset objects reloaded before import = 0Number of asset objects unloaded after import = 3

========================================================================
Received Import Request.
  Time since last request: 0.000050 seconds.
  path: Assets/King of Overbrawl/KING OF OVERBRAWL/GOOD/VALKRO/PURPLE
  artifactKey: Guid(8fe046595a3d34a4f937cff687978b08) Importer(2089858483,b0f066a214c2f5e87bad3c948f4d605d)
Start importing Assets/King of Overbrawl/KING OF OVERBRAWL/GOOD/VALKRO/PURPLE using Guid(8fe046595a3d34a4f937cff687978b08) Importer(2089858483,b0f066a214c2f5e87bad3c948f4d605d) (ScriptedImporter) -> (artifact id: '5ed0674156ed66ce26a5bca5f5f35128') in 0.0035354 seconds
Number of updated asset objects reloaded before import = 0Number of asset objects unloaded after import = 1

========================================================================
Received Import Request.
  Time since last request: 0.000050 seconds.
  path: Assets/King of Overbrawl/KING OF OVERBRAWL/ASSETS/GOLD/03_a chest of gold coins.png
  artifactKey: Guid(545924dac846f5146a7b0c267ce30971) Importer(2089858483,b0f066a214c2f5e87bad3c948f4d605d)
Start importing Assets/King of Overbrawl/KING OF OVERBRAWL/ASSETS/GOLD/03_a chest of gold coins.png using Guid(545924dac846f5146a7b0c267ce30971) Importer(2089858483,b0f066a214c2f5e87bad3c948f4d605d) (ScriptedImporter) -> (artifact id: '2bd128f068108935e185a80d0f0917bd') in 0.0095749 seconds
Number of updated asset objects reloaded before import = 0Number of asset objects unloaded after import = 3

========================================================================
Received Import Request.
  Time since last request: 0.000019 seconds.
  path: Assets/King of Overbrawl/KING OF OVERBRAWL/Temp/FSTimeGet-efe2eac17df268c45aeeae5953f3dbe7
  artifactKey: Guid(607c5f848681f6a41900f6e736c95ef7) Importer(2089858483,b0f066a214c2f5e87bad3c948f4d605d)
Start importing Assets/King of Overbrawl/KING OF OVERBRAWL/Temp/FSTimeGet-efe2eac17df268c45aeeae5953f3dbe7 using Guid(607c5f848681f6a41900f6e736c95ef7) Importer(2089858483,b0f066a214c2f5e87bad3c948f4d605d) (ScriptedImporter) -> (artifact id: '88e20b1a53ebbda4b40ca66ac4f749bb') in 0.0035964 seconds
Number of updated asset objects reloaded before import = 0Number of asset objects unloaded after import = 1

========================================================================
Received Import Request.
  Time since last request: 0.000033 seconds.
  path: Assets/King of Overbrawl/KING OF OVERBRAWL/GOOD/VALKRO/PINK/sequence images/walk/walk_00010.png
  artifactKey: Guid(4e0a22db7e1c51e41844d11f269203ad) Importer(2089858483,b0f066a214c2f5e87bad3c948f4d605d)
Start importing Assets/King of Overbrawl/KING OF OVERBRAWL/GOOD/VALKRO/PINK/sequence images/walk/walk_00010.png using Guid(4e0a22db7e1c51e41844d11f269203ad) Importer(2089858483,b0f066a214c2f5e87bad3c948f4d605d) (ScriptedImporter) -> (artifact id: '0258c1fc5875aa39fce05eaa4e420406') in 0.0145558 seconds
Number of updated asset objects reloaded before import = 0Number of asset objects unloaded after import = 3

========================================================================
Received Import Request.
  Time since last request: 0.000037 seconds.
  path: Assets/King of Overbrawl/KING OF OVERBRAWL/GOOD/BOKO/BOKO BASIC/death.png
  artifactKey: Guid(0a49ea3a4367ce249bcb86dd0c5f8824) Importer(2089858483,b0f066a214c2f5e87bad3c948f4d605d)
Start importing Assets/King of Overbrawl/KING OF OVERBRAWL/GOOD/BOKO/BOKO BASIC/death.png using Guid(0a49ea3a4367ce249bcb86dd0c5f8824) Importer(2089858483,b0f066a214c2f5e87bad3c948f4d605d) (ScriptedImporter) -> (artifact id: '7bb4562648f4cb3b06a630a2621e36fe') in 0.0508365 seconds
Number of updated asset objects reloaded before import = 0Number of asset objects unloaded after import = 29

========================================================================
Received Import Request.
  Time since last request: 0.000026 seconds.
  path: Assets/King of Overbrawl/KING OF OVERBRAWL/GOOD/VALKRO/PURPLE/sequence images-1/walk/p_00005.png
  artifactKey: Guid(a322405a1742c3a429afeb7c7f73d7ce) Importer(2089858483,b0f066a214c2f5e87bad3c948f4d605d)
Start importing Assets/King of Overbrawl/KING OF OVERBRAWL/GOOD/VALKRO/PURPLE/sequence images-1/walk/p_00005.png using Guid(a322405a1742c3a429afeb7c7f73d7ce) Importer(2089858483,b0f066a214c2f5e87bad3c948f4d605d) (ScriptedImporter) -> (artifact id: 'a11cb03149ac00e58b29a835c0b27c53') in 0.0127673 seconds
Number of updated asset objects reloaded before import = 0Number of asset objects unloaded after import = 3

========================================================================
Received Import Request.
  Time since last request: 0.000064 seconds.
  path: Assets/King of Overbrawl/KING OF OVERBRAWL/GOOD/VALKRO/PINK/sequence images/idle/idle_00024.png
  artifactKey: Guid(b2641a48668af3e4982fc87165f077a8) Importer(2089858483,b0f066a214c2f5e87bad3c948f4d605d)
Start importing Assets/King of Overbrawl/KING OF OVERBRAWL/GOOD/VALKRO/PINK/sequence images/idle/idle_00024.png using Guid(b2641a48668af3e4982fc87165f077a8) Importer(2089858483,b0f066a214c2f5e87bad3c948f4d605d) (ScriptedImporter) -> (artifact id: 'ff7f21b86f39aa7d0c3bd293f5e98640') in 0.0118271 seconds
Number of updated asset objects reloaded before import = 0Number of asset objects unloaded after import = 3

========================================================================
Received Import Request.
  Time since last request: 0.000025 seconds.
  path: Assets/King of Overbrawl/KING OF OVERBRAWL/GOOD/VALKRO/PINK/sequence images/idle/idle_00006.png
  artifactKey: Guid(0df63a0488fd4fb48bb77b34ebefd491) Importer(2089858483,b0f066a214c2f5e87bad3c948f4d605d)
Start importing Assets/King of Overbrawl/KING OF OVERBRAWL/GOOD/VALKRO/PINK/sequence images/idle/idle_00006.png using Guid(0df63a0488fd4fb48bb77b34ebefd491) Importer(2089858483,b0f066a214c2f5e87bad3c948f4d605d) (ScriptedImporter) -> (artifact id: '1f98dca269b8c0fb97a8bffde35f55ce') in 0.0102987 seconds
Number of updated asset objects reloaded before import = 0Number of asset objects unloaded after import = 3

========================================================================
Received Import Request.
  Time since last request: 0.000028 seconds.
  path: Assets/King of Overbrawl/KING OF OVERBRAWL/GOOD/VALKRO/PURPLE/sequence images-1/attack/p_00012.png
  artifactKey: Guid(5244eacc41023204b8a3af6c8d3a0c58) Importer(2089858483,b0f066a214c2f5e87bad3c948f4d605d)
Start importing Assets/King of Overbrawl/KING OF OVERBRAWL/GOOD/VALKRO/PURPLE/sequence images-1/attack/p_00012.png using Guid(5244eacc41023204b8a3af6c8d3a0c58) Importer(2089858483,b0f066a214c2f5e87bad3c948f4d605d) (ScriptedImporter) -> (artifact id: '6274c8a1f5baec9b4d6c7762a7a779af') in 0.0128867 seconds
Number of updated asset objects reloaded before import = 0Number of asset objects unloaded after import = 3

========================================================================
Received Import Request.
  Time since last request: 0.000029 seconds.
  path: Assets/King of Overbrawl/KING OF OVERBRAWL/GOOD/VALKRO/PURPLE/sequence images-1/die/p_00001.png
  artifactKey: Guid(6599421c245a8c14e83beed97bef5fc2) Importer(2089858483,b0f066a214c2f5e87bad3c948f4d605d)
Start importing Assets/King of Overbrawl/KING OF OVERBRAWL/GOOD/VALKRO/PURPLE/sequence images-1/die/p_00001.png using Guid(6599421c245a8c14e83beed97bef5fc2) Importer(2089858483,b0f066a214c2f5e87bad3c948f4d605d) (ScriptedImporter) -> (artifact id: '6b43f022dc77c9a16e12deec3a3d58f0') in 0.0097983 seconds
Number of updated asset objects reloaded before import = 0Number of asset objects unloaded after import = 3

========================================================================
Received Import Request.
  Time since last request: 0.000029 seconds.
  path: Assets/King of Overbrawl/KING OF OVERBRAWL/BGBOKO/4B.png
  artifactKey: Guid(391cc6d2b65a5424db09b3a1037bbe5c) Importer(2089858483,b0f066a214c2f5e87bad3c948f4d605d)
Start importing Assets/King of Overbrawl/KING OF OVERBRAWL/BGBOKO/4B.png using Guid(391cc6d2b65a5424db09b3a1037bbe5c) Importer(2089858483,b0f066a214c2f5e87bad3c948f4d605d) (ScriptedImporter) -> (artifact id: 'edaa762290fe1bcaf9d178378e756f40') in 0.0208182 seconds
Number of updated asset objects reloaded before import = 0Number of asset objects unloaded after import = 3

========================================================================
Received Import Request.
  Time since last request: 0.000023 seconds.
  path: Assets/King of Overbrawl/KING OF OVERBRAWL/BAD/BLUE WOLF/werewolf_attack.png
  artifactKey: Guid(e39d024f310579a41950c7dc36f10470) Importer(2089858483,b0f066a214c2f5e87bad3c948f4d605d)
Start importing Assets/King of Overbrawl/KING OF OVERBRAWL/BAD/BLUE WOLF/werewolf_attack.png using Guid(e39d024f310579a41950c7dc36f10470) Importer(2089858483,b0f066a214c2f5e87bad3c948f4d605d) (ScriptedImporter) -> (artifact id: '4c5a148765d3c0c03dc774781057e64a') in 0.0352291 seconds
Number of updated asset objects reloaded before import = 0Number of asset objects unloaded after import = 18

========================================================================
Received Import Request.
  Time since last request: 0.000030 seconds.
  path: Assets/King of Overbrawl/KING OF OVERBRAWL/GOOD/VALKRO/PINK/sequence images/attack/attack_00020.png
  artifactKey: Guid(15bc961bb0abc4349bc1160775489d18) Importer(2089858483,b0f066a214c2f5e87bad3c948f4d605d)
Start importing Assets/King of Overbrawl/KING OF OVERBRAWL/GOOD/VALKRO/PINK/sequence images/attack/attack_00020.png using Guid(15bc961bb0abc4349bc1160775489d18) Importer(2089858483,b0f066a214c2f5e87bad3c948f4d605d) (ScriptedImporter) -> (artifact id: 'eec6dd8d4d212c6a4cab373f68e42f7c') in 0.0112366 seconds
Number of updated asset objects reloaded before import = 0Number of asset objects unloaded after import = 3

========================================================================
Received Import Request.
  Time since last request: 0.000036 seconds.
  path: Assets/King of Overbrawl/KING OF OVERBRAWL/GOOD/VALKRO/PINK/sequence images/idle/idle_00010.png
  artifactKey: Guid(e3d10a9e0fd9c4e40a61a0d972233dc4) Importer(2089858483,b0f066a214c2f5e87bad3c948f4d605d)
Start importing Assets/King of Overbrawl/KING OF OVERBRAWL/GOOD/VALKRO/PINK/sequence images/idle/idle_00010.png using Guid(e3d10a9e0fd9c4e40a61a0d972233dc4) Importer(2089858483,b0f066a214c2f5e87bad3c948f4d605d) (ScriptedImporter) -> (artifact id: '8d82c90ef146d445f56749cb0ff2fd1a') in 0.0112171 seconds
Number of updated asset objects reloaded before import = 0Number of asset objects unloaded after import = 3

========================================================================
Received Import Request.
  Time since last request: 0.000023 seconds.
  path: Assets/King of Overbrawl/KING OF OVERBRAWL/GOOD/VALKRO/PINK/sequence images/attack/attack_00008.png
  artifactKey: Guid(47cd0fb1407d8de4aa7440aa73705d0d) Importer(2089858483,b0f066a214c2f5e87bad3c948f4d605d)
Start importing Assets/King of Overbrawl/KING OF OVERBRAWL/GOOD/VALKRO/PINK/sequence images/attack/attack_00008.png using Guid(47cd0fb1407d8de4aa7440aa73705d0d) Importer(2089858483,b0f066a214c2f5e87bad3c948f4d605d) (ScriptedImporter) -> (artifact id: '9b283688d018468ac60a41f923edb4e3') in 0.0094563 seconds
Number of updated asset objects reloaded before import = 0Number of asset objects unloaded after import = 3

========================================================================
Received Import Request.
  Time since last request: 0.000028 seconds.
  path: Assets/King of Overbrawl/KING OF OVERBRAWL/GOOD/VALKRO/PINK/sequence images/walk/walk_00022.png
  artifactKey: Guid(649a4d31054728a4cb516600d06a4838) Importer(2089858483,b0f066a214c2f5e87bad3c948f4d605d)
Start importing Assets/King of Overbrawl/KING OF OVERBRAWL/GOOD/VALKRO/PINK/sequence images/walk/walk_00022.png using Guid(649a4d31054728a4cb516600d06a4838) Importer(2089858483,b0f066a214c2f5e87bad3c948f4d605d) (ScriptedImporter) -> (artifact id: 'bbad20c7757b8465f1f59a6cab5b78d2') in 0.0145724 seconds
Number of updated asset objects reloaded before import = 0Number of asset objects unloaded after import = 3

========================================================================
Received Import Request.
  Time since last request: 0.000016 seconds.
  path: Assets/King of Overbrawl/KING OF OVERBRAWL/GOOD/VALKRO/PURPLE/sequence images-1/idle
  artifactKey: Guid(dcb6cfe364c66a3479257a62ebd33358) Importer(2089858483,b0f066a214c2f5e87bad3c948f4d605d)
Start importing Assets/King of Overbrawl/KING OF OVERBRAWL/GOOD/VALKRO/PURPLE/sequence images-1/idle using Guid(dcb6cfe364c66a3479257a62ebd33358) Importer(2089858483,b0f066a214c2f5e87bad3c948f4d605d) (ScriptedImporter) -> (artifact id: 'bd419fa3405f6bb16d2ae3b34dda3ff9') in 0.0021935 seconds
Number of updated asset objects reloaded before import = 0Number of asset objects unloaded after import = 1

========================================================================
Received Import Request.
  Time since last request: 0.000058 seconds.
  path: Assets/King of Overbrawl/Animations/Movement/Death.anim
  artifactKey: Guid(77316193f7a2fe6409d45cc2e76fec9e) Importer(2089858483,b0f066a214c2f5e87bad3c948f4d605d)
Start importing Assets/King of Overbrawl/Animations/Movement/Death.anim using Guid(77316193f7a2fe6409d45cc2e76fec9e) Importer(2089858483,b0f066a214c2f5e87bad3c948f4d605d) (ScriptedImporter) -> (artifact id: 'c652e13e55cf27483f7395964b67dad2') in 0.0039129 seconds
Number of updated asset objects reloaded before import = 0Number of asset objects unloaded after import = 1

========================================================================
Received Import Request.
  Time since last request: 0.000044 seconds.
  path: Assets/King of Overbrawl/KING OF OVERBRAWL/BGBOKO/4A.png
  artifactKey: Guid(67adbeb730d0bc341be2ec8bfdd862b0) Importer(2089858483,b0f066a214c2f5e87bad3c948f4d605d)
Start importing Assets/King of Overbrawl/KING OF OVERBRAWL/BGBOKO/4A.png using Guid(67adbeb730d0bc341be2ec8bfdd862b0) Importer(2089858483,b0f066a214c2f5e87bad3c948f4d605d) (ScriptedImporter) -> (artifact id: 'c9e0979e7a53915a3f6332fe5e456573') in 0.015971 seconds
Number of updated asset objects reloaded before import = 0Number of asset objects unloaded after import = 3

========================================================================
Received Import Request.
  Time since last request: 0.000043 seconds.
  path: Assets/King of Overbrawl/KING OF OVERBRAWL/GOOD/VALKRO/HORRIBLEWORK DELIVERED/example sprite animations/c1-idle.gif
  artifactKey: Guid(74bd5a1ea42664541841cadfc8d58233) Importer(2089858483,b0f066a214c2f5e87bad3c948f4d605d)
Start importing Assets/King of Overbrawl/KING OF OVERBRAWL/GOOD/VALKRO/HORRIBLEWORK DELIVERED/example sprite animations/c1-idle.gif using Guid(74bd5a1ea42664541841cadfc8d58233) Importer(2089858483,b0f066a214c2f5e87bad3c948f4d605d) (ScriptedImporter) -> (artifact id: '633b5212ca633b3314de8bd856a98291') in 0.0113035 seconds
Number of updated asset objects reloaded before import = 0Number of asset objects unloaded after import = 3

========================================================================
Received Import Request.
  Time since last request: 0.000044 seconds.
  path: Assets/King of Overbrawl/KING OF OVERBRAWL/GOOD/VALKRO/PINK/sequence images/idle/idle_00014.png
  artifactKey: Guid(459e62f21765fc2408446704c6a47514) Importer(2089858483,b0f066a214c2f5e87bad3c948f4d605d)
Start importing Assets/King of Overbrawl/KING OF OVERBRAWL/GOOD/VALKRO/PINK/sequence images/idle/idle_00014.png using Guid(459e62f21765fc2408446704c6a47514) Importer(2089858483,b0f066a214c2f5e87bad3c948f4d605d) (ScriptedImporter) -> (artifact id: '8a6d079d3eb1e5e8a2528f10ff37cbbb') in 0.0089903 seconds
Number of updated asset objects reloaded before import = 0Number of asset objects unloaded after import = 3

========================================================================
Received Import Request.
  Time since last request: 0.000023 seconds.
  path: Assets/King of Overbrawl/KING OF OVERBRAWL/BGBOKO/Episode 5
  artifactKey: Guid(e4a33e93db8fb494590da1b20d420edd) Importer(2089858483,b0f066a214c2f5e87bad3c948f4d605d)
Start importing Assets/King of Overbrawl/KING OF OVERBRAWL/BGBOKO/Episode 5 using Guid(e4a33e93db8fb494590da1b20d420edd) Importer(2089858483,b0f066a214c2f5e87bad3c948f4d605d) (ScriptedImporter) -> (artifact id: 'bbb1b083e4b3dd581248d025cc5c07a0') in 0.0036684 seconds
Number of updated asset objects reloaded before import = 0Number of asset objects unloaded after import = 1

========================================================================
Received Import Request.
  Time since last request: 0.000035 seconds.
  path: Assets/King of Overbrawl/KING OF OVERBRAWL/BGBOKO
  artifactKey: Guid(7fee1f2545acb704e9af4d2c74f06b16) Importer(2089858483,b0f066a214c2f5e87bad3c948f4d605d)
Start importing Assets/King of Overbrawl/KING OF OVERBRAWL/BGBOKO using Guid(7fee1f2545acb704e9af4d2c74f06b16) Importer(2089858483,b0f066a214c2f5e87bad3c948f4d605d) (ScriptedImporter) -> (artifact id: 'bb8cb82a4b4011406ce0787334455c5c') in 0.0029596 seconds
Number of updated asset objects reloaded before import = 0Number of asset objects unloaded after import = 1

========================================================================
Received Import Request.
  Time since last request: 0.000074 seconds.
  path: Assets/King of Overbrawl/KING OF OVERBRAWL/GOOD/BOKO/fist
  artifactKey: Guid(aea98d97b633dbd46b61f34d5327f651) Importer(2089858483,b0f066a214c2f5e87bad3c948f4d605d)
Start importing Assets/King of Overbrawl/KING OF OVERBRAWL/GOOD/BOKO/fist using Guid(aea98d97b633dbd46b61f34d5327f651) Importer(2089858483,b0f066a214c2f5e87bad3c948f4d605d) (ScriptedImporter) -> (artifact id: 'e381ec31a335108a9f0192c50a53d9e2') in 0.0024551 seconds
Number of updated asset objects reloaded before import = 0Number of asset objects unloaded after import = 1

========================================================================
Received Import Request.
  Time since last request: 0.000060 seconds.
  path: Assets/King of Overbrawl/KING OF OVERBRAWL/GOOD/BOKO/fist/fist1.png
  artifactKey: Guid(311301268229fce4cafc4cc021af21b7) Importer(2089858483,b0f066a214c2f5e87bad3c948f4d605d)
Start importing Assets/King of Overbrawl/KING OF OVERBRAWL/GOOD/BOKO/fist/fist1.png using Guid(311301268229fce4cafc4cc021af21b7) Importer(2089858483,b0f066a214c2f5e87bad3c948f4d605d) (ScriptedImporter) -> (artifact id: 'ab6440bc1281bd6baa40ec6b3819785b') in 0.0120949 seconds
Number of updated asset objects reloaded before import = 0Number of asset objects unloaded after import = 7

========================================================================
Received Import Request.
  Time since last request: 0.000021 seconds.
  path: Assets/King of Overbrawl/KING OF OVERBRAWL/GOOD/VALKRO/PURPLE/sequence images-1/die/p_00004.png
  artifactKey: Guid(5828a745f6b1f254691cd08cbbdbc731) Importer(2089858483,b0f066a214c2f5e87bad3c948f4d605d)
Start importing Assets/King of Overbrawl/KING OF OVERBRAWL/GOOD/VALKRO/PURPLE/sequence images-1/die/p_00004.png using Guid(5828a745f6b1f254691cd08cbbdbc731) Importer(2089858483,b0f066a214c2f5e87bad3c948f4d605d) (ScriptedImporter) -> (artifact id: 'e79505d8d682feb051d5a6b4b16eb5bb') in 0.0139765 seconds
Number of updated asset objects reloaded before import = 0Number of asset objects unloaded after import = 3

========================================================================
Received Import Request.
  Time since last request: 0.000032 seconds.
  path: Assets/King of Overbrawl/KING OF OVERBRAWL/GOOD/VALKRO/PINK/sequence images/idle/idle_00003.png
  artifactKey: Guid(b52967e41bd19d14e99d3d414188eeb1) Importer(2089858483,b0f066a214c2f5e87bad3c948f4d605d)
Start importing Assets/King of Overbrawl/KING OF OVERBRAWL/GOOD/VALKRO/PINK/sequence images/idle/idle_00003.png using Guid(b52967e41bd19d14e99d3d414188eeb1) Importer(2089858483,b0f066a214c2f5e87bad3c948f4d605d) (ScriptedImporter) -> (artifact id: 'ee8dc71463558be1c2d21f853759990c') in 0.0094033 seconds
Number of updated asset objects reloaded before import = 0Number of asset objects unloaded after import = 3

========================================================================
Received Import Request.
  Time since last request: 0.000023 seconds.
  path: Assets/King of Overbrawl/KING OF OVERBRAWL/GOOD/VALKRO/PURPLE/sequence images-1/attack/p_00017.png
  artifactKey: Guid(acd537ae238570e41883df179bd00851) Importer(2089858483,b0f066a214c2f5e87bad3c948f4d605d)
Start importing Assets/King of Overbrawl/KING OF OVERBRAWL/GOOD/VALKRO/PURPLE/sequence images-1/attack/p_00017.png using Guid(acd537ae238570e41883df179bd00851) Importer(2089858483,b0f066a214c2f5e87bad3c948f4d605d) (ScriptedImporter) -> (artifact id: 'fe6374fade032987a03dcdd178fd51cf') in 0.0101277 seconds
Number of updated asset objects reloaded before import = 0Number of asset objects unloaded after import = 3

========================================================================
Received Import Request.
  Time since last request: 0.000023 seconds.
  path: Assets/King of Overbrawl/KING OF OVERBRAWL/GOOD/BOKO/JUMPING GROUND SMASH
  artifactKey: Guid(d8b827af8c5dc5540819fb210d834ee0) Importer(2089858483,b0f066a214c2f5e87bad3c948f4d605d)
Start importing Assets/King of Overbrawl/KING OF OVERBRAWL/GOOD/BOKO/JUMPING GROUND SMASH using Guid(d8b827af8c5dc5540819fb210d834ee0) Importer(2089858483,b0f066a214c2f5e87bad3c948f4d605d) (ScriptedImporter) -> (artifact id: '83561d5cf3ca8d2c64d8685bcd70dd41') in 0.0032219 seconds
Number of updated asset objects reloaded before import = 0Number of asset objects unloaded after import = 1

========================================================================
Received Import Request.
  Time since last request: 0.000061 seconds.
  path: Assets/King of Overbrawl/KING OF OVERBRAWL/GOOD/VALKRO/PURPLE/sequence images-1/attack/p_00003.png
  artifactKey: Guid(84c50b9a6757245489d88acb09eb1492) Importer(2089858483,b0f066a214c2f5e87bad3c948f4d605d)
Start importing Assets/King of Overbrawl/KING OF OVERBRAWL/GOOD/VALKRO/PURPLE/sequence images-1/attack/p_00003.png using Guid(84c50b9a6757245489d88acb09eb1492) Importer(2089858483,b0f066a214c2f5e87bad3c948f4d605d) (ScriptedImporter) -> (artifact id: 'b32b1661e3164b0d92d002b12944d58c') in 0.0117082 seconds
Number of updated asset objects reloaded before import = 0Number of asset objects unloaded after import = 3

========================================================================
Received Import Request.
  Time since last request: 0.000030 seconds.
  path: Assets/King of Overbrawl/KING OF OVERBRAWL/GOOD/VALKRO/PINK/sequence images/walk/walk_00024.png
  artifactKey: Guid(5a6a3d6735a637849ba767bc217b18a6) Importer(2089858483,b0f066a214c2f5e87bad3c948f4d605d)
Start importing Assets/King of Overbrawl/KING OF OVERBRAWL/GOOD/VALKRO/PINK/sequence images/walk/walk_00024.png using Guid(5a6a3d6735a637849ba767bc217b18a6) Importer(2089858483,b0f066a214c2f5e87bad3c948f4d605d) (ScriptedImporter) -> (artifact id: '2aed4d0c13a1c2dd122a188fa80d6dfc') in 0.0097044 seconds
Number of updated asset objects reloaded before import = 0Number of asset objects unloaded after import = 3

========================================================================
Received Import Request.
  Time since last request: 0.000032 seconds.
  path: Assets/King of Overbrawl/KING OF OVERBRAWL/GOOD/VALKRO/PINK/sequence images/die/die_00022.png
  artifactKey: Guid(e0f928fc32084044fa9fa546c9dc765f) Importer(2089858483,b0f066a214c2f5e87bad3c948f4d605d)
Start importing Assets/King of Overbrawl/KING OF OVERBRAWL/GOOD/VALKRO/PINK/sequence images/die/die_00022.png using Guid(e0f928fc32084044fa9fa546c9dc765f) Importer(2089858483,b0f066a214c2f5e87bad3c948f4d605d) (ScriptedImporter) -> (artifact id: 'f3d9fc268ea3794a5b957aa23c1e299c') in 0.013056 seconds
Number of updated asset objects reloaded before import = 0Number of asset objects unloaded after import = 3

========================================================================
Received Import Request.
  Time since last request: 0.000024 seconds.
  path: Assets/King of Overbrawl/KING OF OVERBRAWL/GOOD/VALKRO/PURPLE/sequence images-1/walk/p_00003.png
  artifactKey: Guid(12eb56b95e67ce34884fe3391d148a34) Importer(2089858483,b0f066a214c2f5e87bad3c948f4d605d)
Start importing Assets/King of Overbrawl/KING OF OVERBRAWL/GOOD/VALKRO/PURPLE/sequence images-1/walk/p_00003.png using Guid(12eb56b95e67ce34884fe3391d148a34) Importer(2089858483,b0f066a214c2f5e87bad3c948f4d605d) (ScriptedImporter) -> (artifact id: '9a4dca03cef592ef0338488c5060a423') in 0.0145951 seconds
Number of updated asset objects reloaded before import = 0Number of asset objects unloaded after import = 3

========================================================================
Received Import Request.
  Time since last request: 0.000023 seconds.
  path: Assets/King of Overbrawl/KING OF OVERBRAWL/GOOD/VALKRO/PINK/sequence images/attack/attack_00023.png
  artifactKey: Guid(9f094aebdd963e947961fbe69079ecef) Importer(2089858483,b0f066a214c2f5e87bad3c948f4d605d)
Start importing Assets/King of Overbrawl/KING OF OVERBRAWL/GOOD/VALKRO/PINK/sequence images/attack/attack_00023.png using Guid(9f094aebdd963e947961fbe69079ecef) Importer(2089858483,b0f066a214c2f5e87bad3c948f4d605d) (ScriptedImporter) -> (artifact id: '6ddf1ba608519d23ce9adde473346d95') in 0.0104701 seconds
Number of updated asset objects reloaded before import = 0Number of asset objects unloaded after import = 3

========================================================================
Received Import Request.
  Time since last request: 0.000025 seconds.
  path: Assets/King of Overbrawl/KING OF OVERBRAWL/GOOD/VALKRO/PURPLE/sequence images-1/attack/p_00010.png
  artifactKey: Guid(9e5775d843604dc418b7c736f66ab10e) Importer(2089858483,b0f066a214c2f5e87bad3c948f4d605d)
Start importing Assets/King of Overbrawl/KING OF OVERBRAWL/GOOD/VALKRO/PURPLE/sequence images-1/attack/p_00010.png using Guid(9e5775d843604dc418b7c736f66ab10e) Importer(2089858483,b0f066a214c2f5e87bad3c948f4d605d) (ScriptedImporter) -> (artifact id: '608f74ad9c74f61ad51c7b1014b462df') in 0.0107036 seconds
Number of updated asset objects reloaded before import = 0Number of asset objects unloaded after import = 3

========================================================================
Received Import Request.
  Time since last request: 0.000025 seconds.
  path: Assets/King of Overbrawl/KING OF OVERBRAWL/BGBOKO/PSSM_Stage8.png
  artifactKey: Guid(2551b8a57386c5c499697f1ff9e12325) Importer(2089858483,b0f066a214c2f5e87bad3c948f4d605d)
Start importing Assets/King of Overbrawl/KING OF OVERBRAWL/BGBOKO/PSSM_Stage8.png using Guid(2551b8a57386c5c499697f1ff9e12325) Importer(2089858483,b0f066a214c2f5e87bad3c948f4d605d) (ScriptedImporter) -> (artifact id: 'ca0799570721cf9b894d129818db32c7') in 0.0096766 seconds
Number of updated asset objects reloaded before import = 0Number of asset objects unloaded after import = 3

========================================================================
Received Import Request.
  Time since last request: 0.000025 seconds.
  path: Assets/King of Overbrawl/KING OF OVERBRAWL/ASSETS/FOOD/04_a plate of chicken katsu curry.png
  artifactKey: Guid(bd02ea137f0ce2c4aa08f27f05eafb9b) Importer(2089858483,b0f066a214c2f5e87bad3c948f4d605d)
Start importing Assets/King of Overbrawl/KING OF OVERBRAWL/ASSETS/FOOD/04_a plate of chicken katsu curry.png using Guid(bd02ea137f0ce2c4aa08f27f05eafb9b) Importer(2089858483,b0f066a214c2f5e87bad3c948f4d605d) (ScriptedImporter) -> (artifact id: '11791a4b2823d4a2a92074b67899204f') in 0.0096156 seconds
Number of updated asset objects reloaded before import = 0Number of asset objects unloaded after import = 3

========================================================================
Received Import Request.
  Time since last request: 0.000024 seconds.
  path: Assets/King of Overbrawl/KING OF OVERBRAWL/BAD/GOBLIN 1/animations-1/melee_walk.png
  artifactKey: Guid(4875f67bb2ac25e45bf7df48bc6c82cc) Importer(2089858483,b0f066a214c2f5e87bad3c948f4d605d)
Start importing Assets/King of Overbrawl/KING OF OVERBRAWL/BAD/GOBLIN 1/animations-1/melee_walk.png using Guid(4875f67bb2ac25e45bf7df48bc6c82cc) Importer(2089858483,b0f066a214c2f5e87bad3c948f4d605d) (ScriptedImporter) -> (artifact id: 'f420faf6cf86b5c6a3c9eb8ac11046d5') in 0.038808 seconds
Number of updated asset objects reloaded before import = 0Number of asset objects unloaded after import = 20

========================================================================
Received Import Request.
  Time since last request: 0.000026 seconds.
  path: Assets/King of Overbrawl/KING OF OVERBRAWL/GOOD/VALKRO/PURPLE/sequence images-1/walk/p_00017.png
  artifactKey: Guid(f57e29d611cc6d84abed4cfe2738d633) Importer(2089858483,b0f066a214c2f5e87bad3c948f4d605d)
Start importing Assets/King of Overbrawl/KING OF OVERBRAWL/GOOD/VALKRO/PURPLE/sequence images-1/walk/p_00017.png using Guid(f57e29d611cc6d84abed4cfe2738d633) Importer(2089858483,b0f066a214c2f5e87bad3c948f4d605d) (ScriptedImporter) -> (artifact id: 'f489c704ab05202cba8a4d77c0ff947b') in 0.0107263 seconds
Number of updated asset objects reloaded before import = 0Number of asset objects unloaded after import = 3

========================================================================
Received Import Request.
  Time since last request: 0.000028 seconds.
  path: Assets/King of Overbrawl/KING OF OVERBRAWL/GOOD/VALKRO/PINK/sequence images/die/die_00011.png
  artifactKey: Guid(629896b1a34775d45ad441d3a07eacef) Importer(2089858483,b0f066a214c2f5e87bad3c948f4d605d)
Start importing Assets/King of Overbrawl/KING OF OVERBRAWL/GOOD/VALKRO/PINK/sequence images/die/die_00011.png using Guid(629896b1a34775d45ad441d3a07eacef) Importer(2089858483,b0f066a214c2f5e87bad3c948f4d605d) (ScriptedImporter) -> (artifact id: 'f906128cb107152f308e96deca79cfb9') in 0.0095256 seconds
Number of updated asset objects reloaded before import = 0Number of asset objects unloaded after import = 3

========================================================================
Received Import Request.
  Time since last request: 0.000027 seconds.
  path: Assets/King of Overbrawl/KING OF OVERBRAWL/GOOD/VALKRO/PURPLE/sequence images-1/die/p_00018.png
  artifactKey: Guid(268fd1a0a51408641b8194013e686000) Importer(2089858483,b0f066a214c2f5e87bad3c948f4d605d)
Start importing Assets/King of Overbrawl/KING OF OVERBRAWL/GOOD/VALKRO/PURPLE/sequence images-1/die/p_00018.png using Guid(268fd1a0a51408641b8194013e686000) Importer(2089858483,b0f066a214c2f5e87bad3c948f4d605d) (ScriptedImporter) -> (artifact id: '85f2f4e31e1f6d18c56432e24db0aa80') in 0.0099336 seconds
Number of updated asset objects reloaded before import = 0Number of asset objects unloaded after import = 3

========================================================================
Received Import Request.
  Time since last request: 0.000034 seconds.
  path: Assets/King of Overbrawl/KING OF OVERBRAWL/BAD/GOBLIN 1/animations-1/range_idle.png
  artifactKey: Guid(3bfdcfa27d9d6a748a6c9cb1b6108dff) Importer(2089858483,b0f066a214c2f5e87bad3c948f4d605d)
Start importing Assets/King of Overbrawl/KING OF OVERBRAWL/BAD/GOBLIN 1/animations-1/range_idle.png using Guid(3bfdcfa27d9d6a748a6c9cb1b6108dff) Importer(2089858483,b0f066a214c2f5e87bad3c948f4d605d) (ScriptedImporter) -> (artifact id: '75a936486ba00f3d1279c4f926b12df3') in 0.0485232 seconds
Number of updated asset objects reloaded before import = 0Number of asset objects unloaded after import = 26

========================================================================
Received Import Request.
  Time since last request: 0.000019 seconds.
  path: Assets/King of Overbrawl/KING OF OVERBRAWL/BAD/GOBLIN 2 FIREBALL/animations
  artifactKey: Guid(9ffa1faf8f6d51e49a9d16089699daca) Importer(2089858483,b0f066a214c2f5e87bad3c948f4d605d)
Start importing Assets/King of Overbrawl/KING OF OVERBRAWL/BAD/GOBLIN 2 FIREBALL/animations using Guid(9ffa1faf8f6d51e49a9d16089699daca) Importer(2089858483,b0f066a214c2f5e87bad3c948f4d605d) (ScriptedImporter) -> (artifact id: 'd77d2d7368f67d1447d9006a4130e612') in 0.0022092 seconds
Number of updated asset objects reloaded before import = 0Number of asset objects unloaded after import = 1

========================================================================
Received Import Request.
  Time since last request: 0.000055 seconds.
  path: Assets/King of Overbrawl/KING OF OVERBRAWL/GOOD/VALKRO/PURPLE/sequence images-1/walk/p_00022.png
  artifactKey: Guid(f2ed4df9163ed374a9a499bfd08ab6ee) Importer(2089858483,b0f066a214c2f5e87bad3c948f4d605d)
Start importing Assets/King of Overbrawl/KING OF OVERBRAWL/GOOD/VALKRO/PURPLE/sequence images-1/walk/p_00022.png using Guid(f2ed4df9163ed374a9a499bfd08ab6ee) Importer(2089858483,b0f066a214c2f5e87bad3c948f4d605d) (ScriptedImporter) -> (artifact id: '9c6c5890e049db83a8b8886f2426c12c') in 0.0120911 seconds
Number of updated asset objects reloaded before import = 0Number of asset objects unloaded after import = 3

========================================================================
Received Import Request.
  Time since last request: 0.000039 seconds.
  path: Assets/King of Overbrawl/KING OF OVERBRAWL/GOOD/VALKRO/HORRIBLEWORK DELIVERED/example sprite animations/c1-dead.gif
  artifactKey: Guid(cde586b8dbdbd2d4191a3ffcdb890ff8) Importer(2089858483,b0f066a214c2f5e87bad3c948f4d605d)
Start importing Assets/King of Overbrawl/KING OF OVERBRAWL/GOOD/VALKRO/HORRIBLEWORK DELIVERED/example sprite animations/c1-dead.gif using Guid(cde586b8dbdbd2d4191a3ffcdb890ff8) Importer(2089858483,b0f066a214c2f5e87bad3c948f4d605d) (ScriptedImporter) -> (artifact id: '9f1d5cbb0bbd9ff854859b1c7dda2bbc') in 0.0142071 seconds
Number of updated asset objects reloaded before import = 0Number of asset objects unloaded after import = 3

========================================================================
Received Import Request.
  Time since last request: 0.000021 seconds.
  path: Assets/King of Overbrawl/KING OF OVERBRAWL/GOOD/VALKRO/PINK/sequence images/die/die_00003.png
  artifactKey: Guid(fef80014514a5ab448d7518ce60c10b8) Importer(2089858483,b0f066a214c2f5e87bad3c948f4d605d)
Start importing Assets/King of Overbrawl/KING OF OVERBRAWL/GOOD/VALKRO/PINK/sequence images/die/die_00003.png using Guid(fef80014514a5ab448d7518ce60c10b8) Importer(2089858483,b0f066a214c2f5e87bad3c948f4d605d) (ScriptedImporter) -> (artifact id: '729cfcc280a9895b59618f5c083c7843') in 0.0167526 seconds
Number of updated asset objects reloaded before import = 0Number of asset objects unloaded after import = 3

========================================================================
Received Import Request.
  Time since last request: 0.000025 seconds.
  path: Assets/King of Overbrawl/KING OF OVERBRAWL/GOOD/VALKRO/PINK/sequence images/idle/idle_00008.png
  artifactKey: Guid(fdaa52f6fd59b0a4bb9dea340f186595) Importer(2089858483,b0f066a214c2f5e87bad3c948f4d605d)
Start importing Assets/King of Overbrawl/KING OF OVERBRAWL/GOOD/VALKRO/PINK/sequence images/idle/idle_00008.png using Guid(fdaa52f6fd59b0a4bb9dea340f186595) Importer(2089858483,b0f066a214c2f5e87bad3c948f4d605d) (ScriptedImporter) -> (artifact id: 'b49b732e25461301a7b84dff099f6282') in 0.0098582 seconds
Number of updated asset objects reloaded before import = 0Number of asset objects unloaded after import = 3

========================================================================
Received Import Request.
  Time since last request: 0.000037 seconds.
  path: Assets/King of Overbrawl/KING OF OVERBRAWL/GOOD/VALKRO/PURPLE/sequence images-1/die/p_00015.png
  artifactKey: Guid(44e32a4aaaeac5240b919ba5f3318413) Importer(2089858483,b0f066a214c2f5e87bad3c948f4d605d)
Start importing Assets/King of Overbrawl/KING OF OVERBRAWL/GOOD/VALKRO/PURPLE/sequence images-1/die/p_00015.png using Guid(44e32a4aaaeac5240b919ba5f3318413) Importer(2089858483,b0f066a214c2f5e87bad3c948f4d605d) (ScriptedImporter) -> (artifact id: '671b428ab50252bfb0eea42bf57091a5') in 0.0105596 seconds
Number of updated asset objects reloaded before import = 0Number of asset objects unloaded after import = 3

========================================================================
Received Import Request.
  Time since last request: 0.000030 seconds.
  path: Assets/King of Overbrawl/KING OF OVERBRAWL/GOOD/VALKRO/PURPLE/sequence images-1/idle/p_00004.png
  artifactKey: Guid(3daca9d80aa74af4f805bdaec5c9a5e8) Importer(2089858483,b0f066a214c2f5e87bad3c948f4d605d)
Start importing Assets/King of Overbrawl/KING OF OVERBRAWL/GOOD/VALKRO/PURPLE/sequence images-1/idle/p_00004.png using Guid(3daca9d80aa74af4f805bdaec5c9a5e8) Importer(2089858483,b0f066a214c2f5e87bad3c948f4d605d) (ScriptedImporter) -> (artifact id: '0914577110a764afff041e86f06051cf') in 0.009867 seconds
Number of updated asset objects reloaded before import = 0Number of asset objects unloaded after import = 3

========================================================================
Received Import Request.
  Time since last request: 0.000018 seconds.
  path: Assets/King of Overbrawl/KING OF OVERBRAWL/GOOD/VALKRO/PINK/sequence images/attack/attack_00003.png
  artifactKey: Guid(5eb684ab39b4ce943835d2946119e0f5) Importer(2089858483,b0f066a214c2f5e87bad3c948f4d605d)
Start importing Assets/King of Overbrawl/KING OF OVERBRAWL/GOOD/VALKRO/PINK/sequence images/attack/attack_00003.png using Guid(5eb684ab39b4ce943835d2946119e0f5) Importer(2089858483,b0f066a214c2f5e87bad3c948f4d605d) (ScriptedImporter) -> (artifact id: 'd08b4433a7dda7bd600e49d5e7f8ea98') in 0.0097223 seconds
Number of updated asset objects reloaded before import = 0Number of asset objects unloaded after import = 3

========================================================================
Received Import Request.
  Time since last request: 0.000024 seconds.
  path: Assets/King of Overbrawl/KING OF OVERBRAWL/BAD/GOBLIN 2 FIREBALL/animations/goblin1_death.png
  artifactKey: Guid(ce4ebf31f32882344bfb5be0cd0db95d) Importer(2089858483,b0f066a214c2f5e87bad3c948f4d605d)
Start importing Assets/King of Overbrawl/KING OF OVERBRAWL/BAD/GOBLIN 2 FIREBALL/animations/goblin1_death.png using Guid(ce4ebf31f32882344bfb5be0cd0db95d) Importer(2089858483,b0f066a214c2f5e87bad3c948f4d605d) (ScriptedImporter) -> (artifact id: '42e3be9b4f34dd52bd7c043c82bdb715') in 0.0466117 seconds
Number of updated asset objects reloaded before import = 0Number of asset objects unloaded after import = 26

========================================================================
Received Import Request.
  Time since last request: 0.000023 seconds.
  path: Assets/King of Overbrawl/KING OF OVERBRAWL/GOOD/VALKRO/HORRIBLEWORK DELIVERED/example sprite animations/c2-attack.gif
  artifactKey: Guid(511afe2405682d64aa187ab9acdc031b) Importer(2089858483,b0f066a214c2f5e87bad3c948f4d605d)
Start importing Assets/King of Overbrawl/KING OF OVERBRAWL/GOOD/VALKRO/HORRIBLEWORK DELIVERED/example sprite animations/c2-attack.gif using Guid(511afe2405682d64aa187ab9acdc031b) Importer(2089858483,b0f066a214c2f5e87bad3c948f4d605d) (ScriptedImporter) -> (artifact id: 'c8eae37f0516143815927a269f440ae4') in 0.0082218 seconds
Number of updated asset objects reloaded before import = 0Number of asset objects unloaded after import = 3

========================================================================
Received Import Request.
  Time since last request: 0.000021 seconds.
  path: Assets/King of Overbrawl/KING OF OVERBRAWL/BAD/GOBLIN 2 FIREBALL/animations/goblin1_walk.png
  artifactKey: Guid(b719bb0070f52fd47ab3a5688501f9f0) Importer(2089858483,b0f066a214c2f5e87bad3c948f4d605d)
Start importing Assets/King of Overbrawl/KING OF OVERBRAWL/BAD/GOBLIN 2 FIREBALL/animations/goblin1_walk.png using Guid(b719bb0070f52fd47ab3a5688501f9f0) Importer(2089858483,b0f066a214c2f5e87bad3c948f4d605d) (ScriptedImporter) -> (artifact id: '0fd22b42362f81e8c81a14485573f59d') in 0.0393916 seconds
Number of updated asset objects reloaded before import = 0Number of asset objects unloaded after import = 22

========================================================================
Received Import Request.
  Time since last request: 0.000019 seconds.
  path: Assets/King of Overbrawl/KING OF OVERBRAWL/GOOD/VALKRO/PINK/sequence images/walk/walk_00015.png
  artifactKey: Guid(8cce6ae2acf39bc4daf8553e4cb1331e) Importer(2089858483,b0f066a214c2f5e87bad3c948f4d605d)
Start importing Assets/King of Overbrawl/KING OF OVERBRAWL/GOOD/VALKRO/PINK/sequence images/walk/walk_00015.png using Guid(8cce6ae2acf39bc4daf8553e4cb1331e) Importer(2089858483,b0f066a214c2f5e87bad3c948f4d605d) (ScriptedImporter) -> (artifact id: '55fb64da8e8fd4197cdf112e75c6c631') in 0.0092739 seconds
Number of updated asset objects reloaded before import = 0Number of asset objects unloaded after import = 3

========================================================================
Received Import Request.
  Time since last request: 0.000029 seconds.
  path: Assets/King of Overbrawl/KING OF OVERBRAWL/GOOD/VALKRO/PINK/sequence images/walk/walk_00007.png
  artifactKey: Guid(317047009fc5a404abdeabe606bbab2b) Importer(2089858483,b0f066a214c2f5e87bad3c948f4d605d)
Start importing Assets/King of Overbrawl/KING OF OVERBRAWL/GOOD/VALKRO/PINK/sequence images/walk/walk_00007.png using Guid(317047009fc5a404abdeabe606bbab2b) Importer(2089858483,b0f066a214c2f5e87bad3c948f4d605d) (ScriptedImporter) -> (artifact id: 'c4daf23e2d6936a40b84ca6dd2d5b4b5') in 0.0098213 seconds
Number of updated asset objects reloaded before import = 0Number of asset objects unloaded after import = 3

========================================================================
Received Import Request.
  Time since last request: 0.000030 seconds.
  path: Assets/King of Overbrawl/KING OF OVERBRAWL/ASSETS/GOLD/all.jpg
  artifactKey: Guid(4ded038d22b56c349b3441bc7df797e9) Importer(2089858483,b0f066a214c2f5e87bad3c948f4d605d)
Start importing Assets/King of Overbrawl/KING OF OVERBRAWL/ASSETS/GOLD/all.jpg using Guid(4ded038d22b56c349b3441bc7df797e9) Importer(2089858483,b0f066a214c2f5e87bad3c948f4d605d) (ScriptedImporter) -> (artifact id: 'f26907532177d42f6c8914179b45d718') in 0.0097987 seconds
Number of updated asset objects reloaded before import = 0Number of asset objects unloaded after import = 3

========================================================================
Received Import Request.
  Time since last request: 0.000039 seconds.
  path: Assets/King of Overbrawl/KING OF OVERBRAWL/GOOD/VALKRO/PINK/sequence images/die/die_00013.png
  artifactKey: Guid(ac5fe8492d934bd4d834f82129a0f773) Importer(2089858483,b0f066a214c2f5e87bad3c948f4d605d)
Start importing Assets/King of Overbrawl/KING OF OVERBRAWL/GOOD/VALKRO/PINK/sequence images/die/die_00013.png using Guid(ac5fe8492d934bd4d834f82129a0f773) Importer(2089858483,b0f066a214c2f5e87bad3c948f4d605d) (ScriptedImporter) -> (artifact id: 'd4f5980e2a2975f95c5c8bdaa1fc9dd1') in 0.0128212 seconds
Number of updated asset objects reloaded before import = 0Number of asset objects unloaded after import = 3

========================================================================
Received Import Request.
  Time since last request: 0.000023 seconds.
  path: Assets/King of Overbrawl/KING OF OVERBRAWL/BAD/GOBLIN 2 FIREBALL/animations/goblin2_death.png
  artifactKey: Guid(d0fec696f3f470f4095519499d148b66) Importer(2089858483,b0f066a214c2f5e87bad3c948f4d605d)
Start importing Assets/King of Overbrawl/KING OF OVERBRAWL/BAD/GOBLIN 2 FIREBALL/animations/goblin2_death.png using Guid(d0fec696f3f470f4095519499d148b66) Importer(2089858483,b0f066a214c2f5e87bad3c948f4d605d) (ScriptedImporter) -> (artifact id: '91994d07194af3e962cb234205ccd447') in 0.0497362 seconds
Number of updated asset objects reloaded before import = 0Number of asset objects unloaded after import = 26

========================================================================
Received Import Request.
  Time since last request: 0.000036 seconds.
  path: Assets/King of Overbrawl/KING OF OVERBRAWL/GOOD/VALKRO/PURPLE/sequence images-1/walk/p_00015.png
  artifactKey: Guid(3150058093b885e449cff2c170663ad1) Importer(2089858483,b0f066a214c2f5e87bad3c948f4d605d)
Start importing Assets/King of Overbrawl/KING OF OVERBRAWL/GOOD/VALKRO/PURPLE/sequence images-1/walk/p_00015.png using Guid(3150058093b885e449cff2c170663ad1) Importer(2089858483,b0f066a214c2f5e87bad3c948f4d605d) (ScriptedImporter) -> (artifact id: 'eea9be54bc6d3c1c297c48efaa1ee642') in 0.0122169 seconds
Number of updated asset objects reloaded before import = 0Number of asset objects unloaded after import = 3

========================================================================
Received Import Request.
  Time since last request: 0.000026 seconds.
  path: Assets/King of Overbrawl/KING OF OVERBRAWL/GOOD/VALKRO/PURPLE/sequence images-1/die/p_00013.png
  artifactKey: Guid(d224835fa0e72e749b09f8c42cd356ac) Importer(2089858483,b0f066a214c2f5e87bad3c948f4d605d)
Start importing Assets/King of Overbrawl/KING OF OVERBRAWL/GOOD/VALKRO/PURPLE/sequence images-1/die/p_00013.png using Guid(d224835fa0e72e749b09f8c42cd356ac) Importer(2089858483,b0f066a214c2f5e87bad3c948f4d605d) (ScriptedImporter) -> (artifact id: '8598033c547660c7e20702d06cb138fe') in 0.0119946 seconds
Number of updated asset objects reloaded before import = 0Number of asset objects unloaded after import = 3

========================================================================
Received Import Request.
  Time since last request: 0.000017 seconds.
  path: Assets/King of Overbrawl/KING OF OVERBRAWL/GOOD/VALKRO/PINK/sequence images/idle/idle_00007.png
  artifactKey: Guid(01068ef4a99f808458c89acc517837e7) Importer(2089858483,b0f066a214c2f5e87bad3c948f4d605d)
Start importing Assets/King of Overbrawl/KING OF OVERBRAWL/GOOD/VALKRO/PINK/sequence images/idle/idle_00007.png using Guid(01068ef4a99f808458c89acc517837e7) Importer(2089858483,b0f066a214c2f5e87bad3c948f4d605d) (ScriptedImporter) -> (artifact id: 'a25c5e99d5b2e58f80ef9d5d2db0580d') in 0.0108994 seconds
Number of updated asset objects reloaded before import = 0Number of asset objects unloaded after import = 3

========================================================================
Received Import Request.
  Time since last request: 0.000018 seconds.
  path: Assets/King of Overbrawl/KING OF OVERBRAWL/GOOD/VALKRO/PINK/sequence images/walk/walk_00001.png
  artifactKey: Guid(d2889a6f41d49c748a296641b481d2ef) Importer(2089858483,b0f066a214c2f5e87bad3c948f4d605d)
Start importing Assets/King of Overbrawl/KING OF OVERBRAWL/GOOD/VALKRO/PINK/sequence images/walk/walk_00001.png using Guid(d2889a6f41d49c748a296641b481d2ef) Importer(2089858483,b0f066a214c2f5e87bad3c948f4d605d) (ScriptedImporter) -> (artifact id: 'dc60442e30e38c237b23f9c1290aeb65') in 0.01685 seconds
Number of updated asset objects reloaded before import = 0Number of asset objects unloaded after import = 3

========================================================================
Received Import Request.
  Time since last request: 0.000017 seconds.
  path: Assets/King of Overbrawl/KING OF OVERBRAWL/GOOD/VALKRO/PURPLE/sequence images-1/die/p_00020.png
  artifactKey: Guid(e0f7d6ed1b3d22a49be9257bbf4b3956) Importer(2089858483,b0f066a214c2f5e87bad3c948f4d605d)
Start importing Assets/King of Overbrawl/KING OF OVERBRAWL/GOOD/VALKRO/PURPLE/sequence images-1/die/p_00020.png using Guid(e0f7d6ed1b3d22a49be9257bbf4b3956) Importer(2089858483,b0f066a214c2f5e87bad3c948f4d605d) (ScriptedImporter) -> (artifact id: 'cb419eaabc6fc95089971572477821a2') in 0.0118965 seconds
Number of updated asset objects reloaded before import = 0Number of asset objects unloaded after import = 3

========================================================================
Received Import Request.
  Time since last request: 0.000019 seconds.
  path: Assets/King of Overbrawl/KING OF OVERBRAWL/Library
  artifactKey: Guid(ac24caae8c5477540927fb4419241e49) Importer(2089858483,b0f066a214c2f5e87bad3c948f4d605d)
Start importing Assets/King of Overbrawl/KING OF OVERBRAWL/Library using Guid(ac24caae8c5477540927fb4419241e49) Importer(2089858483,b0f066a214c2f5e87bad3c948f4d605d) (ScriptedImporter) -> (artifact id: '64be923a5bf6805a9f88d303c28311aa') in 0.0024148 seconds
Number of updated asset objects reloaded before import = 0Number of asset objects unloaded after import = 1

========================================================================
Received Import Request.
  Time since last request: 0.000028 seconds.
  path: Assets/King of Overbrawl/KING OF OVERBRAWL/BGBOKO/Round 6.png
  artifactKey: Guid(2b48ee3a6850692429f127ab3afdfc25) Importer(2089858483,b0f066a214c2f5e87bad3c948f4d605d)
Start importing Assets/King of Overbrawl/KING OF OVERBRAWL/BGBOKO/Round 6.png using Guid(2b48ee3a6850692429f127ab3afdfc25) Importer(2089858483,b0f066a214c2f5e87bad3c948f4d605d) (ScriptedImporter) -> (artifact id: '6236624ecf1ed67fe64e88bb2ba52a40') in 0.0136138 seconds
Number of updated asset objects reloaded before import = 0Number of asset objects unloaded after import = 3

========================================================================
Received Import Request.
  Time since last request: 0.000035 seconds.
  path: Assets/King of Overbrawl/KING OF OVERBRAWL/GOOD/VALKRO/PURPLE/sequence images-1/idle/p_00007.png
  artifactKey: Guid(4c35fd98146b25b40bfed25ebff319d4) Importer(2089858483,b0f066a214c2f5e87bad3c948f4d605d)
Start importing Assets/King of Overbrawl/KING OF OVERBRAWL/GOOD/VALKRO/PURPLE/sequence images-1/idle/p_00007.png using Guid(4c35fd98146b25b40bfed25ebff319d4) Importer(2089858483,b0f066a214c2f5e87bad3c948f4d605d) (ScriptedImporter) -> (artifact id: '7f7a608a100211190e18e5fe3f0811ad') in 0.0116277 seconds
Number of updated asset objects reloaded before import = 0Number of asset objects unloaded after import = 3

========================================================================
Received Import Request.
  Time since last request: 0.000022 seconds.
  path: Assets/King of Overbrawl/KING OF OVERBRAWL/GOOD/VALKRO/PURPLE/sequence images-1/attack/p_00005.png
  artifactKey: Guid(a9f3f3d307acfee4291059db10f377a9) Importer(2089858483,b0f066a214c2f5e87bad3c948f4d605d)
Start importing Assets/King of Overbrawl/KING OF OVERBRAWL/GOOD/VALKRO/PURPLE/sequence images-1/attack/p_00005.png using Guid(a9f3f3d307acfee4291059db10f377a9) Importer(2089858483,b0f066a214c2f5e87bad3c948f4d605d) (ScriptedImporter) -> (artifact id: '75121d766612d45d6d20d801f88f1549') in 0.0103011 seconds
Number of updated asset objects reloaded before import = 0Number of asset objects unloaded after import = 3

========================================================================
Received Import Request.
  Time since last request: 0.000022 seconds.
  path: Assets/King of Overbrawl/Animations/Player-Animator.controller
  artifactKey: Guid(8d7f3978b488d5a408f1b1c2be69c4cc) Importer(2089858483,b0f066a214c2f5e87bad3c948f4d605d)
Start importing Assets/King of Overbrawl/Animations/Player-Animator.controller using Guid(8d7f3978b488d5a408f1b1c2be69c4cc) Importer(2089858483,b0f066a214c2f5e87bad3c948f4d605d) (ScriptedImporter) -> (artifact id: 'da7c0193076b8a8075407bfa8355ccb5') in 0.0060764 seconds
Number of updated asset objects reloaded before import = 0Number of asset objects unloaded after import = 22

========================================================================
Received Import Request.
  Time since last request: 0.000027 seconds.
  path: Assets/King of Overbrawl/KING OF OVERBRAWL/BGBOKO/Episode 1/1-1.png
  artifactKey: Guid(6c857cea32cf9044ea39f7832faccaec) Importer(2089858483,b0f066a214c2f5e87bad3c948f4d605d)
Start importing Assets/King of Overbrawl/KING OF OVERBRAWL/BGBOKO/Episode 1/1-1.png using Guid(6c857cea32cf9044ea39f7832faccaec) Importer(2089858483,b0f066a214c2f5e87bad3c948f4d605d) (ScriptedImporter) -> (artifact id: 'fa5dac65041965c1f879ca415c9d9709') in 0.011845 seconds
Number of updated asset objects reloaded before import = 0Number of asset objects unloaded after import = 3

========================================================================
Received Import Request.
  Time since last request: 0.000023 seconds.
  path: Assets/King of Overbrawl/KING OF OVERBRAWL/GOOD/VALKRO/PURPLE/sequence images-1/die/p_00011.png
  artifactKey: Guid(458f8456fc100ce4a8d87d729e89b038) Importer(2089858483,b0f066a214c2f5e87bad3c948f4d605d)
Start importing Assets/King of Overbrawl/KING OF OVERBRAWL/GOOD/VALKRO/PURPLE/sequence images-1/die/p_00011.png using Guid(458f8456fc100ce4a8d87d729e89b038) Importer(2089858483,b0f066a214c2f5e87bad3c948f4d605d) (ScriptedImporter) -> (artifact id: '1bb320a44342def5f14fee740570685c') in 0.0140493 seconds
Number of updated asset objects reloaded before import = 0Number of asset objects unloaded after import = 3

========================================================================
Received Import Request.
  Time since last request: 0.000029 seconds.
  path: Assets/King of Overbrawl/KING OF OVERBRAWL/UserSettings
  artifactKey: Guid(219ecd2d4912c0a4dbe03a029cb703d5) Importer(2089858483,b0f066a214c2f5e87bad3c948f4d605d)
Start importing Assets/King of Overbrawl/KING OF OVERBRAWL/UserSettings using Guid(219ecd2d4912c0a4dbe03a029cb703d5) Importer(2089858483,b0f066a214c2f5e87bad3c948f4d605d) (ScriptedImporter) -> (artifact id: '24224f3f2ca68cfc99c12511cba17608') in 0.0082083 seconds
Number of updated asset objects reloaded before import = 0Number of asset objects unloaded after import = 1

========================================================================
Received Import Request.
  Time since last request: 0.000039 seconds.
  path: Assets/King of Overbrawl/KING OF OVERBRAWL/GOOD/VALKRO/PINK/sequence images/die/die_00020.png
  artifactKey: Guid(f00102857b6a78c4393a287a5995c247) Importer(2089858483,b0f066a214c2f5e87bad3c948f4d605d)
Start importing Assets/King of Overbrawl/KING OF OVERBRAWL/GOOD/VALKRO/PINK/sequence images/die/die_00020.png using Guid(f00102857b6a78c4393a287a5995c247) Importer(2089858483,b0f066a214c2f5e87bad3c948f4d605d) (ScriptedImporter) -> (artifact id: 'c051207a8a0cf0328d1b98f395920346') in 0.0098603 seconds
Number of updated asset objects reloaded before import = 0Number of asset objects unloaded after import = 3

========================================================================
Received Import Request.
  Time since last request: 0.000025 seconds.
  path: Assets/King of Overbrawl/KING OF OVERBRAWL/GOOD/VALKRO/PURPLE/sequence images-1/die/p_00007.png
  artifactKey: Guid(43797acd7d944cf4aa6d2b57962401d4) Importer(2089858483,b0f066a214c2f5e87bad3c948f4d605d)
Start importing Assets/King of Overbrawl/KING OF OVERBRAWL/GOOD/VALKRO/PURPLE/sequence images-1/die/p_00007.png using Guid(43797acd7d944cf4aa6d2b57962401d4) Importer(2089858483,b0f066a214c2f5e87bad3c948f4d605d) (ScriptedImporter) -> (artifact id: '5b913669e11843d333f7b37a0e8001e5') in 0.0104716 seconds
Number of updated asset objects reloaded before import = 0Number of asset objects unloaded after import = 3

========================================================================
Received Import Request.
  Time since last request: 0.000028 seconds.
  path: Assets/King of Overbrawl/KING OF OVERBRAWL/BAD/GOBLIN 1/animations-1/range_attack.png
  artifactKey: Guid(a790aa96ea3fc40418151a49daa8a889) Importer(2089858483,b0f066a214c2f5e87bad3c948f4d605d)
Start importing Assets/King of Overbrawl/KING OF OVERBRAWL/BAD/GOBLIN 1/animations-1/range_attack.png using Guid(a790aa96ea3fc40418151a49daa8a889) Importer(2089858483,b0f066a214c2f5e87bad3c948f4d605d) (ScriptedImporter) -> (artifact id: '46b1be3c0dc77f16e03fa0653602217f') in 0.0540966 seconds
Number of updated asset objects reloaded before import = 0Number of asset objects unloaded after import = 30

========================================================================
Received Import Request.
  Time since last request: 0.000018 seconds.
  path: Assets/King of Overbrawl/KING OF OVERBRAWL/GOOD/VALKRO/PINK/sequence images/die/die_00001.png
  artifactKey: Guid(b599049f8cf9bac4195a6d1c3105f253) Importer(2089858483,b0f066a214c2f5e87bad3c948f4d605d)
Start importing Assets/King of Overbrawl/KING OF OVERBRAWL/GOOD/VALKRO/PINK/sequence images/die/die_00001.png using Guid(b599049f8cf9bac4195a6d1c3105f253) Importer(2089858483,b0f066a214c2f5e87bad3c948f4d605d) (ScriptedImporter) -> (artifact id: 'e2e56a1b6e1fb83075fc286acd79565c') in 0.0118104 seconds
Number of updated asset objects reloaded before import = 0Number of asset objects unloaded after import = 3

========================================================================
Received Import Request.
  Time since last request: 0.000019 seconds.
  path: Assets/King of Overbrawl/Animations/Movement/Fist.anim
  artifactKey: Guid(f85a3cad6a167f04d9905c178860d1cf) Importer(2089858483,b0f066a214c2f5e87bad3c948f4d605d)
Start importing Assets/King of Overbrawl/Animations/Movement/Fist.anim using Guid(f85a3cad6a167f04d9905c178860d1cf) Importer(2089858483,b0f066a214c2f5e87bad3c948f4d605d) (ScriptedImporter) -> (artifact id: 'd9c4bd3b6fa368b8adc15054cfa25741') in 0.0045227 seconds
Number of updated asset objects reloaded before import = 0Number of asset objects unloaded after import = 1

========================================================================
Received Import Request.
  Time since last request: 0.000051 seconds.
  path: Assets/King of Overbrawl/KING OF OVERBRAWL/GOOD/VALKRO/PURPLE/sequence images-1/idle/p_00017.png
  artifactKey: Guid(f09e29e6077761e45b8fb58dd0c4ebbf) Importer(2089858483,b0f066a214c2f5e87bad3c948f4d605d)
Start importing Assets/King of Overbrawl/KING OF OVERBRAWL/GOOD/VALKRO/PURPLE/sequence images-1/idle/p_00017.png using Guid(f09e29e6077761e45b8fb58dd0c4ebbf) Importer(2089858483,b0f066a214c2f5e87bad3c948f4d605d) (ScriptedImporter) -> (artifact id: '9c4dc2254b6aa86b620dd09088a8878b') in 0.0107392 seconds
Number of updated asset objects reloaded before import = 0Number of asset objects unloaded after import = 3

========================================================================
Received Import Request.
  Time since last request: 0.000030 seconds.
  path: Assets/King of Overbrawl/KING OF OVERBRAWL/BGBOKO/Episode 8/8-4.png
  artifactKey: Guid(7ae2c0f5378ddde4b8ced4ca1c49679c) Importer(2089858483,b0f066a214c2f5e87bad3c948f4d605d)
Start importing Assets/King of Overbrawl/KING OF OVERBRAWL/BGBOKO/Episode 8/8-4.png using Guid(7ae2c0f5378ddde4b8ced4ca1c49679c) Importer(2089858483,b0f066a214c2f5e87bad3c948f4d605d) (ScriptedImporter) -> (artifact id: '00250c656f3816db33b91912a5bdc02e') in 0.0126987 seconds
Number of updated asset objects reloaded before import = 0Number of asset objects unloaded after import = 3

========================================================================
Received Import Request.
  Time since last request: 0.000026 seconds.
  path: Assets/King of Overbrawl/KING OF OVERBRAWL/ASSETS/FOOD
  artifactKey: Guid(ccfef4a319d79b3418f8e548272cb3d7) Importer(2089858483,b0f066a214c2f5e87bad3c948f4d605d)
Start importing Assets/King of Overbrawl/KING OF OVERBRAWL/ASSETS/FOOD using Guid(ccfef4a319d79b3418f8e548272cb3d7) Importer(2089858483,b0f066a214c2f5e87bad3c948f4d605d) (ScriptedImporter) -> (artifact id: '0ad6265d8bce45976e249d7a7433e010') in 0.0024293 seconds
Number of updated asset objects reloaded before import = 0Number of asset objects unloaded after import = 1

========================================================================
Received Import Request.
  Time since last request: 0.000033 seconds.
  path: Assets/King of Overbrawl/KING OF OVERBRAWL/ProjectSettings
  artifactKey: Guid(c9c39c0c55f5f054f9c63161e12d716c) Importer(2089858483,b0f066a214c2f5e87bad3c948f4d605d)
Start importing Assets/King of Overbrawl/KING OF OVERBRAWL/ProjectSettings using Guid(c9c39c0c55f5f054f9c63161e12d716c) Importer(2089858483,b0f066a214c2f5e87bad3c948f4d605d) (ScriptedImporter) -> (artifact id: 'acfb773ed226bc35d5dd7fff43eb9e24') in 0.002899 seconds
Number of updated asset objects reloaded before import = 0Number of asset objects unloaded after import = 1

========================================================================
Received Import Request.
  Time since last request: 0.000037 seconds.
  path: Assets/King of Overbrawl/KING OF OVERBRAWL/GOOD/BOKO/fist/fist2.png
  artifactKey: Guid(44282fffe011ed14e945abef654834ff) Importer(2089858483,b0f066a214c2f5e87bad3c948f4d605d)
Start importing Assets/King of Overbrawl/KING OF OVERBRAWL/GOOD/BOKO/fist/fist2.png using Guid(44282fffe011ed14e945abef654834ff) Importer(2089858483,b0f066a214c2f5e87bad3c948f4d605d) (ScriptedImporter) -> (artifact id: 'de744bef86dec166ca936675472b935c') in 0.0153743 seconds
Number of updated asset objects reloaded before import = 0Number of asset objects unloaded after import = 7

========================================================================
Received Import Request.
  Time since last request: 0.000018 seconds.
  path: Assets/King of Overbrawl/KING OF OVERBRAWL/GOOD/VALKRO/PURPLE/sequence images-1/purple.mp4
  artifactKey: Guid(fdb1a8af024056c49b7645e95f4002bd) Importer(2089858483,b0f066a214c2f5e87bad3c948f4d605d)
Start importing Assets/King of Overbrawl/KING OF OVERBRAWL/GOOD/VALKRO/PURPLE/sequence images-1/purple.mp4 using Guid(fdb1a8af024056c49b7645e95f4002bd) Importer(2089858483,b0f066a214c2f5e87bad3c948f4d605d) (ScriptedImporter) -> (artifact id: '0026b72de2d517c436692a2d407e58d8') in 0.0126672 seconds
Number of updated asset objects reloaded before import = 0Number of asset objects unloaded after import = 1

========================================================================
Received Import Request.
  Time since last request: 0.000062 seconds.
  path: Assets/King of Overbrawl/KING OF OVERBRAWL/GOOD/VALKRO/PINK/sequence images/die/die_00008.png
  artifactKey: Guid(72cf60fb34cf896448dc79f2c77f88ab) Importer(2089858483,b0f066a214c2f5e87bad3c948f4d605d)
Start importing Assets/King of Overbrawl/KING OF OVERBRAWL/GOOD/VALKRO/PINK/sequence images/die/die_00008.png using Guid(72cf60fb34cf896448dc79f2c77f88ab) Importer(2089858483,b0f066a214c2f5e87bad3c948f4d605d) (ScriptedImporter) -> (artifact id: '74b5617e0303234f98e66dcbe8d9a120') in 0.0140733 seconds
Number of updated asset objects reloaded before import = 0Number of asset objects unloaded after import = 3

========================================================================
Received Import Request.
  Time since last request: 0.000038 seconds.
  path: Assets/King of Overbrawl/KING OF OVERBRAWL/GOOD/BOKO/JUMPING GROUND SMASH/attack2.png
  artifactKey: Guid(a91d54a103b58524db12b973c4741529) Importer(2089858483,b0f066a214c2f5e87bad3c948f4d605d)
Start importing Assets/King of Overbrawl/KING OF OVERBRAWL/GOOD/BOKO/JUMPING GROUND SMASH/attack2.png using Guid(a91d54a103b58524db12b973c4741529) Importer(2089858483,b0f066a214c2f5e87bad3c948f4d605d) (ScriptedImporter) -> (artifact id: '4baaddf41c55f3b1c6729e9ab12d9023') in 0.0659461 seconds
Number of updated asset objects reloaded before import = 0Number of asset objects unloaded after import = 32

========================================================================
Received Import Request.
  Time since last request: 0.000025 seconds.
  path: Assets/King of Overbrawl/KING OF OVERBRAWL/GOOD/VALKRO/PURPLE/sequence images-1/idle/p_00011.png
  artifactKey: Guid(7b4159b1aede9964abddce3dbbe07b36) Importer(2089858483,b0f066a214c2f5e87bad3c948f4d605d)
Start importing Assets/King of Overbrawl/KING OF OVERBRAWL/GOOD/VALKRO/PURPLE/sequence images-1/idle/p_00011.png using Guid(7b4159b1aede9964abddce3dbbe07b36) Importer(2089858483,b0f066a214c2f5e87bad3c948f4d605d) (ScriptedImporter) -> (artifact id: 'c07b47161d0800f65987a7846c30ef07') in 0.0205719 seconds
Number of updated asset objects reloaded before import = 0Number of asset objects unloaded after import = 3

========================================================================
Received Import Request.
  Time since last request: 0.000039 seconds.
  path: Assets/King of Overbrawl/KING OF OVERBRAWL/GOOD/VALKRO/PURPLE/sequence images-1/die/p_00021.png
  artifactKey: Guid(fe82953772feb6b46927f9016cafb561) Importer(2089858483,b0f066a214c2f5e87bad3c948f4d605d)
Start importing Assets/King of Overbrawl/KING OF OVERBRAWL/GOOD/VALKRO/PURPLE/sequence images-1/die/p_00021.png using Guid(fe82953772feb6b46927f9016cafb561) Importer(2089858483,b0f066a214c2f5e87bad3c948f4d605d) (ScriptedImporter) -> (artifact id: '6a5c2ca98ba7d4ef8ef2eae66a4ac5a8') in 0.0166448 seconds
Number of updated asset objects reloaded before import = 0Number of asset objects unloaded after import = 3

========================================================================
Received Import Request.
  Time since last request: 0.000023 seconds.
  path: Assets/King of Overbrawl/KING OF OVERBRAWL/GOOD/BOKO/BOKO BASIC/idle.png
  artifactKey: Guid(4173cc2c39e79e04ebefb90ea5119d37) Importer(2089858483,b0f066a214c2f5e87bad3c948f4d605d)
Start importing Assets/King of Overbrawl/KING OF OVERBRAWL/GOOD/BOKO/BOKO BASIC/idle.png using Guid(4173cc2c39e79e04ebefb90ea5119d37) Importer(2089858483,b0f066a214c2f5e87bad3c948f4d605d) (ScriptedImporter) -> (artifact id: '73785f8c778d28ef13183fad6ec34aae') in 0.0492299 seconds
Number of updated asset objects reloaded before import = 0Number of asset objects unloaded after import = 26

========================================================================
Received Import Request.
  Time since last request: 0.000024 seconds.
  path: Assets/King of Overbrawl/Animations/Movement/Walk.anim
  artifactKey: Guid(990e1f8486a744c4c860f096d35c53f5) Importer(2089858483,b0f066a214c2f5e87bad3c948f4d605d)
Start importing Assets/King of Overbrawl/Animations/Movement/Walk.anim using Guid(990e1f8486a744c4c860f096d35c53f5) Importer(2089858483,b0f066a214c2f5e87bad3c948f4d605d) (ScriptedImporter) -> (artifact id: '78d10b2623c55a765cb234db0e1cf1f3') in 0.0044666 seconds
Number of updated asset objects reloaded before import = 0Number of asset objects unloaded after import = 1

========================================================================
Received Import Request.
  Time since last request: 0.000037 seconds.
  path: Assets/King of Overbrawl/KING OF OVERBRAWL/GOOD/BOKO/BOKO BASIC/attack.png
  artifactKey: Guid(d3356885ad69bfe43945e16fcacaf83b) Importer(2089858483,b0f066a214c2f5e87bad3c948f4d605d)
Start importing Assets/King of Overbrawl/KING OF OVERBRAWL/GOOD/BOKO/BOKO BASIC/attack.png using Guid(d3356885ad69bfe43945e16fcacaf83b) Importer(2089858483,b0f066a214c2f5e87bad3c948f4d605d) (ScriptedImporter) -> (artifact id: 'ccd1827cf8c81c31b919b6fe895da2b9') in 0.0245967 seconds
Number of updated asset objects reloaded before import = 0Number of asset objects unloaded after import = 14

========================================================================
Received Import Request.
  Time since last request: 0.000030 seconds.
  path: Assets/King of Overbrawl/KING OF OVERBRAWL/GOOD/BOKO/BOKO HEADBUTT/attack1.png
  artifactKey: Guid(7ea33a82ad025994a9fa8239102376c8) Importer(2089858483,b0f066a214c2f5e87bad3c948f4d605d)
Start importing Assets/King of Overbrawl/KING OF OVERBRAWL/GOOD/BOKO/BOKO HEADBUTT/attack1.png using Guid(7ea33a82ad025994a9fa8239102376c8) Importer(2089858483,b0f066a214c2f5e87bad3c948f4d605d) (ScriptedImporter) -> (artifact id: 'adcea3a43ce3958455b7ab36ecf89d24') in 0.052649 seconds
Number of updated asset objects reloaded before import = 0Number of asset objects unloaded after import = 27

========================================================================
Received Import Request.
  Time since last request: 0.000031 seconds.
  path: Assets/King of Overbrawl/KING OF OVERBRAWL/ProjectSettings/ProjectVersion.txt
  artifactKey: Guid(c4b5e53cd5329e445a84c3c1ce6d8d4a) Importer(2089858483,b0f066a214c2f5e87bad3c948f4d605d)
Start importing Assets/King of Overbrawl/KING OF OVERBRAWL/ProjectSettings/ProjectVersion.txt using Guid(c4b5e53cd5329e445a84c3c1ce6d8d4a) Importer(2089858483,b0f066a214c2f5e87bad3c948f4d605d) (ScriptedImporter) -> (artifact id: '7501d8188d13fa18f3344ce13443e941') in 0.0026565 seconds
Number of updated asset objects reloaded before import = 0Number of asset objects unloaded after import = 1

========================================================================
Received Import Request.
  Time since last request: 0.000037 seconds.
  path: Assets/King of Overbrawl/KING OF OVERBRAWL/GOOD/VALKRO/PINK/sequence images/walk
  artifactKey: Guid(1757f97efca6a8d4c90ae7b3c4c85c09) Importer(2089858483,b0f066a214c2f5e87bad3c948f4d605d)
Start importing Assets/King of Overbrawl/KING OF OVERBRAWL/GOOD/VALKRO/PINK/sequence images/walk using Guid(1757f97efca6a8d4c90ae7b3c4c85c09) Importer(2089858483,b0f066a214c2f5e87bad3c948f4d605d) (ScriptedImporter) -> (artifact id: '2323abbabc6db65de17071a0d0bbd3ac') in 0.0035607 seconds
Number of updated asset objects reloaded before import = 0Number of asset objects unloaded after import = 1

========================================================================
Received Import Request.
  Time since last request: 0.000022 seconds.
  path: Assets/King of Overbrawl/KING OF OVERBRAWL/GOOD/VALKRO/PINK/sequence images/die/die_00007.png
  artifactKey: Guid(29ae8aa4fe1af2c47afaa47f655b3ea8) Importer(2089858483,b0f066a214c2f5e87bad3c948f4d605d)
Start importing Assets/King of Overbrawl/KING OF OVERBRAWL/GOOD/VALKRO/PINK/sequence images/die/die_00007.png using Guid(29ae8aa4fe1af2c47afaa47f655b3ea8) Importer(2089858483,b0f066a214c2f5e87bad3c948f4d605d) (ScriptedImporter) -> (artifact id: '233b68e0bc893cdef7d50589b472791a') in 0.0107683 seconds
Number of updated asset objects reloaded before import = 0Number of asset objects unloaded after import = 3

========================================================================
Received Import Request.
  Time since last request: 0.000026 seconds.
  path: Assets/King of Overbrawl/KING OF OVERBRAWL/GOOD/VALKRO/PINK/sequence images/die/die_00014.png
  artifactKey: Guid(f4e0c0e5d49ffad4088c11dd20d370ec) Importer(2089858483,b0f066a214c2f5e87bad3c948f4d605d)
Start importing Assets/King of Overbrawl/KING OF OVERBRAWL/GOOD/VALKRO/PINK/sequence images/die/die_00014.png using Guid(f4e0c0e5d49ffad4088c11dd20d370ec) Importer(2089858483,b0f066a214c2f5e87bad3c948f4d605d) (ScriptedImporter) -> (artifact id: '93383af6a9d85cc6c059a916cfd741da') in 0.0122462 seconds
Number of updated asset objects reloaded before import = 0Number of asset objects unloaded after import = 3

========================================================================
Received Import Request.
  Time since last request: 0.000023 seconds.
  path: Assets/King of Overbrawl/KING OF OVERBRAWL/GOOD/VALKRO/PURPLE/sequence images-1/walk/p_00008.png
  artifactKey: Guid(eaa45f9052d820f4d9f66b64d6739104) Importer(2089858483,b0f066a214c2f5e87bad3c948f4d605d)
Start importing Assets/King of Overbrawl/KING OF OVERBRAWL/GOOD/VALKRO/PURPLE/sequence images-1/walk/p_00008.png using Guid(eaa45f9052d820f4d9f66b64d6739104) Importer(2089858483,b0f066a214c2f5e87bad3c948f4d605d) (ScriptedImporter) -> (artifact id: '170002d2de7df218081bb8c092c8947c') in 0.0134185 seconds
Number of updated asset objects reloaded before import = 0Number of asset objects unloaded after import = 3

========================================================================
Received Import Request.
  Time since last request: 0.000021 seconds.
  path: Assets/King of Overbrawl/KING OF OVERBRAWL/GOOD/VALKRO/PURPLE/sequence images-1/die/p_00003.png
  artifactKey: Guid(c4a34bd85f77d3d4184d08d1650b5995) Importer(2089858483,b0f066a214c2f5e87bad3c948f4d605d)
Start importing Assets/King of Overbrawl/KING OF OVERBRAWL/GOOD/VALKRO/PURPLE/sequence images-1/die/p_00003.png using Guid(c4a34bd85f77d3d4184d08d1650b5995) Importer(2089858483,b0f066a214c2f5e87bad3c948f4d605d) (ScriptedImporter) -> (artifact id: 'a811e7220c2e50adb241f429dee30fa3') in 0.0113518 seconds
Number of updated asset objects reloaded before import = 0Number of asset objects unloaded after import = 3

========================================================================
Received Import Request.
  Time since last request: 0.000209 seconds.
  path: Assets/King of Overbrawl/KING OF OVERBRAWL/GOOD/VALKRO/PURPLE/sequence images-1/walk/p_00019.png
  artifactKey: Guid(f0498dcd56d597549accdb6c750d9bad) Importer(2089858483,b0f066a214c2f5e87bad3c948f4d605d)
Start importing Assets/King of Overbrawl/KING OF OVERBRAWL/GOOD/VALKRO/PURPLE/sequence images-1/walk/p_00019.png using Guid(f0498dcd56d597549accdb6c750d9bad) Importer(2089858483,b0f066a214c2f5e87bad3c948f4d605d) (ScriptedImporter) -> (artifact id: 'd5e7917c879e86a83d75248103dc7b67') in 0.0098857 seconds
Number of updated asset objects reloaded before import = 0Number of asset objects unloaded after import = 3

========================================================================
Received Import Request.
  Time since last request: 0.000022 seconds.
  path: Assets/King of Overbrawl/KING OF OVERBRAWL/BAD/GOBLIN 1/animations-1/test.mp4
  artifactKey: Guid(3172ebe70cafdfd449ac4f7fa3b64779) Importer(2089858483,b0f066a214c2f5e87bad3c948f4d605d)
Start importing Assets/King of Overbrawl/KING OF OVERBRAWL/BAD/GOBLIN 1/animations-1/test.mp4 using Guid(3172ebe70cafdfd449ac4f7fa3b64779) Importer(2089858483,b0f066a214c2f5e87bad3c948f4d605d) (ScriptedImporter) -> (artifact id: '3030b929125c091a7f947bccd7b018db') in 0.004153 seconds
Number of updated asset objects reloaded before import = 0Number of asset objects unloaded after import = 1

========================================================================
Received Import Request.
  Time since last request: 0.000032 seconds.
  path: Assets/King of Overbrawl/KING OF OVERBRAWL/GOOD/VALKRO/PURPLE/sequence images-1/die/p_00023.png
  artifactKey: Guid(0ab91a0f665110e42bbf0fd45ce97dd3) Importer(2089858483,b0f066a214c2f5e87bad3c948f4d605d)
Start importing Assets/King of Overbrawl/KING OF OVERBRAWL/GOOD/VALKRO/PURPLE/sequence images-1/die/p_00023.png using Guid(0ab91a0f665110e42bbf0fd45ce97dd3) Importer(2089858483,b0f066a214c2f5e87bad3c948f4d605d) (ScriptedImporter) -> (artifact id: '80eecf76e6b5126bd876bd2e373562a6') in 0.0146558 seconds
Number of updated asset objects reloaded before import = 0Number of asset objects unloaded after import = 3

========================================================================
Received Import Request.
  Time since last request: 0.000021 seconds.
  path: Assets/King of Overbrawl/KING OF OVERBRAWL/GOOD/VALKRO/PURPLE/sequence images-1/attack/p_00018.png
  artifactKey: Guid(c12b31786e9a8cf45959ecf336f4bf18) Importer(2089858483,b0f066a214c2f5e87bad3c948f4d605d)
Start importing Assets/King of Overbrawl/KING OF OVERBRAWL/GOOD/VALKRO/PURPLE/sequence images-1/attack/p_00018.png using Guid(c12b31786e9a8cf45959ecf336f4bf18) Importer(2089858483,b0f066a214c2f5e87bad3c948f4d605d) (ScriptedImporter) -> (artifact id: 'e7d9e7071f52b36589f6282cf482be7d') in 0.0138351 seconds
Number of updated asset objects reloaded before import = 0Number of asset objects unloaded after import = 3

========================================================================
Received Import Request.
  Time since last request: 0.000035 seconds.
  path: Assets/King of Overbrawl/KING OF OVERBRAWL/GOOD/VALKRO/PINK/sequence images/walk/walk_00014.png
  artifactKey: Guid(e6aa79f92121035459f1bb9433ca2159) Importer(2089858483,b0f066a214c2f5e87bad3c948f4d605d)
Start importing Assets/King of Overbrawl/KING OF OVERBRAWL/GOOD/VALKRO/PINK/sequence images/walk/walk_00014.png using Guid(e6aa79f92121035459f1bb9433ca2159) Importer(2089858483,b0f066a214c2f5e87bad3c948f4d605d) (ScriptedImporter) -> (artifact id: 'eae46f15e54956dcfd5fbac46c756625') in 0.0100997 seconds
Number of updated asset objects reloaded before import = 0Number of asset objects unloaded after import = 3

========================================================================
Received Import Request.
  Time since last request: 0.000024 seconds.
  path: Assets/King of Overbrawl/KING OF OVERBRAWL/BAD/GOBLIN 2 FIREBALL/animations/note.txt
  artifactKey: Guid(25912dfa295f5814cb1f579b52d265d5) Importer(2089858483,b0f066a214c2f5e87bad3c948f4d605d)
Start importing Assets/King of Overbrawl/KING OF OVERBRAWL/BAD/GOBLIN 2 FIREBALL/animations/note.txt using Guid(25912dfa295f5814cb1f579b52d265d5) Importer(2089858483,b0f066a214c2f5e87bad3c948f4d605d) (ScriptedImporter) -> (artifact id: '6191b66004e3d4def7a006bd80f3c717') in 0.0027766 seconds
Number of updated asset objects reloaded before import = 0Number of asset objects unloaded after import = 1

========================================================================
Received Import Request.
  Time since last request: 0.000061 seconds.
  path: Assets/King of Overbrawl/KING OF OVERBRAWL/GOOD/VALKRO/PURPLE/sequence images-1/attack/p_00020.png
  artifactKey: Guid(dff1ce439a4616043b45c9bbf391b22e) Importer(2089858483,b0f066a214c2f5e87bad3c948f4d605d)
Start importing Assets/King of Overbrawl/KING OF OVERBRAWL/GOOD/VALKRO/PURPLE/sequence images-1/attack/p_00020.png using Guid(dff1ce439a4616043b45c9bbf391b22e) Importer(2089858483,b0f066a214c2f5e87bad3c948f4d605d) (ScriptedImporter) -> (artifact id: 'd8d9419217298e80dec43a71e4451ebd') in 0.0111264 seconds
Number of updated asset objects reloaded before import = 0Number of asset objects unloaded after import = 3

========================================================================
Received Import Request.
  Time since last request: 0.000022 seconds.
  path: Assets/King of Overbrawl/KING OF OVERBRAWL/BGBOKO/PSSM_Stage7.png
  artifactKey: Guid(0d4ff1da8ec2a5848a00e28f99fc1199) Importer(2089858483,b0f066a214c2f5e87bad3c948f4d605d)
Start importing Assets/King of Overbrawl/KING OF OVERBRAWL/BGBOKO/PSSM_Stage7.png using Guid(0d4ff1da8ec2a5848a00e28f99fc1199) Importer(2089858483,b0f066a214c2f5e87bad3c948f4d605d) (ScriptedImporter) -> (artifact id: '58e41f3a411540a1f6abfe1938ddc71e') in 0.0131892 seconds
Number of updated asset objects reloaded before import = 0Number of asset objects unloaded after import = 3

========================================================================
Received Import Request.
  Time since last request: 0.000024 seconds.
  path: Assets/King of Overbrawl/KING OF OVERBRAWL/GOOD/VALKRO/PURPLE/sequence images-1/idle/p_00006.png
  artifactKey: Guid(b503f051a5aa0e94b95b002c5699621d) Importer(2089858483,b0f066a214c2f5e87bad3c948f4d605d)
Start importing Assets/King of Overbrawl/KING OF OVERBRAWL/GOOD/VALKRO/PURPLE/sequence images-1/idle/p_00006.png using Guid(b503f051a5aa0e94b95b002c5699621d) Importer(2089858483,b0f066a214c2f5e87bad3c948f4d605d) (ScriptedImporter) -> (artifact id: '68912e23ed26036ce77d4eefec53b085') in 0.0093746 seconds
Number of updated asset objects reloaded before import = 0Number of asset objects unloaded after import = 3

========================================================================
Received Import Request.
  Time since last request: 0.000030 seconds.
  path: Assets/King of Overbrawl/KING OF OVERBRAWL/GOOD/VALKRO/PURPLE/sequence images-1/die/p_00008.png
  artifactKey: Guid(93e098e906a8a714ab73c624c7a8941e) Importer(2089858483,b0f066a214c2f5e87bad3c948f4d605d)
Start importing Assets/King of Overbrawl/KING OF OVERBRAWL/GOOD/VALKRO/PURPLE/sequence images-1/die/p_00008.png using Guid(93e098e906a8a714ab73c624c7a8941e) Importer(2089858483,b0f066a214c2f5e87bad3c948f4d605d) (ScriptedImporter) -> (artifact id: '02ef13ae39c64dfd660f2cb13b3deffb') in 0.0111359 seconds
Number of updated asset objects reloaded before import = 0Number of asset objects unloaded after import = 3

========================================================================
Received Import Request.
  Time since last request: 0.000024 seconds.
  path: Assets/King of Overbrawl/Animations/Movement/Idle.anim
  artifactKey: Guid(319fa17c66c45444a8165621b8eebf9b) Importer(2089858483,b0f066a214c2f5e87bad3c948f4d605d)
Start importing Assets/King of Overbrawl/Animations/Movement/Idle.anim using Guid(319fa17c66c45444a8165621b8eebf9b) Importer(2089858483,b0f066a214c2f5e87bad3c948f4d605d) (ScriptedImporter) -> (artifact id: 'e2f922197125fb8a445367bd6e1cc1f4') in 0.0050923 seconds
Number of updated asset objects reloaded before import = 0Number of asset objects unloaded after import = 1

========================================================================
Received Import Request.
  Time since last request: 0.000050 seconds.
  path: Assets/King of Overbrawl/KING OF OVERBRAWL/GOOD/VALKRO/PINK/sequence images/idle/idle_00018.png
  artifactKey: Guid(3fc6be1119be756428f661a768baa3c1) Importer(2089858483,b0f066a214c2f5e87bad3c948f4d605d)
Start importing Assets/King of Overbrawl/KING OF OVERBRAWL/GOOD/VALKRO/PINK/sequence images/idle/idle_00018.png using Guid(3fc6be1119be756428f661a768baa3c1) Importer(2089858483,b0f066a214c2f5e87bad3c948f4d605d) (ScriptedImporter) -> (artifact id: '342f46521e81dee19fbd1fe4d500e181') in 0.0106033 seconds
Number of updated asset objects reloaded before import = 0Number of asset objects unloaded after import = 3

========================================================================
Received Import Request.
  Time since last request: 0.000026 seconds.
  path: Assets/King of Overbrawl/KING OF OVERBRAWL/GOOD/VALKRO/PINK/sequence images/idle/idle_00020.png
  artifactKey: Guid(5ef0ebf27ccccd24bb0457bbc3b2e456) Importer(2089858483,b0f066a214c2f5e87bad3c948f4d605d)
Start importing Assets/King of Overbrawl/KING OF OVERBRAWL/GOOD/VALKRO/PINK/sequence images/idle/idle_00020.png using Guid(5ef0ebf27ccccd24bb0457bbc3b2e456) Importer(2089858483,b0f066a214c2f5e87bad3c948f4d605d) (ScriptedImporter) -> (artifact id: 'b45675a202d53f127995a3dd8e4e3d0c') in 0.0187445 seconds
Number of updated asset objects reloaded before import = 0Number of asset objects unloaded after import = 3

========================================================================
Received Import Request.
  Time since last request: 0.000021 seconds.
  path: Assets/King of Overbrawl/KING OF OVERBRAWL/BAD/GOBLIN 2 FIREBALL/animations/goblin1_attack.png
  artifactKey: Guid(c1a8e8705fc016f4dad8ed56511582bd) Importer(2089858483,b0f066a214c2f5e87bad3c948f4d605d)
Start importing Assets/King of Overbrawl/KING OF OVERBRAWL/BAD/GOBLIN 2 FIREBALL/animations/goblin1_attack.png using Guid(c1a8e8705fc016f4dad8ed56511582bd) Importer(2089858483,b0f066a214c2f5e87bad3c948f4d605d) (ScriptedImporter) -> (artifact id: '680382b981df0dff06c1b169a7510674') in 0.0583128 seconds
Number of updated asset objects reloaded before import = 0Number of asset objects unloaded after import = 32

========================================================================
Received Import Request.
  Time since last request: 0.000034 seconds.
  path: Assets/King of Overbrawl/KING OF OVERBRAWL/GOOD/VALKRO/PINK/sequence images/attack/attack_00014.png
  artifactKey: Guid(a8a7ae138d51a5e4ca166db39ade18ca) Importer(2089858483,b0f066a214c2f5e87bad3c948f4d605d)
Start importing Assets/King of Overbrawl/KING OF OVERBRAWL/GOOD/VALKRO/PINK/sequence images/attack/attack_00014.png using Guid(a8a7ae138d51a5e4ca166db39ade18ca) Importer(2089858483,b0f066a214c2f5e87bad3c948f4d605d) (ScriptedImporter) -> (artifact id: '4dd5a9ef62248084e0b6e8961c298f16') in 0.0129149 seconds
Number of updated asset objects reloaded before import = 0Number of asset objects unloaded after import = 4

========================================================================
Received Import Request.
  Time since last request: 0.000017 seconds.
  path: Assets/King of Overbrawl/KING OF OVERBRAWL/GOOD/VALKRO/PURPLE/sequence images-1/walk/p_00004.png
  artifactKey: Guid(722c01e2a92b84f44be0790c5c09f2e9) Importer(2089858483,b0f066a214c2f5e87bad3c948f4d605d)
Start importing Assets/King of Overbrawl/KING OF OVERBRAWL/GOOD/VALKRO/PURPLE/sequence images-1/walk/p_00004.png using Guid(722c01e2a92b84f44be0790c5c09f2e9) Importer(2089858483,b0f066a214c2f5e87bad3c948f4d605d) (ScriptedImporter) -> (artifact id: '04754cae64bef020d47057098dc3b1ed') in 0.0153084 seconds
Number of updated asset objects reloaded before import = 0Number of asset objects unloaded after import = 3

========================================================================
Received Import Request.
  Time since last request: 0.000025 seconds.
  path: Assets/King of Overbrawl/KING OF OVERBRAWL/GOOD/VALKRO/PINK/sequence images/die/die_00010.png
  artifactKey: Guid(8a69d60e6709b474fabbf4990757c954) Importer(2089858483,b0f066a214c2f5e87bad3c948f4d605d)
Start importing Assets/King of Overbrawl/KING OF OVERBRAWL/GOOD/VALKRO/PINK/sequence images/die/die_00010.png using Guid(8a69d60e6709b474fabbf4990757c954) Importer(2089858483,b0f066a214c2f5e87bad3c948f4d605d) (ScriptedImporter) -> (artifact id: '8affb2803146233d7c3027b5aabd006d') in 0.0171799 seconds
Number of updated asset objects reloaded before import = 0Number of asset objects unloaded after import = 3

========================================================================
Received Import Request.
  Time since last request: 0.000032 seconds.
  path: Assets/King of Overbrawl/KING OF OVERBRAWL/BGBOKO/PSSM_stage2.png
  artifactKey: Guid(f004dc6bce67bb1429f657e97f819303) Importer(2089858483,b0f066a214c2f5e87bad3c948f4d605d)
Start importing Assets/King of Overbrawl/KING OF OVERBRAWL/BGBOKO/PSSM_stage2.png using Guid(f004dc6bce67bb1429f657e97f819303) Importer(2089858483,b0f066a214c2f5e87bad3c948f4d605d) (ScriptedImporter) -> (artifact id: '58b3980079b1578cb760edb63c239051') in 0.0177422 seconds
Number of updated asset objects reloaded before import = 0Number of asset objects unloaded after import = 3

========================================================================
Received Import Request.
  Time since last request: 0.000031 seconds.
  path: Assets/King of Overbrawl/KING OF OVERBRAWL/GOOD/VALKRO/PURPLE/sequence images-1/die/p_00022.png
  artifactKey: Guid(ae8a3bc40c01e384785684b61521eb6f) Importer(2089858483,b0f066a214c2f5e87bad3c948f4d605d)
Start importing Assets/King of Overbrawl/KING OF OVERBRAWL/GOOD/VALKRO/PURPLE/sequence images-1/die/p_00022.png using Guid(ae8a3bc40c01e384785684b61521eb6f) Importer(2089858483,b0f066a214c2f5e87bad3c948f4d605d) (ScriptedImporter) -> (artifact id: '0981622aa89dec1c381f813289ea1d0a') in 0.0109952 seconds
Number of updated asset objects reloaded before import = 0Number of asset objects unloaded after import = 3

========================================================================
Received Import Request.
  Time since last request: 0.000028 seconds.
  path: Assets/King of Overbrawl/KING OF OVERBRAWL/GOOD/VALKRO/PINK/sequence images/die/die_00015.png
  artifactKey: Guid(d775fd7449dd35341b8097a6fb23969f) Importer(2089858483,b0f066a214c2f5e87bad3c948f4d605d)
Start importing Assets/King of Overbrawl/KING OF OVERBRAWL/GOOD/VALKRO/PINK/sequence images/die/die_00015.png using Guid(d775fd7449dd35341b8097a6fb23969f) Importer(2089858483,b0f066a214c2f5e87bad3c948f4d605d) (ScriptedImporter) -> (artifact id: '157f20a34f98915e4a1a083248dd62ed') in 0.0104858 seconds
Number of updated asset objects reloaded before import = 0Number of asset objects unloaded after import = 3

========================================================================
Received Import Request.
  Time since last request: 0.000017 seconds.
  path: Assets/King of Overbrawl/Animations/Movement/Attack.anim
  artifactKey: Guid(75ed1b6570a172249a116e811dbc769c) Importer(2089858483,b0f066a214c2f5e87bad3c948f4d605d)
Start importing Assets/King of Overbrawl/Animations/Movement/Attack.anim using Guid(75ed1b6570a172249a116e811dbc769c) Importer(2089858483,b0f066a214c2f5e87bad3c948f4d605d) (ScriptedImporter) -> (artifact id: '98da36e6bfd332f67a0f128522f21352') in 0.0041846 seconds
Number of updated asset objects reloaded before import = 0Number of asset objects unloaded after import = 1

========================================================================
Received Import Request.
  Time since last request: 0.000111 seconds.
  path: Assets/King of Overbrawl/KING OF OVERBRAWL/BGBOKO/6B.png
  artifactKey: Guid(300874bd798a55441b640023d065808f) Importer(2089858483,b0f066a214c2f5e87bad3c948f4d605d)
Start importing Assets/King of Overbrawl/KING OF OVERBRAWL/BGBOKO/6B.png using Guid(300874bd798a55441b640023d065808f) Importer(2089858483,b0f066a214c2f5e87bad3c948f4d605d) (ScriptedImporter) -> (artifact id: '71629dfafedf73bf7031ce60b1757093') in 0.012011 seconds
Number of updated asset objects reloaded before import = 0Number of asset objects unloaded after import = 3

========================================================================
Received Import Request.
  Time since last request: 0.000017 seconds.
  path: Assets/King of Overbrawl/KING OF OVERBRAWL/GOOD/VALKRO/HORRIBLEWORK DELIVERED/c2.png
  artifactKey: Guid(0811cc0ecdd60f24ba9565ac30a9d8cd) Importer(2089858483,b0f066a214c2f5e87bad3c948f4d605d)
Start importing Assets/King of Overbrawl/KING OF OVERBRAWL/GOOD/VALKRO/HORRIBLEWORK DELIVERED/c2.png using Guid(0811cc0ecdd60f24ba9565ac30a9d8cd) Importer(2089858483,b0f066a214c2f5e87bad3c948f4d605d) (ScriptedImporter) -> (artifact id: 'c4aea0cc1dd56c2600b07a70c23104cd') in 0.010523 seconds
Number of updated asset objects reloaded before import = 0Number of asset objects unloaded after import = 3

========================================================================
Received Import Request.
  Time since last request: 0.000028 seconds.
  path: Assets/King of Overbrawl/KING OF OVERBRAWL/GOOD/VALKRO/PINK/sequence images/idle/idle_00009.png
  artifactKey: Guid(4f49e83078cfd9d47b32c7588f3237b7) Importer(2089858483,b0f066a214c2f5e87bad3c948f4d605d)
Start importing Assets/King of Overbrawl/KING OF OVERBRAWL/GOOD/VALKRO/PINK/sequence images/idle/idle_00009.png using Guid(4f49e83078cfd9d47b32c7588f3237b7) Importer(2089858483,b0f066a214c2f5e87bad3c948f4d605d) (ScriptedImporter) -> (artifact id: 'cb5618ec48da844c2f8a47f8597cb82e') in 0.0108133 seconds
Number of updated asset objects reloaded before import = 0Number of asset objects unloaded after import = 3

========================================================================
Received Import Request.
  Time since last request: 0.000028 seconds.
  path: Assets/King of Overbrawl/KING OF OVERBRAWL/GOOD/VALKRO/PURPLE/sequence images-1/die/p_00024.png
  artifactKey: Guid(b97d1bede7b578a4ca3614cd694d6a0f) Importer(2089858483,b0f066a214c2f5e87bad3c948f4d605d)
Start importing Assets/King of Overbrawl/KING OF OVERBRAWL/GOOD/VALKRO/PURPLE/sequence images-1/die/p_00024.png using Guid(b97d1bede7b578a4ca3614cd694d6a0f) Importer(2089858483,b0f066a214c2f5e87bad3c948f4d605d) (ScriptedImporter) -> (artifact id: '162a00e09056c773832f3f2883d60f33') in 0.0193829 seconds
Number of updated asset objects reloaded before import = 0Number of asset objects unloaded after import = 3

========================================================================
Received Import Request.
  Time since last request: 0.000025 seconds.
  path: Assets/King of Overbrawl/KING OF OVERBRAWL/GOOD/VALKRO/PINK/sequence images/die/die_00012.png
  artifactKey: Guid(d475cfdf7e665014d994abf2f5b43644) Importer(2089858483,b0f066a214c2f5e87bad3c948f4d605d)
Start importing Assets/King of Overbrawl/KING OF OVERBRAWL/GOOD/VALKRO/PINK/sequence images/die/die_00012.png using Guid(d475cfdf7e665014d994abf2f5b43644) Importer(2089858483,b0f066a214c2f5e87bad3c948f4d605d) (ScriptedImporter) -> (artifact id: '9fc6cf81088b1d1baf5e677642241e4a') in 0.008851 seconds
Number of updated asset objects reloaded before import = 0Number of asset objects unloaded after import = 3

========================================================================
Received Import Request.
  Time since last request: 0.000022 seconds.
  path: Assets/King of Overbrawl/KING OF OVERBRAWL/GOOD/VALKRO/PINK/sequence images/walk/walk_00002.png
  artifactKey: Guid(8b4cb82456399da439754fb0af8654de) Importer(2089858483,b0f066a214c2f5e87bad3c948f4d605d)
Start importing Assets/King of Overbrawl/KING OF OVERBRAWL/GOOD/VALKRO/PINK/sequence images/walk/walk_00002.png using Guid(8b4cb82456399da439754fb0af8654de) Importer(2089858483,b0f066a214c2f5e87bad3c948f4d605d) (ScriptedImporter) -> (artifact id: '280a0b6e4f1a2177a87c9fe509b81c5b') in 0.0097438 seconds
Number of updated asset objects reloaded before import = 0Number of asset objects unloaded after import = 3

========================================================================
Received Import Request.
  Time since last request: 0.000131 seconds.
  path: Assets/King of Overbrawl/KING OF OVERBRAWL/GOOD/VALKRO/PURPLE/sequence images-1/walk/p_00021.png
  artifactKey: Guid(1e3698399efe1b74f9cd00d3a627a7af) Importer(2089858483,b0f066a214c2f5e87bad3c948f4d605d)
Start importing Assets/King of Overbrawl/KING OF OVERBRAWL/GOOD/VALKRO/PURPLE/sequence images-1/walk/p_00021.png using Guid(1e3698399efe1b74f9cd00d3a627a7af) Importer(2089858483,b0f066a214c2f5e87bad3c948f4d605d) (ScriptedImporter) -> (artifact id: '171c554bef206d29afa7bae2cf054cdf') in 0.0106598 seconds
Number of updated asset objects reloaded before import = 0Number of asset objects unloaded after import = 3

========================================================================
Received Import Request.
  Time since last request: 0.000020 seconds.
  path: Assets/King of Overbrawl/KING OF OVERBRAWL/GOOD/VALKRO/PINK/sequence images/walk/walk_00013.png
  artifactKey: Guid(9b7ef14e7d6f7254ea6d1b7a53b370b3) Importer(2089858483,b0f066a214c2f5e87bad3c948f4d605d)
Start importing Assets/King of Overbrawl/KING OF OVERBRAWL/GOOD/VALKRO/PINK/sequence images/walk/walk_00013.png using Guid(9b7ef14e7d6f7254ea6d1b7a53b370b3) Importer(2089858483,b0f066a214c2f5e87bad3c948f4d605d) (ScriptedImporter) -> (artifact id: 'f9f7a6ebf30d0272bc21563d35453be7') in 0.0097264 seconds
Number of updated asset objects reloaded before import = 0Number of asset objects unloaded after import = 3

========================================================================
Received Import Request.
  Time since last request: 0.000026 seconds.
  path: Assets/King of Overbrawl/KING OF OVERBRAWL/GOOD/VALKRO/PINK/sequence images/die/die_00017.png
  artifactKey: Guid(f9de89351d59092479c93470de8d07b2) Importer(2089858483,b0f066a214c2f5e87bad3c948f4d605d)
Start importing Assets/King of Overbrawl/KING OF OVERBRAWL/GOOD/VALKRO/PINK/sequence images/die/die_00017.png using Guid(f9de89351d59092479c93470de8d07b2) Importer(2089858483,b0f066a214c2f5e87bad3c948f4d605d) (ScriptedImporter) -> (artifact id: 'feca946ce110fdf9c2aca5e032b7809d') in 0.0102932 seconds
Number of updated asset objects reloaded before import = 0Number of asset objects unloaded after import = 3

========================================================================
Received Import Request.
  Time since last request: 0.000038 seconds.
  path: Assets/King of Overbrawl/KING OF OVERBRAWL/BGBOKO/Round9-4.png
  artifactKey: Guid(6483c1904e72a154ab5dc9cb9a7fe613) Importer(2089858483,b0f066a214c2f5e87bad3c948f4d605d)
Start importing Assets/King of Overbrawl/KING OF OVERBRAWL/BGBOKO/Round9-4.png using Guid(6483c1904e72a154ab5dc9cb9a7fe613) Importer(2089858483,b0f066a214c2f5e87bad3c948f4d605d) (ScriptedImporter) -> (artifact id: 'd356c3c7128f94413a25c4e6f3a554d2') in 0.0111621 seconds
Number of updated asset objects reloaded before import = 0Number of asset objects unloaded after import = 3

========================================================================
Received Import Request.
  Time since last request: 0.000022 seconds.
  path: Assets/King of Overbrawl/KING OF OVERBRAWL/GOOD/VALKRO/PINK/sequence images/walk/walk_00009.png
  artifactKey: Guid(804c6c94f0ca38d498c679c99be651cb) Importer(2089858483,b0f066a214c2f5e87bad3c948f4d605d)
Start importing Assets/King of Overbrawl/KING OF OVERBRAWL/GOOD/VALKRO/PINK/sequence images/walk/walk_00009.png using Guid(804c6c94f0ca38d498c679c99be651cb) Importer(2089858483,b0f066a214c2f5e87bad3c948f4d605d) (ScriptedImporter) -> (artifact id: 'b1fd5f5c6cc418ace01310eb9cea53d3') in 0.0158924 seconds
Number of updated asset objects reloaded before import = 0Number of asset objects unloaded after import = 3

========================================================================
Received Import Request.
  Time since last request: 0.000025 seconds.
  path: Assets/King of Overbrawl/KING OF OVERBRAWL/ASSETS/GOLD/01_a single gold coin.png
  artifactKey: Guid(3147038f3ddba95458b0c2a60609d371) Importer(2089858483,b0f066a214c2f5e87bad3c948f4d605d)
Start importing Assets/King of Overbrawl/KING OF OVERBRAWL/ASSETS/GOLD/01_a single gold coin.png using Guid(3147038f3ddba95458b0c2a60609d371) Importer(2089858483,b0f066a214c2f5e87bad3c948f4d605d) (ScriptedImporter) -> (artifact id: 'eaf537c431eb6de4fa558aacbac744dc') in 0.0138334 seconds
Number of updated asset objects reloaded before import = 0Number of asset objects unloaded after import = 3

========================================================================
Received Import Request.
  Time since last request: 0.000033 seconds.
  path: Assets/King of Overbrawl/KING OF OVERBRAWL/GOOD/VALKRO/PURPLE/sequence images-1/attack/p_00022.png
  artifactKey: Guid(18f44bdfcedfff74ba99f03125ef3375) Importer(2089858483,b0f066a214c2f5e87bad3c948f4d605d)
Start importing Assets/King of Overbrawl/KING OF OVERBRAWL/GOOD/VALKRO/PURPLE/sequence images-1/attack/p_00022.png using Guid(18f44bdfcedfff74ba99f03125ef3375) Importer(2089858483,b0f066a214c2f5e87bad3c948f4d605d) (ScriptedImporter) -> (artifact id: '0c300ab4bb383e259f74a034535dbab9') in 0.011604 seconds
Number of updated asset objects reloaded before import = 0Number of asset objects unloaded after import = 3

========================================================================
Received Import Request.
  Time since last request: 0.000028 seconds.
  path: Assets/King of Overbrawl/KING OF OVERBRAWL/GOOD/VALKRO
  artifactKey: Guid(2c0df9ee949d98e409eea07702a69563) Importer(2089858483,b0f066a214c2f5e87bad3c948f4d605d)
Start importing Assets/King of Overbrawl/KING OF OVERBRAWL/GOOD/VALKRO using Guid(2c0df9ee949d98e409eea07702a69563) Importer(2089858483,b0f066a214c2f5e87bad3c948f4d605d) (ScriptedImporter) -> (artifact id: '11561054bf3700a1920d28a4b492c4f7') in 0.0029178 seconds
Number of updated asset objects reloaded before import = 0Number of asset objects unloaded after import = 1

========================================================================
Received Import Request.
  Time since last request: 0.000098 seconds.
  path: Assets/King of Overbrawl/KING OF OVERBRAWL/GOOD/VALKRO/PURPLE/sequence images-1/die/p_00017.png
  artifactKey: Guid(4d3463d3e21fdcf46b9e9bedb4a1ffd8) Importer(2089858483,b0f066a214c2f5e87bad3c948f4d605d)
Start importing Assets/King of Overbrawl/KING OF OVERBRAWL/GOOD/VALKRO/PURPLE/sequence images-1/die/p_00017.png using Guid(4d3463d3e21fdcf46b9e9bedb4a1ffd8) Importer(2089858483,b0f066a214c2f5e87bad3c948f4d605d) (ScriptedImporter) -> (artifact id: '4231f1c928c1e358f79b61df296ee948') in 0.0106778 seconds
Number of updated asset objects reloaded before import = 0Number of asset objects unloaded after import = 3

========================================================================
Received Import Request.
  Time since last request: 0.000021 seconds.
  path: Assets/King of Overbrawl/KING OF OVERBRAWL/BAD/BLUE WOLF
  artifactKey: Guid(5f3954afa40f3bb4a8cdf768978e8058) Importer(2089858483,b0f066a214c2f5e87bad3c948f4d605d)
Start importing Assets/King of Overbrawl/KING OF OVERBRAWL/BAD/BLUE WOLF using Guid(5f3954afa40f3bb4a8cdf768978e8058) Importer(2089858483,b0f066a214c2f5e87bad3c948f4d605d) (ScriptedImporter) -> (artifact id: '24c4d8e32fe38fc267785247a656b9ba') in 0.0037364 seconds
Number of updated asset objects reloaded before import = 0Number of asset objects unloaded after import = 1

========================================================================
Received Import Request.
  Time since last request: 0.000028 seconds.
  path: Assets/King of Overbrawl/Artwork/Backgrounds
  artifactKey: Guid(6ee7cc4840c434746b2bc1604a49f268) Importer(2089858483,b0f066a214c2f5e87bad3c948f4d605d)
Start importing Assets/King of Overbrawl/Artwork/Backgrounds using Guid(6ee7cc4840c434746b2bc1604a49f268) Importer(2089858483,b0f066a214c2f5e87bad3c948f4d605d) (ScriptedImporter) -> (artifact id: 'd95c0bb79cf50d1c7869c7689368df4b') in 0.0035379 seconds
Number of updated asset objects reloaded before import = 0Number of asset objects unloaded after import = 1

========================================================================
Received Import Request.
  Time since last request: 0.000023 seconds.
  path: Assets/King of Overbrawl/KING OF OVERBRAWL/GOOD/VALKRO/PURPLE/sequence images-1/walk/p_00006.png
  artifactKey: Guid(3e0bdf5507dea934380d4bc4ab8d8880) Importer(2089858483,b0f066a214c2f5e87bad3c948f4d605d)
Start importing Assets/King of Overbrawl/KING OF OVERBRAWL/GOOD/VALKRO/PURPLE/sequence images-1/walk/p_00006.png using Guid(3e0bdf5507dea934380d4bc4ab8d8880) Importer(2089858483,b0f066a214c2f5e87bad3c948f4d605d) (ScriptedImporter) -> (artifact id: 'ee8d726aba69ad3be89581aa6ef0b05c') in 0.0100072 seconds
Number of updated asset objects reloaded before import = 0Number of asset objects unloaded after import = 3

========================================================================
Received Import Request.
  Time since last request: 0.000027 seconds.
  path: Assets/King of Overbrawl/KING OF OVERBRAWL/GOOD/VALKRO/PINK/sequence images/die/die_00004.png
  artifactKey: Guid(5c75bbad77c812648acdc36b89f6b4a1) Importer(2089858483,b0f066a214c2f5e87bad3c948f4d605d)
Start importing Assets/King of Overbrawl/KING OF OVERBRAWL/GOOD/VALKRO/PINK/sequence images/die/die_00004.png using Guid(5c75bbad77c812648acdc36b89f6b4a1) Importer(2089858483,b0f066a214c2f5e87bad3c948f4d605d) (ScriptedImporter) -> (artifact id: 'bd914e253153e453958673d3e60fb40c') in 0.0111474 seconds
Number of updated asset objects reloaded before import = 0Number of asset objects unloaded after import = 3

========================================================================
Received Import Request.
  Time since last request: 0.000026 seconds.
  path: Assets/King of Overbrawl/KING OF OVERBRAWL/BAD/GOBLIN 1/animations-1/note.txt
  artifactKey: Guid(c11223d41025f8446bad4c7ff34f8b03) Importer(2089858483,b0f066a214c2f5e87bad3c948f4d605d)
Start importing Assets/King of Overbrawl/KING OF OVERBRAWL/BAD/GOBLIN 1/animations-1/note.txt using Guid(c11223d41025f8446bad4c7ff34f8b03) Importer(2089858483,b0f066a214c2f5e87bad3c948f4d605d) (ScriptedImporter) -> (artifact id: '53391868c5319d1a433179b2013b600d') in 0.0032434 seconds
Number of updated asset objects reloaded before import = 0Number of asset objects unloaded after import = 1

========================================================================
Received Import Request.
  Time since last request: 0.000057 seconds.
  path: Assets/King of Overbrawl/KING OF OVERBRAWL/GOOD/VALKRO/PURPLE/sequence images-1/attack/p_00008.png
  artifactKey: Guid(36805186a1fc8c34ebde661ea92be674) Importer(2089858483,b0f066a214c2f5e87bad3c948f4d605d)
Start importing Assets/King of Overbrawl/KING OF OVERBRAWL/GOOD/VALKRO/PURPLE/sequence images-1/attack/p_00008.png using Guid(36805186a1fc8c34ebde661ea92be674) Importer(2089858483,b0f066a214c2f5e87bad3c948f4d605d) (ScriptedImporter) -> (artifact id: '62d87ad456666be1828fd114b5bcf202') in 0.0104071 seconds
Number of updated asset objects reloaded before import = 0Number of asset objects unloaded after import = 3

========================================================================
Received Import Request.
  Time since last request: 0.000019 seconds.
  path: Assets/King of Overbrawl/Artwork/Environment/Material/Chroma-Sprite.mat
  artifactKey: Guid(3ebf6125c8578464b822698c004e1fe4) Importer(2089858483,b0f066a214c2f5e87bad3c948f4d605d)
Start importing Assets/King of Overbrawl/Artwork/Environment/Material/Chroma-Sprite.mat using Guid(3ebf6125c8578464b822698c004e1fe4) Importer(2089858483,b0f066a214c2f5e87bad3c948f4d605d) (ScriptedImporter) -> (artifact id: 'e0d24f38687f65ceeacbe22d97a273f0') in 0.0120149 seconds
Number of updated asset objects reloaded before import = 0Number of asset objects unloaded after import = 1

========================================================================
Received Import Request.
  Time since last request: 0.000049 seconds.
  path: Assets/King of Overbrawl/Artwork
  artifactKey: Guid(dc77b730da5627c45af1ec110205871c) Importer(2089858483,b0f066a214c2f5e87bad3c948f4d605d)
Start importing Assets/King of Overbrawl/Artwork using Guid(dc77b730da5627c45af1ec110205871c) Importer(2089858483,b0f066a214c2f5e87bad3c948f4d605d) (ScriptedImporter) -> (artifact id: '492e1ea289028173eda4ee2d7596b619') in 0.0030842 seconds
Number of updated asset objects reloaded before import = 0Number of asset objects unloaded after import = 1

========================================================================
Received Import Request.
  Time since last request: 0.000097 seconds.
  path: Assets/King of Overbrawl/KING OF OVERBRAWL/GOOD/VALKRO/PINK/sequence images/idle/idle_00015.png
  artifactKey: Guid(10bc28dcb2aacc644bededccbd5e430d) Importer(2089858483,b0f066a214c2f5e87bad3c948f4d605d)
Start importing Assets/King of Overbrawl/KING OF OVERBRAWL/GOOD/VALKRO/PINK/sequence images/idle/idle_00015.png using Guid(10bc28dcb2aacc644bededccbd5e430d) Importer(2089858483,b0f066a214c2f5e87bad3c948f4d605d) (ScriptedImporter) -> (artifact id: '7188a0ae87b8b75204cd11efb7cd5c12') in 0.0158798 seconds
Number of updated asset objects reloaded before import = 0Number of asset objects unloaded after import = 3

========================================================================
Received Import Request.
  Time since last request: 0.000026 seconds.
  path: Assets/King of Overbrawl/KING OF OVERBRAWL/GOOD/VALKRO/PURPLE/sequence images-1/idle/p_00019.png
  artifactKey: Guid(c2a28b8961dbad94cab1a6a1e0f4a978) Importer(2089858483,b0f066a214c2f5e87bad3c948f4d605d)
Start importing Assets/King of Overbrawl/KING OF OVERBRAWL/GOOD/VALKRO/PURPLE/sequence images-1/idle/p_00019.png using Guid(c2a28b8961dbad94cab1a6a1e0f4a978) Importer(2089858483,b0f066a214c2f5e87bad3c948f4d605d) (ScriptedImporter) -> (artifact id: '07d372a607aea89889ce435b81567ddf') in 0.0219438 seconds
Number of updated asset objects reloaded before import = 0Number of asset objects unloaded after import = 3

========================================================================
Received Import Request.
  Time since last request: 0.000022 seconds.
  path: Assets/King of Overbrawl/KING OF OVERBRAWL/BGBOKO/4C.png
  artifactKey: Guid(c4d4a51e3da830c4e8d0e967f8a8fb48) Importer(2089858483,b0f066a214c2f5e87bad3c948f4d605d)
Start importing Assets/King of Overbrawl/KING OF OVERBRAWL/BGBOKO/4C.png using Guid(c4d4a51e3da830c4e8d0e967f8a8fb48) Importer(2089858483,b0f066a214c2f5e87bad3c948f4d605d) (ScriptedImporter) -> (artifact id: 'c970cdcce4550ac18d387110e6c1193f') in 0.0240526 seconds
Number of updated asset objects reloaded before import = 0Number of asset objects unloaded after import = 3

========================================================================
Received Import Request.
  Time since last request: 0.000034 seconds.
  path: Assets/King of Overbrawl/KING OF OVERBRAWL/GOOD/VALKRO/PINK/sequence images/idle/idle_00002.png
  artifactKey: Guid(80e4a44ef38ca724a8e7bf7179a0446b) Importer(2089858483,b0f066a214c2f5e87bad3c948f4d605d)
Start importing Assets/King of Overbrawl/KING OF OVERBRAWL/GOOD/VALKRO/PINK/sequence images/idle/idle_00002.png using Guid(80e4a44ef38ca724a8e7bf7179a0446b) Importer(2089858483,b0f066a214c2f5e87bad3c948f4d605d) (ScriptedImporter) -> (artifact id: '511399f82fdb4c9c8088e5ed7855989c') in 0.0150341 seconds
Number of updated asset objects reloaded before import = 0Number of asset objects unloaded after import = 3

========================================================================
Received Import Request.
  Time since last request: 0.000025 seconds.
  path: Assets/King of Overbrawl/KING OF OVERBRAWL/BGBOKO/Episode 4/4-2.png
  artifactKey: Guid(3936cc9cb02e85b48aa33b7eb60506cc) Importer(2089858483,b0f066a214c2f5e87bad3c948f4d605d)
Start importing Assets/King of Overbrawl/KING OF OVERBRAWL/BGBOKO/Episode 4/4-2.png using Guid(3936cc9cb02e85b48aa33b7eb60506cc) Importer(2089858483,b0f066a214c2f5e87bad3c948f4d605d) (ScriptedImporter) -> (artifact id: 'a91aea0cb4fc426fdde7c82f26eb53cd') in 0.0096998 seconds
Number of updated asset objects reloaded before import = 0Number of asset objects unloaded after import = 3

========================================================================
Received Import Request.
  Time since last request: 0.000018 seconds.
  path: Assets/King of Overbrawl/KING OF OVERBRAWL/GOOD/VALKRO/PURPLE/sequence images-1/walk/p_00007.png
  artifactKey: Guid(7a1d1cfcefe30e646ada739fd560209f) Importer(2089858483,b0f066a214c2f5e87bad3c948f4d605d)
Start importing Assets/King of Overbrawl/KING OF OVERBRAWL/GOOD/VALKRO/PURPLE/sequence images-1/walk/p_00007.png using Guid(7a1d1cfcefe30e646ada739fd560209f) Importer(2089858483,b0f066a214c2f5e87bad3c948f4d605d) (ScriptedImporter) -> (artifact id: 'c948dc84065d5899eb2daf424418981b') in 0.0107091 seconds
Number of updated asset objects reloaded before import = 0Number of asset objects unloaded after import = 3

========================================================================
Received Import Request.
  Time since last request: 0.000020 seconds.
  path: Assets/King of Overbrawl/KING OF OVERBRAWL/GOOD/VALKRO/PURPLE/sequence images-1/attack/p_00009.png
  artifactKey: Guid(4459acaad054db54b93e1e97b32b97db) Importer(2089858483,b0f066a214c2f5e87bad3c948f4d605d)
Start importing Assets/King of Overbrawl/KING OF OVERBRAWL/GOOD/VALKRO/PURPLE/sequence images-1/attack/p_00009.png using Guid(4459acaad054db54b93e1e97b32b97db) Importer(2089858483,b0f066a214c2f5e87bad3c948f4d605d) (ScriptedImporter) -> (artifact id: '6c85b3f172bd77286af66eed8f8ec76f') in 0.0135358 seconds
Number of updated asset objects reloaded before import = 0Number of asset objects unloaded after import = 3

========================================================================
Received Import Request.
  Time since last request: 0.000020 seconds.
  path: Assets/King of Overbrawl/KING OF OVERBRAWL/GOOD/VALKRO/PINK/sequence images/idle/idle_00012.png
  artifactKey: Guid(3148ce1daa2156d4faa6eb4c4325688e) Importer(2089858483,b0f066a214c2f5e87bad3c948f4d605d)
Start importing Assets/King of Overbrawl/KING OF OVERBRAWL/GOOD/VALKRO/PINK/sequence images/idle/idle_00012.png using Guid(3148ce1daa2156d4faa6eb4c4325688e) Importer(2089858483,b0f066a214c2f5e87bad3c948f4d605d) (ScriptedImporter) -> (artifact id: '8bda502939d9e9af839ebf03b368039f') in 0.0097394 seconds
Number of updated asset objects reloaded before import = 0Number of asset objects unloaded after import = 3

========================================================================
Received Import Request.
  Time since last request: 0.000029 seconds.
  path: Assets/King of Overbrawl/KING OF OVERBRAWL/BAD/GOBLIN 2 FIREBALL
  artifactKey: Guid(8f86286804643dc4fa5c014545c2fb2e) Importer(2089858483,b0f066a214c2f5e87bad3c948f4d605d)
Start importing Assets/King of Overbrawl/KING OF OVERBRAWL/BAD/GOBLIN 2 FIREBALL using Guid(8f86286804643dc4fa5c014545c2fb2e) Importer(2089858483,b0f066a214c2f5e87bad3c948f4d605d) (ScriptedImporter) -> (artifact id: '944ff3340231ed94bf87df002210b005') in 0.0027537 seconds
Number of updated asset objects reloaded before import = 0Number of asset objects unloaded after import = 1

========================================================================
Received Import Request.
  Time since last request: 0.000054 seconds.
  path: Assets/King of Overbrawl/Animations/Movement/Attack-2.anim
  artifactKey: Guid(e13d26dbdaf074949bbf7e3272e4a7ad) Importer(2089858483,b0f066a214c2f5e87bad3c948f4d605d)
Start importing Assets/King of Overbrawl/Animations/Movement/Attack-2.anim using Guid(e13d26dbdaf074949bbf7e3272e4a7ad) Importer(2089858483,b0f066a214c2f5e87bad3c948f4d605d) (ScriptedImporter) -> (artifact id: 'fee2840f03f78b0d2281451f668cc0ba') in 0.0047755 seconds
Number of updated asset objects reloaded before import = 0Number of asset objects unloaded after import = 1

========================================================================
Received Import Request.
  Time since last request: 0.000089 seconds.
  path: Assets/King of Overbrawl/KING OF OVERBRAWL/GOOD/VALKRO/PINK/sequence images/walk/walk_00006.png
  artifactKey: Guid(1b78df45976a32c4ba1975d8b1296751) Importer(2089858483,b0f066a214c2f5e87bad3c948f4d605d)
Start importing Assets/King of Overbrawl/KING OF OVERBRAWL/GOOD/VALKRO/PINK/sequence images/walk/walk_00006.png using Guid(1b78df45976a32c4ba1975d8b1296751) Importer(2089858483,b0f066a214c2f5e87bad3c948f4d605d) (ScriptedImporter) -> (artifact id: '7e38d6e1831c1470fceebd428ecda1d9') in 0.0115187 seconds
Number of updated asset objects reloaded before import = 0Number of asset objects unloaded after import = 3

========================================================================
Received Import Request.
  Time since last request: 0.000020 seconds.
  path: Assets/King of Overbrawl/KING OF OVERBRAWL/GOOD/VALKRO/PURPLE/sequence images-1/die
  artifactKey: Guid(7a301b6dec2dbe840b7c7c3734a2991c) Importer(2089858483,b0f066a214c2f5e87bad3c948f4d605d)
Start importing Assets/King of Overbrawl/KING OF OVERBRAWL/GOOD/VALKRO/PURPLE/sequence images-1/die using Guid(7a301b6dec2dbe840b7c7c3734a2991c) Importer(2089858483,b0f066a214c2f5e87bad3c948f4d605d) (ScriptedImporter) -> (artifact id: 'ee97a366ce66a986c081df527dcdd6b7') in 0.0028965 seconds
Number of updated asset objects reloaded before import = 0Number of asset objects unloaded after import = 1

========================================================================
Received Import Request.
  Time since last request: 0.000052 seconds.
  path: Assets/King of Overbrawl/KING OF OVERBRAWL/GOOD/BOKO/fist/where_to_place_fist.png
  artifactKey: Guid(4cae33b56cda2754fa7bb9a69ee1dd84) Importer(2089858483,b0f066a214c2f5e87bad3c948f4d605d)
Start importing Assets/King of Overbrawl/KING OF OVERBRAWL/GOOD/BOKO/fist/where_to_place_fist.png using Guid(4cae33b56cda2754fa7bb9a69ee1dd84) Importer(2089858483,b0f066a214c2f5e87bad3c948f4d605d) (ScriptedImporter) -> (artifact id: 'a6efe862a6860e37f72624e48deb8495') in 0.01997 seconds
Number of updated asset objects reloaded before import = 0Number of asset objects unloaded after import = 3

========================================================================
Received Prepare
Begin MonoManager ReloadAssembly
[Licensing::Client] Successfully resolved entitlement details
ADTM: Control thread waiting for realtime thread timed out, have to lock...
Symbol file LoadedFromMemory is not a mono symbol file
- Loaded All Assemblies, in  3.385 seconds
Refreshing native plugins compatible for Editor in 11.98 ms, found 2 plugins.
Native extension for WindowsStandalone target not found
Native extension for WebGL target not found
[Package Manager] Failed to launch server process. Reason: Unity was launched with the -noUpm command-line argument
[Package Manager] Unable to send message (not connected to server process).
[Package Manager] Cannot connect to Unity Package Manager local server
ScheduleIndexationOnStartup MainProcess:False IndexOnStartup:True
Mono: successfully reloaded assembly
- Finished resetting the current domain, in  3.874 seconds
Domain Reload Profiling: 7256ms
	BeginReloadAssembly (1725ms)
		ExecutionOrderSort (0ms)
		DisableScriptedObjects (8ms)
		BackupInstance (0ms)
		ReleaseScriptingObjects (0ms)
		CreateAndSetChildDomain (1200ms)
	RebuildCommonClasses (250ms)
	RebuildNativeTypeToScriptingClass (69ms)
	initialDomainReloadingComplete (99ms)
	LoadAllAssembliesAndSetupDomain (1237ms)
		LoadAssemblies (1260ms)
		RebuildTransferFunctionScriptingTraits (0ms)
		AnalyzeDomain (425ms)
			TypeCache.Refresh (63ms)
				TypeCache.ScanAssembly (0ms)
			BuildScriptInfoCaches (341ms)
			ResolveRequiredComponents (12ms)
	FinalizeReload (3877ms)
		ReleaseScriptCaches (0ms)
		RebuildScriptCaches (0ms)
		SetupLoadedEditorAssemblies (3254ms)
			LogAssemblyErrors (0ms)
			InitializePlatformSupportModulesInManaged (10ms)
			SetLoadedEditorAssemblies (27ms)
			BeforeProcessingInitializeOnLoad (784ms)
			ProcessInitializeOnLoadAttributes (1139ms)
			ProcessInitializeOnLoadMethodAttributes (1254ms)
			AfterProcessingInitializeOnLoad (37ms)
			EditorAssembliesLoaded (2ms)
		ExecutionOrderSort2 (0ms)
		AwakeInstancesAfterBackupRestoration (41ms)
Refreshing native plugins compatible for Editor in 12.53 ms, found 2 plugins.
Preloading 0 native plugins for Editor in 0.00 ms.
Unloading 0 Unused Serialized files (Serialized files now loaded: 0)
Unloading 3007 unused Assets / (1.4 MB). Loaded Objects now: 3581.
Memory consumption went from 88.3 MB to 87.0 MB.
Total: 52.590100 ms (FindLiveObjects: 1.589400 ms CreateObjectMapping: 1.874100 ms MarkObjects: 42.840300 ms  DeleteObjects: 6.284100 ms)

Prepare: number of updated asset objects reloaded= 0
========================================================================
Received Import Request.
  Time since last request: 97.984287 seconds.
  path: Assets/Images/Sprites/Hero/hero_hurt_00.png
  artifactKey: Guid(1b45d984017d5034180a2838786a08ae) Importer(815301076,1909f56bfc062723c751e8b465ee728b)
Start importing Assets/Images/Sprites/Hero/hero_hurt_00.png using Guid(1b45d984017d5034180a2838786a08ae) Importer(815301076,1909f56bfc062723c751e8b465ee728b) (PreviewImporter) -> (artifact id: '8a509dc2c2160cc340694f9b19b1a08f') in 0.1276839 seconds
Number of updated asset objects reloaded before import = 0Number of asset objects unloaded after import = 3

========================================================================
Received Import Request.
  Time since last request: 21.156621 seconds.
  path: Assets/Images/Sprites/Hero/hero_getup_04.png
  artifactKey: Guid(d55d80ab795b6f74894922fff5fcd534) Importer(815301076,1909f56bfc062723c751e8b465ee728b)
Start importing Assets/Images/Sprites/Hero/hero_getup_04.png using Guid(d55d80ab795b6f74894922fff5fcd534) Importer(815301076,1909f56bfc062723c751e8b465ee728b) (PreviewImporter) -> (artifact id: '231a945f8bda0b5f1e6299ca34b735cb') in 0.0167482 seconds
Number of updated asset objects reloaded before import = 0Number of asset objects unloaded after import = 3

========================================================================
Received Import Request.
  Time since last request: 0.009758 seconds.
  path: Assets/Images/Sprites/Hero/hero_getup_02.png
  artifactKey: Guid(ae8ab6b1a6df23f4b8612901430193ac) Importer(815301076,1909f56bfc062723c751e8b465ee728b)
Start importing Assets/Images/Sprites/Hero/hero_getup_02.png using Guid(ae8ab6b1a6df23f4b8612901430193ac) Importer(815301076,1909f56bfc062723c751e8b465ee728b) (PreviewImporter) -> (artifact id: 'c5b4c4cf8589c9429096552aaadf6a98') in 0.0185778 seconds
Number of updated asset objects reloaded before import = 0Number of asset objects unloaded after import = 3

========================================================================
Received Import Request.
  Time since last request: 0.275516 seconds.
  path: Assets/Images/Sprites/Hero/hero_getup_00.png
  artifactKey: Guid(f3cb061b2125f884b8aa6f7846b30717) Importer(815301076,1909f56bfc062723c751e8b465ee728b)
Start importing Assets/Images/Sprites/Hero/hero_getup_00.png using Guid(f3cb061b2125f884b8aa6f7846b30717) Importer(815301076,1909f56bfc062723c751e8b465ee728b) (PreviewImporter) -> (artifact id: 'eca3c236e9c5b9134e3f654a5dd0db56') in 0.0171425 seconds
Number of updated asset objects reloaded before import = 0Number of asset objects unloaded after import = 3

========================================================================
Received Import Request.
  Time since last request: 0.000025 seconds.
  path: Assets/Images/Sprites/Hero/hero_attack_02_02.png
  artifactKey: Guid(af4ae246af727a746a039884b4bde391) Importer(815301076,1909f56bfc062723c751e8b465ee728b)
Start importing Assets/Images/Sprites/Hero/hero_attack_02_02.png using Guid(af4ae246af727a746a039884b4bde391) Importer(815301076,1909f56bfc062723c751e8b465ee728b) (PreviewImporter) -> (artifact id: 'ca9d09f63a4f931f668f1fd0a4817423') in 0.0149731 seconds
Number of updated asset objects reloaded before import = 0Number of asset objects unloaded after import = 3

========================================================================
Received Import Request.
  Time since last request: 0.023048 seconds.
  path: Assets/Images/Sprites/Hero/hero_attack_02_01.png
  artifactKey: Guid(8a3e6c66f64d89a47847821b2ca87b79) Importer(815301076,1909f56bfc062723c751e8b465ee728b)
Start importing Assets/Images/Sprites/Hero/hero_attack_02_01.png using Guid(8a3e6c66f64d89a47847821b2ca87b79) Importer(815301076,1909f56bfc062723c751e8b465ee728b) (PreviewImporter) -> (artifact id: '5038b5d74291e68d6dec88cb3f77ba97') in 0.0185373 seconds
Number of updated asset objects reloaded before import = 0Number of asset objects unloaded after import = 3

========================================================================
Received Import Request.
  Time since last request: 0.238523 seconds.
  path: Assets/Images/Sprites/Hero/hero_attack_01_02.png
  artifactKey: Guid(2c7ef4968eb70d24db07dc126b1315e4) Importer(815301076,1909f56bfc062723c751e8b465ee728b)
Start importing Assets/Images/Sprites/Hero/hero_attack_01_02.png using Guid(2c7ef4968eb70d24db07dc126b1315e4) Importer(815301076,1909f56bfc062723c751e8b465ee728b) (PreviewImporter) -> (artifact id: '6ffb93d059dfd7ce14237a159538062a') in 0.0190443 seconds
Number of updated asset objects reloaded before import = 0Number of asset objects unloaded after import = 3

========================================================================
Received Import Request.
  Time since last request: 0.000029 seconds.
  path: Assets/Images/Sprites/Hero/hero_attack_00_02.png
  artifactKey: Guid(2d02b54c331343242b173c3007fc48ab) Importer(815301076,1909f56bfc062723c751e8b465ee728b)
Start importing Assets/Images/Sprites/Hero/hero_attack_00_02.png using Guid(2d02b54c331343242b173c3007fc48ab) Importer(815301076,1909f56bfc062723c751e8b465ee728b) (PreviewImporter) -> (artifact id: '390ed83eab582580556a697de1335e4d') in 0.0127282 seconds
Number of updated asset objects reloaded before import = 0Number of asset objects unloaded after import = 3

========================================================================
Received Import Request.
  Time since last request: 0.023428 seconds.
  path: Assets/Images/Sprites/Hero/hero_attack_00_01.png
  artifactKey: Guid(ce8060709fe07cf4c9bd4aa946ed9381) Importer(815301076,1909f56bfc062723c751e8b465ee728b)
Start importing Assets/Images/Sprites/Hero/hero_attack_00_01.png using Guid(ce8060709fe07cf4c9bd4aa946ed9381) Importer(815301076,1909f56bfc062723c751e8b465ee728b) (PreviewImporter) -> (artifact id: '29b6ea19d162103c1debad9ae82ba5b5') in 0.0192396 seconds
Number of updated asset objects reloaded before import = 0Number of asset objects unloaded after import = 3

========================================================================
Received Import Request.
  Time since last request: 10.117714 seconds.
  path: Assets/Images/Sprites/Hero/hero_jump_01.png
  artifactKey: Guid(b7c1425cac8e8494688ddc122b246b56) Importer(815301076,1909f56bfc062723c751e8b465ee728b)
Start importing Assets/Images/Sprites/Hero/hero_jump_01.png using Guid(b7c1425cac8e8494688ddc122b246b56) Importer(815301076,1909f56bfc062723c751e8b465ee728b) (PreviewImporter) -> (artifact id: '7fd79487742fb61c2f2a8fe3127d376f') in 0.0141195 seconds
Number of updated asset objects reloaded before import = 0Number of asset objects unloaded after import = 3

========================================================================
Received Import Request.
  Time since last request: 0.000027 seconds.
  path: Assets/Images/Sprites/Hero/hero_jump_03.png
  artifactKey: Guid(3b8780a406da4044e823774fbd072eb1) Importer(815301076,1909f56bfc062723c751e8b465ee728b)
Start importing Assets/Images/Sprites/Hero/hero_jump_03.png using Guid(3b8780a406da4044e823774fbd072eb1) Importer(815301076,1909f56bfc062723c751e8b465ee728b) (PreviewImporter) -> (artifact id: '448a04df31ca44f9ef68ff0aeab65c81') in 0.0167544 seconds
Number of updated asset objects reloaded before import = 0Number of asset objects unloaded after import = 3

========================================================================
Received Import Request.
  Time since last request: 19.162785 seconds.
  path: Assets/King of Overbrawl/KING OF OVERBRAWL/BGBOKO/3B.png
  artifactKey: Guid(95130822f74fdf44599fcb1910f9e137) Importer(815301076,1909f56bfc062723c751e8b465ee728b)
Start importing Assets/King of Overbrawl/KING OF OVERBRAWL/BGBOKO/3B.png using Guid(95130822f74fdf44599fcb1910f9e137) Importer(815301076,1909f56bfc062723c751e8b465ee728b) (PreviewImporter) -> (artifact id: '225f778845f05bf316aa28e84252e893') in 0.0434426 seconds
Number of updated asset objects reloaded before import = 0Number of asset objects unloaded after import = 3

========================================================================
Received Import Request.
  Time since last request: 0.000036 seconds.
  path: Assets/King of Overbrawl/KING OF OVERBRAWL/BGBOKO/5C.png
  artifactKey: Guid(d4dd9256723351644a5c75724b02c4de) Importer(815301076,1909f56bfc062723c751e8b465ee728b)
Start importing Assets/King of Overbrawl/KING OF OVERBRAWL/BGBOKO/5C.png using Guid(d4dd9256723351644a5c75724b02c4de) Importer(815301076,1909f56bfc062723c751e8b465ee728b) (PreviewImporter) -> (artifact id: '4fe04bf6c8daa828b54a05e058f5ba96') in 0.0235776 seconds
Number of updated asset objects reloaded before import = 0Number of asset objects unloaded after import = 3

========================================================================
Received Import Request.
  Time since last request: 0.000028 seconds.
  path: Assets/King of Overbrawl/KING OF OVERBRAWL/BGBOKO/5A.png
  artifactKey: Guid(1a3fb97d9f36ad044b029e9fcc76b88c) Importer(815301076,1909f56bfc062723c751e8b465ee728b)
Start importing Assets/King of Overbrawl/KING OF OVERBRAWL/BGBOKO/5A.png using Guid(1a3fb97d9f36ad044b029e9fcc76b88c) Importer(815301076,1909f56bfc062723c751e8b465ee728b) (PreviewImporter) -> (artifact id: '162461d238d136e639731117a8ed86d6') in 0.0162037 seconds
Number of updated asset objects reloaded before import = 0Number of asset objects unloaded after import = 3

========================================================================
Received Import Request.
  Time since last request: 0.000024 seconds.
  path: Assets/King of Overbrawl/KING OF OVERBRAWL/BGBOKO/4A.png
  artifactKey: Guid(67adbeb730d0bc341be2ec8bfdd862b0) Importer(815301076,1909f56bfc062723c751e8b465ee728b)
Start importing Assets/King of Overbrawl/KING OF OVERBRAWL/BGBOKO/4A.png using Guid(67adbeb730d0bc341be2ec8bfdd862b0) Importer(815301076,1909f56bfc062723c751e8b465ee728b) (PreviewImporter) -> (artifact id: '2fd815f1a69853413f911b163f8ae966') in 0.02372 seconds
Number of updated asset objects reloaded before import = 0Number of asset objects unloaded after import = 3

========================================================================
Received Import Request.
  Time since last request: 12.959382 seconds.
  path: Assets/King of Overbrawl/KING OF OVERBRAWL/GOOD/BOKO/BOKO BASIC/character.psd
  artifactKey: Guid(0d3835bb8d12c184fabe78e8be678cb3) Importer(815301076,1909f56bfc062723c751e8b465ee728b)
Start importing Assets/King of Overbrawl/KING OF OVERBRAWL/GOOD/BOKO/BOKO BASIC/character.psd using Guid(0d3835bb8d12c184fabe78e8be678cb3) Importer(815301076,1909f56bfc062723c751e8b465ee728b) (PreviewImporter) -> (artifact id: '0613069a85f886d70b55f982107c9f65') in 0.0169021 seconds
Number of updated asset objects reloaded before import = 0Number of asset objects unloaded after import = 3

========================================================================
Received Import Request.
  Time since last request: 0.000049 seconds.
  path: Assets/King of Overbrawl/KING OF OVERBRAWL/GOOD/BOKO/BOKO BASIC/walk.png
  artifactKey: Guid(32db23b7ba5b9b14c92ad10bc15c16a3) Importer(815301076,1909f56bfc062723c751e8b465ee728b)
Start importing Assets/King of Overbrawl/KING OF OVERBRAWL/GOOD/BOKO/BOKO BASIC/walk.png using Guid(32db23b7ba5b9b14c92ad10bc15c16a3) Importer(815301076,1909f56bfc062723c751e8b465ee728b) (PreviewImporter) -> (artifact id: 'f341a3b3ae8447a8020f0fd6f4b096c3') in 0.1363068 seconds
Number of updated asset objects reloaded before import = 0Number of asset objects unloaded after import = 20

========================================================================
Received Prepare
Begin MonoManager ReloadAssembly
[Licensing::Client] Successfully resolved entitlement details
ADTM: Control thread waiting for realtime thread timed out, have to lock...
Symbol file LoadedFromMemory is not a mono symbol file
- Loaded All Assemblies, in  2.015 seconds
Refreshing native plugins compatible for Editor in 3.41 ms, found 2 plugins.
Native extension for WindowsStandalone target not found
Native extension for WebGL target not found
[Package Manager] Failed to launch server process. Reason: Unity was launched with the -noUpm command-line argument
[Package Manager] Unable to send message (not connected to server process).
[Package Manager] Cannot connect to Unity Package Manager local server
ScheduleIndexationOnStartup MainProcess:False IndexOnStartup:True
Mono: successfully reloaded assembly
- Finished resetting the current domain, in  1.471 seconds
Domain Reload Profiling: 3486ms
	BeginReloadAssembly (1321ms)
		ExecutionOrderSort (0ms)
		DisableScriptedObjects (12ms)
		BackupInstance (0ms)
		ReleaseScriptingObjects (0ms)
		CreateAndSetChildDomain (1092ms)
	RebuildCommonClasses (75ms)
	RebuildNativeTypeToScriptingClass (20ms)
	initialDomainReloadingComplete (34ms)
	LoadAllAssembliesAndSetupDomain (565ms)
		LoadAssemblies (505ms)
		RebuildTransferFunctionScriptingTraits (0ms)
		AnalyzeDomain (219ms)
			TypeCache.Refresh (32ms)
				TypeCache.ScanAssembly (0ms)
			BuildScriptInfoCaches (176ms)
			ResolveRequiredComponents (5ms)
	FinalizeReload (1472ms)
		ReleaseScriptCaches (0ms)
		RebuildScriptCaches (0ms)
		SetupLoadedEditorAssemblies (1253ms)
			LogAssemblyErrors (0ms)
			InitializePlatformSupportModulesInManaged (4ms)
			SetLoadedEditorAssemblies (9ms)
			BeforeProcessingInitializeOnLoad (242ms)
			ProcessInitializeOnLoadAttributes (482ms)
			ProcessInitializeOnLoadMethodAttributes (504ms)
			AfterProcessingInitializeOnLoad (10ms)
			EditorAssembliesLoaded (0ms)
		ExecutionOrderSort2 (0ms)
		AwakeInstancesAfterBackupRestoration (13ms)
Refreshing native plugins compatible for Editor in 4.79 ms, found 2 plugins.
Preloading 0 native plugins for Editor in 0.00 ms.
Unloading 0 Unused Serialized files (Serialized files now loaded: 0)
Unloading 3007 unused Assets / (1.1 MB). Loaded Objects now: 3600.
Memory consumption went from 88.7 MB to 87.6 MB.
Total: 25.010700 ms (FindLiveObjects: 0.962000 ms CreateObjectMapping: 0.762200 ms MarkObjects: 22.045800 ms  DeleteObjects: 1.238900 ms)

Prepare: number of updated asset objects reloaded= 0
========================================================================
Received Import Request.
  Time since last request: 423.238033 seconds.
  path: Assets/Images/Sprites/Boss/boss_idle_01.png
  artifactKey: Guid(cabf6f1248957fe49b809597c61ded84) Importer(815301076,1909f56bfc062723c751e8b465ee728b)
Start importing Assets/Images/Sprites/Boss/boss_idle_01.png using Guid(cabf6f1248957fe49b809597c61ded84) Importer(815301076,1909f56bfc062723c751e8b465ee728b) (PreviewImporter) -> (artifact id: '21672dd5076085885f734a72b30a5ad4') in 0.1082518 seconds
Number of updated asset objects reloaded before import = 0Number of asset objects unloaded after import = 3

========================================================================
Received Import Request.
  Time since last request: 2.973521 seconds.
  path: Assets/King of Overbrawl/KING OF OVERBRAWL/GOOD/VALKRO/PINK/sequence images/idle/idle_00002.png
  artifactKey: Guid(80e4a44ef38ca724a8e7bf7179a0446b) Importer(815301076,1909f56bfc062723c751e8b465ee728b)
Start importing Assets/King of Overbrawl/KING OF OVERBRAWL/GOOD/VALKRO/PINK/sequence images/idle/idle_00002.png using Guid(80e4a44ef38ca724a8e7bf7179a0446b) Importer(815301076,1909f56bfc062723c751e8b465ee728b) (PreviewImporter) -> (artifact id: 'caafd81b6e551b3e49dd19d728fb8aec') in 0.0162568 seconds
Number of updated asset objects reloaded before import = 0Number of asset objects unloaded after import = 3

========================================================================
Received Import Request.
  Time since last request: 0.303036 seconds.
  path: Assets/King of Overbrawl/KING OF OVERBRAWL/GOOD/VALKRO/PINK/sequence images/idle/idle_00006.png
  artifactKey: Guid(0df63a0488fd4fb48bb77b34ebefd491) Importer(815301076,1909f56bfc062723c751e8b465ee728b)
Start importing Assets/King of Overbrawl/KING OF OVERBRAWL/GOOD/VALKRO/PINK/sequence images/idle/idle_00006.png using Guid(0df63a0488fd4fb48bb77b34ebefd491) Importer(815301076,1909f56bfc062723c751e8b465ee728b) (PreviewImporter) -> (artifact id: '72bb77607b8feed7360443132e7d4c86') in 0.0213957 seconds
Number of updated asset objects reloaded before import = 0Number of asset objects unloaded after import = 3

========================================================================
Received Prepare
Begin MonoManager ReloadAssembly
[Licensing::Client] Successfully resolved entitlement details
ADTM: Control thread waiting for realtime thread timed out, have to lock...
Symbol file LoadedFromMemory is not a mono symbol file
- Loaded All Assemblies, in  2.071 seconds
Refreshing native plugins compatible for Editor in 3.44 ms, found 2 plugins.
Native extension for WindowsStandalone target not found
Native extension for WebGL target not found
[Package Manager] Failed to launch server process. Reason: Unity was launched with the -noUpm command-line argument
[Package Manager] Unable to send message (not connected to server process).
[Package Manager] Cannot connect to Unity Package Manager local server
ScheduleIndexationOnStartup MainProcess:False IndexOnStartup:True
Mono: successfully reloaded assembly
- Finished resetting the current domain, in  1.356 seconds
Domain Reload Profiling: 3425ms
	BeginReloadAssembly (1353ms)
		ExecutionOrderSort (0ms)
		DisableScriptedObjects (9ms)
		BackupInstance (0ms)
		ReleaseScriptingObjects (0ms)
		CreateAndSetChildDomain (1087ms)
	RebuildCommonClasses (75ms)
	RebuildNativeTypeToScriptingClass (27ms)
	initialDomainReloadingComplete (41ms)
	LoadAllAssembliesAndSetupDomain (573ms)
		LoadAssemblies (572ms)
		RebuildTransferFunctionScriptingTraits (0ms)
		AnalyzeDomain (200ms)
			TypeCache.Refresh (32ms)
				TypeCache.ScanAssembly (0ms)
			BuildScriptInfoCaches (156ms)
			ResolveRequiredComponents (6ms)
	FinalizeReload (1356ms)
		ReleaseScriptCaches (0ms)
		RebuildScriptCaches (0ms)
		SetupLoadedEditorAssemblies (1157ms)
			LogAssemblyErrors (0ms)
			InitializePlatformSupportModulesInManaged (3ms)
			SetLoadedEditorAssemblies (7ms)
			BeforeProcessingInitializeOnLoad (221ms)
			ProcessInitializeOnLoadAttributes (495ms)
			ProcessInitializeOnLoadMethodAttributes (421ms)
			AfterProcessingInitializeOnLoad (9ms)
			EditorAssembliesLoaded (0ms)
		ExecutionOrderSort2 (0ms)
		AwakeInstancesAfterBackupRestoration (12ms)
Refreshing native plugins compatible for Editor in 2.93 ms, found 2 plugins.
Preloading 0 native plugins for Editor in 0.00 ms.
Unloading 0 Unused Serialized files (Serialized files now loaded: 0)
Unloading 3007 unused Assets / (1.5 MB). Loaded Objects now: 3604.
Memory consumption went from 88.7 MB to 87.2 MB.
Total: 19.255300 ms (FindLiveObjects: 0.585000 ms CreateObjectMapping: 0.465400 ms MarkObjects: 15.718100 ms  DeleteObjects: 2.485000 ms)

Prepare: number of updated asset objects reloaded= 0
========================================================================
Received Prepare
Begin MonoManager ReloadAssembly
ADTM: Control thread waiting for realtime thread timed out, have to lock...
Symbol file LoadedFromMemory is not a mono symbol file
- Loaded All Assemblies, in  1.881 seconds
Refreshing native plugins compatible for Editor in 3.23 ms, found 2 plugins.
Native extension for WindowsStandalone target not found
Native extension for WebGL target not found
[Package Manager] Failed to launch server process. Reason: Unity was launched with the -noUpm command-line argument
[Package Manager] Unable to send message (not connected to server process).
[Package Manager] Cannot connect to Unity Package Manager local server
ScheduleIndexationOnStartup MainProcess:False IndexOnStartup:True
Mono: successfully reloaded assembly
- Finished resetting the current domain, in  1.121 seconds
Domain Reload Profiling: 3001ms
	BeginReloadAssembly (1280ms)
		ExecutionOrderSort (0ms)
		DisableScriptedObjects (9ms)
		BackupInstance (0ms)
		ReleaseScriptingObjects (0ms)
		CreateAndSetChildDomain (1085ms)
	RebuildCommonClasses (56ms)
	RebuildNativeTypeToScriptingClass (23ms)
	initialDomainReloadingComplete (34ms)
	LoadAllAssembliesAndSetupDomain (488ms)
		LoadAssemblies (415ms)
		RebuildTransferFunctionScriptingTraits (0ms)
		AnalyzeDomain (205ms)
			TypeCache.Refresh (35ms)
				TypeCache.ScanAssembly (0ms)
			BuildScriptInfoCaches (157ms)
			ResolveRequiredComponents (5ms)
	FinalizeReload (1121ms)
		ReleaseScriptCaches (0ms)
		RebuildScriptCaches (0ms)
		SetupLoadedEditorAssemblies (945ms)
			LogAssemblyErrors (0ms)
			InitializePlatformSupportModulesInManaged (3ms)
			SetLoadedEditorAssemblies (8ms)
			BeforeProcessingInitializeOnLoad (189ms)
			ProcessInitializeOnLoadAttributes (391ms)
			ProcessInitializeOnLoadMethodAttributes (346ms)
			AfterProcessingInitializeOnLoad (9ms)
			EditorAssembliesLoaded (1ms)
		ExecutionOrderSort2 (0ms)
		AwakeInstancesAfterBackupRestoration (11ms)
Refreshing native plugins compatible for Editor in 3.68 ms, found 2 plugins.
Preloading 0 native plugins for Editor in 0.00 ms.
Unloading 0 Unused Serialized files (Serialized files now loaded: 0)
Unloading 3007 unused Assets / (1.3 MB). Loaded Objects now: 3605.
Memory consumption went from 88.7 MB to 87.4 MB.
Total: 22.377800 ms (FindLiveObjects: 0.857200 ms CreateObjectMapping: 0.649100 ms MarkObjects: 18.902600 ms  DeleteObjects: 1.966800 ms)

Prepare: number of updated asset objects reloaded= 0
========================================================================
Received Prepare
Begin MonoManager ReloadAssembly
[Licensing::Client] Successfully resolved entitlement details
ADTM: Control thread waiting for realtime thread timed out, have to lock...
Symbol file LoadedFromMemory is not a mono symbol file
- Loaded All Assemblies, in  2.769 seconds
Refreshing native plugins compatible for Editor in 8.58 ms, found 2 plugins.
Native extension for WindowsStandalone target not found
Native extension for WebGL target not found
[Package Manager] Failed to launch server process. Reason: Unity was launched with the -noUpm command-line argument
[Package Manager] Unable to send message (not connected to server process).
[Package Manager] Cannot connect to Unity Package Manager local server
ScheduleIndexationOnStartup MainProcess:False IndexOnStartup:True
Mono: successfully reloaded assembly
- Finished resetting the current domain, in  3.552 seconds
Domain Reload Profiling: 6318ms
	BeginReloadAssembly (1331ms)
		ExecutionOrderSort (0ms)
		DisableScriptedObjects (11ms)
		BackupInstance (0ms)
		ReleaseScriptingObjects (0ms)
		CreateAndSetChildDomain (1114ms)
	RebuildCommonClasses (124ms)
	RebuildNativeTypeToScriptingClass (44ms)
	initialDomainReloadingComplete (91ms)
	LoadAllAssembliesAndSetupDomain (1175ms)
		LoadAssemblies (861ms)
		RebuildTransferFunctionScriptingTraits (0ms)
		AnalyzeDomain (446ms)
			TypeCache.Refresh (60ms)
				TypeCache.ScanAssembly (0ms)
			BuildScriptInfoCaches (359ms)
			ResolveRequiredComponents (13ms)
	FinalizeReload (3554ms)
		ReleaseScriptCaches (0ms)
		RebuildScriptCaches (0ms)
		SetupLoadedEditorAssemblies (2998ms)
			LogAssemblyErrors (0ms)
			InitializePlatformSupportModulesInManaged (10ms)
			SetLoadedEditorAssemblies (25ms)
			BeforeProcessingInitializeOnLoad (682ms)
			ProcessInitializeOnLoadAttributes (1186ms)
			ProcessInitializeOnLoadMethodAttributes (1076ms)
			AfterProcessingInitializeOnLoad (18ms)
			EditorAssembliesLoaded (1ms)
		ExecutionOrderSort2 (0ms)
		AwakeInstancesAfterBackupRestoration (25ms)
Refreshing native plugins compatible for Editor in 8.11 ms, found 2 plugins.
Preloading 0 native plugins for Editor in 0.00 ms.
Unloading 0 Unused Serialized files (Serialized files now loaded: 0)
Unloading 3007 unused Assets / (1.3 MB). Loaded Objects now: 3606.
Memory consumption went from 88.7 MB to 87.3 MB.
Total: 44.543000 ms (FindLiveObjects: 1.784800 ms CreateObjectMapping: 1.691200 ms MarkObjects: 37.459900 ms  DeleteObjects: 3.603200 ms)

Prepare: number of updated asset objects reloaded= 0
========================================================================
Received Prepare
Begin MonoManager ReloadAssembly
[Licensing::Client] Successfully resolved entitlement details
ADTM: Control thread waiting for realtime thread timed out, have to lock...
Symbol file LoadedFromMemory is not a mono symbol file
- Loaded All Assemblies, in  2.440 seconds
Refreshing native plugins compatible for Editor in 13.52 ms, found 2 plugins.
Native extension for WindowsStandalone target not found
Native extension for WebGL target not found
[Package Manager] Failed to launch server process. Reason: Unity was launched with the -noUpm command-line argument
[Package Manager] Unable to send message (not connected to server process).
[Package Manager] Cannot connect to Unity Package Manager local server
ScheduleIndexationOnStartup MainProcess:False IndexOnStartup:True
Mono: successfully reloaded assembly
- Finished resetting the current domain, in  3.473 seconds
Domain Reload Profiling: 5912ms
	BeginReloadAssembly (1272ms)
		ExecutionOrderSort (0ms)
		DisableScriptedObjects (12ms)
		BackupInstance (0ms)
		ReleaseScriptingObjects (0ms)
		CreateAndSetChildDomain (1074ms)
	RebuildCommonClasses (70ms)
	RebuildNativeTypeToScriptingClass (31ms)
	initialDomainReloadingComplete (48ms)
	LoadAllAssembliesAndSetupDomain (1017ms)
		LoadAssemblies (641ms)
		RebuildTransferFunctionScriptingTraits (0ms)
		AnalyzeDomain (496ms)
			TypeCache.Refresh (63ms)
				TypeCache.ScanAssembly (0ms)
			BuildScriptInfoCaches (412ms)
			ResolveRequiredComponents (11ms)
	FinalizeReload (3474ms)
		ReleaseScriptCaches (0ms)
		RebuildScriptCaches (0ms)
		SetupLoadedEditorAssemblies (2910ms)
			LogAssemblyErrors (0ms)
			InitializePlatformSupportModulesInManaged (7ms)
			SetLoadedEditorAssemblies (20ms)
			BeforeProcessingInitializeOnLoad (590ms)
			ProcessInitializeOnLoadAttributes (1245ms)
			ProcessInitializeOnLoadMethodAttributes (1040ms)
			AfterProcessingInitializeOnLoad (7ms)
			EditorAssembliesLoaded (0ms)
		ExecutionOrderSort2 (0ms)
		AwakeInstancesAfterBackupRestoration (12ms)
Refreshing native plugins compatible for Editor in 10.05 ms, found 2 plugins.
Preloading 0 native plugins for Editor in 0.00 ms.
Unloading 0 Unused Serialized files (Serialized files now loaded: 0)
Unloading 3007 unused Assets / (1.2 MB). Loaded Objects now: 3607.
Memory consumption went from 88.7 MB to 87.5 MB.
Total: 39.366800 ms (FindLiveObjects: 1.356700 ms CreateObjectMapping: 1.089000 ms MarkObjects: 35.021800 ms  DeleteObjects: 1.895400 ms)

Prepare: number of updated asset objects reloaded= 0
========================================================================
Received Prepare
Begin MonoManager ReloadAssembly
[Licensing::Client] Successfully resolved entitlement details
ADTM: Control thread waiting for realtime thread timed out, have to lock...
Symbol file LoadedFromMemory is not a mono symbol file
- Loaded All Assemblies, in  2.433 seconds
Refreshing native plugins compatible for Editor in 11.76 ms, found 2 plugins.
Native extension for WindowsStandalone target not found
Native extension for WebGL target not found
[Package Manager] Failed to launch server process. Reason: Unity was launched with the -noUpm command-line argument
[Package Manager] Unable to send message (not connected to server process).
[Package Manager] Cannot connect to Unity Package Manager local server
ScheduleIndexationOnStartup MainProcess:False IndexOnStartup:True
Mono: successfully reloaded assembly
- Finished resetting the current domain, in  3.958 seconds
Domain Reload Profiling: 6396ms
	BeginReloadAssembly (1266ms)
		ExecutionOrderSort (0ms)
		DisableScriptedObjects (9ms)
		BackupInstance (0ms)
		ReleaseScriptingObjects (0ms)
		CreateAndSetChildDomain (1072ms)
	RebuildCommonClasses (59ms)
	RebuildNativeTypeToScriptingClass (28ms)
	initialDomainReloadingComplete (61ms)
	LoadAllAssembliesAndSetupDomain (1021ms)
		LoadAssemblies (707ms)
		RebuildTransferFunctionScriptingTraits (0ms)
		AnalyzeDomain (433ms)
			TypeCache.Refresh (67ms)
				TypeCache.ScanAssembly (0ms)
			BuildScriptInfoCaches (348ms)
			ResolveRequiredComponents (9ms)
	FinalizeReload (3960ms)
		ReleaseScriptCaches (0ms)
		RebuildScriptCaches (0ms)
		SetupLoadedEditorAssemblies (3415ms)
			LogAssemblyErrors (0ms)
			InitializePlatformSupportModulesInManaged (9ms)
			SetLoadedEditorAssemblies (24ms)
			BeforeProcessingInitializeOnLoad (757ms)
			ProcessInitializeOnLoadAttributes (1388ms)
			ProcessInitializeOnLoadMethodAttributes (1211ms)
			AfterProcessingInitializeOnLoad (26ms)
			EditorAssembliesLoaded (1ms)
		ExecutionOrderSort2 (0ms)
		AwakeInstancesAfterBackupRestoration (27ms)
Refreshing native plugins compatible for Editor in 11.40 ms, found 2 plugins.
Preloading 0 native plugins for Editor in 0.00 ms.
Unloading 0 Unused Serialized files (Serialized files now loaded: 0)
Unloading 3007 unused Assets / (1.2 MB). Loaded Objects now: 3608.
Memory consumption went from 88.7 MB to 87.5 MB.
Total: 40.931100 ms (FindLiveObjects: 0.761000 ms CreateObjectMapping: 1.177000 ms MarkObjects: 36.707800 ms  DeleteObjects: 2.282800 ms)

Prepare: number of updated asset objects reloaded= 0
========================================================================
Received Prepare
Begin MonoManager ReloadAssembly
[Licensing::Client] Successfully resolved entitlement details
ADTM: Control thread waiting for realtime thread timed out, have to lock...
Symbol file LoadedFromMemory is not a mono symbol file
- Loaded All Assemblies, in  2.388 seconds
Refreshing native plugins compatible for Editor in 9.62 ms, found 2 plugins.
Native extension for WindowsStandalone target not found
Native extension for WebGL target not found
[Package Manager] Failed to launch server process. Reason: Unity was launched with the -noUpm command-line argument
[Package Manager] Unable to send message (not connected to server process).
[Package Manager] Cannot connect to Unity Package Manager local server
ScheduleIndexationOnStartup MainProcess:False IndexOnStartup:True
Mono: successfully reloaded assembly
- Finished resetting the current domain, in  3.728 seconds
Domain Reload Profiling: 6117ms
	BeginReloadAssembly (1262ms)
		ExecutionOrderSort (0ms)
		DisableScriptedObjects (10ms)
		BackupInstance (0ms)
		ReleaseScriptingObjects (0ms)
		CreateAndSetChildDomain (1071ms)
	RebuildCommonClasses (91ms)
	RebuildNativeTypeToScriptingClass (21ms)
	initialDomainReloadingComplete (36ms)
	LoadAllAssembliesAndSetupDomain (978ms)
		LoadAssemblies (678ms)
		RebuildTransferFunctionScriptingTraits (0ms)
		AnalyzeDomain (419ms)
			TypeCache.Refresh (64ms)
				TypeCache.ScanAssembly (0ms)
			BuildScriptInfoCaches (335ms)
			ResolveRequiredComponents (10ms)
	FinalizeReload (3729ms)
		ReleaseScriptCaches (0ms)
		RebuildScriptCaches (0ms)
		SetupLoadedEditorAssemblies (3240ms)
			LogAssemblyErrors (0ms)
			InitializePlatformSupportModulesInManaged (8ms)
			SetLoadedEditorAssemblies (21ms)
			BeforeProcessingInitializeOnLoad (643ms)
			ProcessInitializeOnLoadAttributes (1330ms)
			ProcessInitializeOnLoadMethodAttributes (1210ms)
			AfterProcessingInitializeOnLoad (28ms)
			EditorAssembliesLoaded (1ms)
		ExecutionOrderSort2 (0ms)
		AwakeInstancesAfterBackupRestoration (28ms)
Refreshing native plugins compatible for Editor in 13.80 ms, found 2 plugins.
Preloading 0 native plugins for Editor in 0.00 ms.
Unloading 0 Unused Serialized files (Serialized files now loaded: 0)
Unloading 3007 unused Assets / (1.3 MB). Loaded Objects now: 3609.
Memory consumption went from 88.7 MB to 87.4 MB.
Total: 49.335300 ms (FindLiveObjects: 2.198700 ms CreateObjectMapping: 2.315400 ms MarkObjects: 39.978100 ms  DeleteObjects: 4.837700 ms)

Prepare: number of updated asset objects reloaded= 0
========================================================================
Received Prepare
Begin MonoManager ReloadAssembly
ADTM: Control thread waiting for realtime thread timed out, have to lock...
Symbol file LoadedFromMemory is not a mono symbol file
- Loaded All Assemblies, in  2.597 seconds
Refreshing native plugins compatible for Editor in 13.46 ms, found 2 plugins.
Native extension for WindowsStandalone target not found
Native extension for WebGL target not found
[Package Manager] Failed to launch server process. Reason: Unity was launched with the -noUpm command-line argument
[Package Manager] Unable to send message (not connected to server process).
[Package Manager] Cannot connect to Unity Package Manager local server
ScheduleIndexationOnStartup MainProcess:False IndexOnStartup:True
Mono: successfully reloaded assembly
- Finished resetting the current domain, in  4.414 seconds
Domain Reload Profiling: 7015ms
	BeginReloadAssembly (1402ms)
		ExecutionOrderSort (0ms)
		DisableScriptedObjects (9ms)
		BackupInstance (0ms)
		ReleaseScriptingObjects (0ms)
		CreateAndSetChildDomain (1128ms)
	RebuildCommonClasses (82ms)
	RebuildNativeTypeToScriptingClass (28ms)
	initialDomainReloadingComplete (46ms)
	LoadAllAssembliesAndSetupDomain (1042ms)
		LoadAssemblies (595ms)
		RebuildTransferFunctionScriptingTraits (0ms)
		AnalyzeDomain (638ms)
			TypeCache.Refresh (64ms)
				TypeCache.ScanAssembly (0ms)
			BuildScriptInfoCaches (547ms)
			ResolveRequiredComponents (14ms)
	FinalizeReload (4416ms)
		ReleaseScriptCaches (0ms)
		RebuildScriptCaches (0ms)
		SetupLoadedEditorAssemblies (3815ms)
			LogAssemblyErrors (0ms)
			InitializePlatformSupportModulesInManaged (15ms)
			SetLoadedEditorAssemblies (58ms)
			BeforeProcessingInitializeOnLoad (974ms)
			ProcessInitializeOnLoadAttributes (1539ms)
			ProcessInitializeOnLoadMethodAttributes (1207ms)
			AfterProcessingInitializeOnLoad (22ms)
			EditorAssembliesLoaded (1ms)
		ExecutionOrderSort2 (0ms)
		AwakeInstancesAfterBackupRestoration (28ms)
Refreshing native plugins compatible for Editor in 12.68 ms, found 2 plugins.
Preloading 0 native plugins for Editor in 0.00 ms.
Unloading 0 Unused Serialized files (Serialized files now loaded: 0)
Unloading 3007 unused Assets / (1.3 MB). Loaded Objects now: 3610.
Memory consumption went from 88.7 MB to 87.4 MB.
Total: 57.110200 ms (FindLiveObjects: 1.800600 ms CreateObjectMapping: 2.310200 ms MarkObjects: 49.024600 ms  DeleteObjects: 3.973000 ms)

Prepare: number of updated asset objects reloaded= 0
========================================================================
Received Prepare
Begin MonoManager ReloadAssembly
[Licensing::Client] Successfully resolved entitlement details
ADTM: Control thread waiting for realtime thread timed out, have to lock...
Symbol file LoadedFromMemory is not a mono symbol file
- Loaded All Assemblies, in  2.048 seconds
Refreshing native plugins compatible for Editor in 4.85 ms, found 2 plugins.
Native extension for WindowsStandalone target not found
Native extension for WebGL target not found
[Package Manager] Failed to launch server process. Reason: Unity was launched with the -noUpm command-line argument
[Package Manager] Unable to send message (not connected to server process).
[Package Manager] Cannot connect to Unity Package Manager local server
ScheduleIndexationOnStartup MainProcess:False IndexOnStartup:True
Mono: successfully reloaded assembly
- Finished resetting the current domain, in  1.272 seconds
Domain Reload Profiling: 3318ms
	BeginReloadAssembly (1301ms)
		ExecutionOrderSort (0ms)
		DisableScriptedObjects (10ms)
		BackupInstance (0ms)
		ReleaseScriptingObjects (0ms)
		CreateAndSetChildDomain (1082ms)
	RebuildCommonClasses (99ms)
	RebuildNativeTypeToScriptingClass (32ms)
	initialDomainReloadingComplete (53ms)
	LoadAllAssembliesAndSetupDomain (561ms)
		LoadAssemblies (496ms)
		RebuildTransferFunctionScriptingTraits (0ms)
		AnalyzeDomain (203ms)
			TypeCache.Refresh (31ms)
				TypeCache.ScanAssembly (0ms)
			BuildScriptInfoCaches (161ms)
			ResolveRequiredComponents (5ms)
	FinalizeReload (1272ms)
		ReleaseScriptCaches (0ms)
		RebuildScriptCaches (0ms)
		SetupLoadedEditorAssemblies (1062ms)
			LogAssemblyErrors (0ms)
			InitializePlatformSupportModulesInManaged (3ms)
			SetLoadedEditorAssemblies (8ms)
			BeforeProcessingInitializeOnLoad (238ms)
			ProcessInitializeOnLoadAttributes (461ms)
			ProcessInitializeOnLoadMethodAttributes (340ms)
			AfterProcessingInitializeOnLoad (10ms)
			EditorAssembliesLoaded (1ms)
		ExecutionOrderSort2 (0ms)
		AwakeInstancesAfterBackupRestoration (12ms)
Refreshing native plugins compatible for Editor in 5.34 ms, found 2 plugins.
Preloading 0 native plugins for Editor in 0.00 ms.
Unloading 0 Unused Serialized files (Serialized files now loaded: 0)
Unloading 3007 unused Assets / (1.1 MB). Loaded Objects now: 3611.
Memory consumption went from 88.7 MB to 87.6 MB.
Total: 25.298800 ms (FindLiveObjects: 0.914900 ms CreateObjectMapping: 0.717400 ms MarkObjects: 21.269800 ms  DeleteObjects: 2.395000 ms)

Prepare: number of updated asset objects reloaded= 0
========================================================================
Received Prepare
Begin MonoManager ReloadAssembly
[Licensing::Client] Successfully resolved entitlement details
ADTM: Control thread waiting for realtime thread timed out, have to lock...
Symbol file LoadedFromMemory is not a mono symbol file
- Loaded All Assemblies, in  2.001 seconds
Refreshing native plugins compatible for Editor in 3.45 ms, found 2 plugins.
Native extension for WindowsStandalone target not found
Native extension for WebGL target not found
[Package Manager] Failed to launch server process. Reason: Unity was launched with the -noUpm command-line argument
[Package Manager] Unable to send message (not connected to server process).
[Package Manager] Cannot connect to Unity Package Manager local server
ScheduleIndexationOnStartup MainProcess:False IndexOnStartup:True
Mono: successfully reloaded assembly
- Finished resetting the current domain, in  1.308 seconds
Domain Reload Profiling: 3307ms
	BeginReloadAssembly (1285ms)
		ExecutionOrderSort (0ms)
		DisableScriptedObjects (14ms)
		BackupInstance (0ms)
		ReleaseScriptingObjects (0ms)
		CreateAndSetChildDomain (1077ms)
	RebuildCommonClasses (58ms)
	RebuildNativeTypeToScriptingClass (45ms)
	initialDomainReloadingComplete (56ms)
	LoadAllAssembliesAndSetupDomain (554ms)
		LoadAssemblies (481ms)
		RebuildTransferFunctionScriptingTraits (0ms)
		AnalyzeDomain (208ms)
			TypeCache.Refresh (34ms)
				TypeCache.ScanAssembly (0ms)
			BuildScriptInfoCaches (163ms)
			ResolveRequiredComponents (6ms)
	FinalizeReload (1309ms)
		ReleaseScriptCaches (0ms)
		RebuildScriptCaches (0ms)
		SetupLoadedEditorAssemblies (1098ms)
			LogAssemblyErrors (0ms)
			InitializePlatformSupportModulesInManaged (3ms)
			SetLoadedEditorAssemblies (8ms)
			BeforeProcessingInitializeOnLoad (230ms)
			ProcessInitializeOnLoadAttributes (452ms)
			ProcessInitializeOnLoadMethodAttributes (395ms)
			AfterProcessingInitializeOnLoad (9ms)
			EditorAssembliesLoaded (0ms)
		ExecutionOrderSort2 (0ms)
		AwakeInstancesAfterBackupRestoration (14ms)
Refreshing native plugins compatible for Editor in 3.05 ms, found 2 plugins.
Preloading 0 native plugins for Editor in 0.00 ms.
Unloading 0 Unused Serialized files (Serialized files now loaded: 0)
Unloading 3007 unused Assets / (1.2 MB). Loaded Objects now: 3612.
Memory consumption went from 88.7 MB to 87.5 MB.
Total: 24.071000 ms (FindLiveObjects: 0.610000 ms CreateObjectMapping: 0.779100 ms MarkObjects: 20.192400 ms  DeleteObjects: 2.487800 ms)

Prepare: number of updated asset objects reloaded= 0
========================================================================
Received Prepare
Begin MonoManager ReloadAssembly
[Licensing::Client] Successfully resolved entitlement details
ADTM: Control thread waiting for realtime thread timed out, have to lock...
Symbol file LoadedFromMemory is not a mono symbol file
- Loaded All Assemblies, in  2.021 seconds
Refreshing native plugins compatible for Editor in 3.52 ms, found 2 plugins.
Native extension for WindowsStandalone target not found
Native extension for WebGL target not found
[Package Manager] Failed to launch server process. Reason: Unity was launched with the -noUpm command-line argument
[Package Manager] Unable to send message (not connected to server process).
[Package Manager] Cannot connect to Unity Package Manager local server
ScheduleIndexationOnStartup MainProcess:False IndexOnStartup:True
Mono: successfully reloaded assembly
- Finished resetting the current domain, in  1.305 seconds
Domain Reload Profiling: 3325ms
	BeginReloadAssembly (1311ms)
		ExecutionOrderSort (0ms)
		DisableScriptedObjects (9ms)
		BackupInstance (0ms)
		ReleaseScriptingObjects (0ms)
		CreateAndSetChildDomain (1081ms)
	RebuildCommonClasses (97ms)
	RebuildNativeTypeToScriptingClass (36ms)
	initialDomainReloadingComplete (52ms)
	LoadAllAssembliesAndSetupDomain (523ms)
		LoadAssemblies (492ms)
		RebuildTransferFunctionScriptingTraits (0ms)
		AnalyzeDomain (197ms)
			TypeCache.Refresh (33ms)
				TypeCache.ScanAssembly (0ms)
			BuildScriptInfoCaches (152ms)
			ResolveRequiredComponents (7ms)
	FinalizeReload (1305ms)
		ReleaseScriptCaches (0ms)
		RebuildScriptCaches (0ms)
		SetupLoadedEditorAssemblies (1098ms)
			LogAssemblyErrors (0ms)
			InitializePlatformSupportModulesInManaged (4ms)
			SetLoadedEditorAssemblies (9ms)
			BeforeProcessingInitializeOnLoad (233ms)
			ProcessInitializeOnLoadAttributes (445ms)
			ProcessInitializeOnLoadMethodAttributes (394ms)
			AfterProcessingInitializeOnLoad (12ms)
			EditorAssembliesLoaded (1ms)
		ExecutionOrderSort2 (0ms)
		AwakeInstancesAfterBackupRestoration (11ms)
Refreshing native plugins compatible for Editor in 4.29 ms, found 2 plugins.
Preloading 0 native plugins for Editor in 0.00 ms.
Unloading 0 Unused Serialized files (Serialized files now loaded: 0)
Unloading 3007 unused Assets / (1.2 MB). Loaded Objects now: 3613.
Memory consumption went from 88.7 MB to 87.6 MB.
Total: 27.365300 ms (FindLiveObjects: 0.881900 ms CreateObjectMapping: 0.847800 ms MarkObjects: 23.522500 ms  DeleteObjects: 2.111300 ms)

Prepare: number of updated asset objects reloaded= 0
========================================================================
Received Prepare
Begin MonoManager ReloadAssembly
[Licensing::Client] Successfully resolved entitlement details
ADTM: Control thread waiting for realtime thread timed out, have to lock...
Symbol file LoadedFromMemory is not a mono symbol file
- Loaded All Assemblies, in  1.972 seconds
Refreshing native plugins compatible for Editor in 3.52 ms, found 2 plugins.
Native extension for WindowsStandalone target not found
Native extension for WebGL target not found
[Package Manager] Failed to launch server process. Reason: Unity was launched with the -noUpm command-line argument
[Package Manager] Unable to send message (not connected to server process).
[Package Manager] Cannot connect to Unity Package Manager local server
ScheduleIndexationOnStartup MainProcess:False IndexOnStartup:True
Mono: successfully reloaded assembly
- Finished resetting the current domain, in  1.253 seconds
Domain Reload Profiling: 3219ms
	BeginReloadAssembly (1268ms)
		ExecutionOrderSort (0ms)
		DisableScriptedObjects (9ms)
		BackupInstance (0ms)
		ReleaseScriptingObjects (0ms)
		CreateAndSetChildDomain (1073ms)
	RebuildCommonClasses (52ms)
	RebuildNativeTypeToScriptingClass (21ms)
	initialDomainReloadingComplete (42ms)
	LoadAllAssembliesAndSetupDomain (583ms)
		LoadAssemblies (512ms)
		RebuildTransferFunctionScriptingTraits (0ms)
		AnalyzeDomain (200ms)
			TypeCache.Refresh (31ms)
				TypeCache.ScanAssembly (0ms)
			BuildScriptInfoCaches (157ms)
			ResolveRequiredComponents (6ms)
	FinalizeReload (1254ms)
		ReleaseScriptCaches (0ms)
		RebuildScriptCaches (0ms)
		SetupLoadedEditorAssemblies (1056ms)
			LogAssemblyErrors (0ms)
			InitializePlatformSupportModulesInManaged (3ms)
			SetLoadedEditorAssemblies (8ms)
			BeforeProcessingInitializeOnLoad (223ms)
			ProcessInitializeOnLoadAttributes (452ms)
			ProcessInitializeOnLoadMethodAttributes (361ms)
			AfterProcessingInitializeOnLoad (9ms)
			EditorAssembliesLoaded (1ms)
		ExecutionOrderSort2 (0ms)
		AwakeInstancesAfterBackupRestoration (12ms)
Refreshing native plugins compatible for Editor in 5.31 ms, found 2 plugins.
Preloading 0 native plugins for Editor in 0.00 ms.
Unloading 0 Unused Serialized files (Serialized files now loaded: 0)
Unloading 3007 unused Assets / (434.7 KB). Loaded Objects now: 3614.
Memory consumption went from 88.8 MB to 88.3 MB.
Total: 28.190600 ms (FindLiveObjects: 0.687300 ms CreateObjectMapping: 0.479900 ms MarkObjects: 25.246100 ms  DeleteObjects: 1.775300 ms)

Prepare: number of updated asset objects reloaded= 0
========================================================================
Received Prepare
Begin MonoManager ReloadAssembly
[Licensing::Client] Successfully resolved entitlement details
ADTM: Control thread waiting for realtime thread timed out, have to lock...
Symbol file LoadedFromMemory is not a mono symbol file
- Loaded All Assemblies, in  1.889 seconds
Refreshing native plugins compatible for Editor in 3.74 ms, found 2 plugins.
Native extension for WindowsStandalone target not found
Native extension for WebGL target not found
[Package Manager] Failed to launch server process. Reason: Unity was launched with the -noUpm command-line argument
[Package Manager] Unable to send message (not connected to server process).
[Package Manager] Cannot connect to Unity Package Manager local server
ScheduleIndexationOnStartup MainProcess:False IndexOnStartup:True
Mono: successfully reloaded assembly
- Finished resetting the current domain, in  1.394 seconds
Domain Reload Profiling: 3284ms
	BeginReloadAssembly (1257ms)
		ExecutionOrderSort (0ms)
		DisableScriptedObjects (9ms)
		BackupInstance (0ms)
		ReleaseScriptingObjects (0ms)
		CreateAndSetChildDomain (1068ms)
	RebuildCommonClasses (75ms)
	RebuildNativeTypeToScriptingClass (32ms)
	initialDomainReloadingComplete (45ms)
	LoadAllAssembliesAndSetupDomain (480ms)
		LoadAssemblies (400ms)
		RebuildTransferFunctionScriptingTraits (0ms)
		AnalyzeDomain (204ms)
			TypeCache.Refresh (30ms)
				TypeCache.ScanAssembly (0ms)
			BuildScriptInfoCaches (163ms)
			ResolveRequiredComponents (5ms)
	FinalizeReload (1395ms)
		ReleaseScriptCaches (0ms)
		RebuildScriptCaches (0ms)
		SetupLoadedEditorAssemblies (1136ms)
			LogAssemblyErrors (0ms)
			InitializePlatformSupportModulesInManaged (4ms)
			SetLoadedEditorAssemblies (10ms)
			BeforeProcessingInitializeOnLoad (252ms)
			ProcessInitializeOnLoadAttributes (472ms)
			ProcessInitializeOnLoadMethodAttributes (387ms)
			AfterProcessingInitializeOnLoad (10ms)
			EditorAssembliesLoaded (1ms)
		ExecutionOrderSort2 (0ms)
		AwakeInstancesAfterBackupRestoration (15ms)
Refreshing native plugins compatible for Editor in 4.98 ms, found 2 plugins.
Preloading 0 native plugins for Editor in 0.00 ms.
Unloading 0 Unused Serialized files (Serialized files now loaded: 0)
Unloading 3007 unused Assets / (1.1 MB). Loaded Objects now: 3615.
Memory consumption went from 88.8 MB to 87.6 MB.
Total: 26.584600 ms (FindLiveObjects: 0.827600 ms CreateObjectMapping: 0.889100 ms MarkObjects: 23.276000 ms  DeleteObjects: 1.590300 ms)

Prepare: number of updated asset objects reloaded= 0
========================================================================
Received Prepare
Begin MonoManager ReloadAssembly
[Licensing::Client] Successfully resolved entitlement details
ADTM: Control thread waiting for realtime thread timed out, have to lock...
Symbol file LoadedFromMemory is not a mono symbol file
- Loaded All Assemblies, in  2.117 seconds
Refreshing native plugins compatible for Editor in 6.37 ms, found 2 plugins.
Native extension for WindowsStandalone target not found
Native extension for WebGL target not found
[Package Manager] Failed to launch server process. Reason: Unity was launched with the -noUpm command-line argument
[Package Manager] Unable to send message (not connected to server process).
[Package Manager] Cannot connect to Unity Package Manager local server
ScheduleIndexationOnStartup MainProcess:False IndexOnStartup:True
Mono: successfully reloaded assembly
- Finished resetting the current domain, in  1.601 seconds
Domain Reload Profiling: 3715ms
	BeginReloadAssembly (1307ms)
		ExecutionOrderSort (0ms)
		DisableScriptedObjects (9ms)
		BackupInstance (0ms)
		ReleaseScriptingObjects (0ms)
		CreateAndSetChildDomain (1065ms)
	RebuildCommonClasses (122ms)
	RebuildNativeTypeToScriptingClass (32ms)
	initialDomainReloadingComplete (53ms)
	LoadAllAssembliesAndSetupDomain (600ms)
		LoadAssemblies (549ms)
		RebuildTransferFunctionScriptingTraits (0ms)
		AnalyzeDomain (226ms)
			TypeCache.Refresh (37ms)
				TypeCache.ScanAssembly (0ms)
			BuildScriptInfoCaches (178ms)
			ResolveRequiredComponents (5ms)
	FinalizeReload (1601ms)
		ReleaseScriptCaches (0ms)
		RebuildScriptCaches (0ms)
		SetupLoadedEditorAssemblies (1327ms)
			LogAssemblyErrors (0ms)
			InitializePlatformSupportModulesInManaged (4ms)
			SetLoadedEditorAssemblies (12ms)
			BeforeProcessingInitializeOnLoad (345ms)
			ProcessInitializeOnLoadAttributes (540ms)
			ProcessInitializeOnLoadMethodAttributes (415ms)
			AfterProcessingInitializeOnLoad (10ms)
			EditorAssembliesLoaded (0ms)
		ExecutionOrderSort2 (0ms)
		AwakeInstancesAfterBackupRestoration (9ms)
Refreshing native plugins compatible for Editor in 6.57 ms, found 2 plugins.
Preloading 0 native plugins for Editor in 0.00 ms.
Unloading 0 Unused Serialized files (Serialized files now loaded: 0)
Unloading 3007 unused Assets / (1.3 MB). Loaded Objects now: 3616.
Memory consumption went from 88.8 MB to 87.5 MB.
Total: 26.009100 ms (FindLiveObjects: 1.071500 ms CreateObjectMapping: 0.989800 ms MarkObjects: 21.830600 ms  DeleteObjects: 2.114700 ms)

Prepare: number of updated asset objects reloaded= 0
