[Licensing::Module] Trying to connect to existing licensing client channel...
Built from '6000.3/respin/6000.3.6f1-732c1ec89f18' branch; Version is '6000.3.6f1 (bbb010bdb8a3) revision 12300304'; Using compiler version '194234433'; Build Type 'Release'
[Licensing::IpcConnector] Successfully connected to: "LicenseClient-DELL" at "2026-02-03T09:12:44.0056433Z"
OS: 'Windows 11  (10.0.26100) Professional' Language: 'en' Physical Memory: 16198 MB
BatchMode: 1, IsHumanControllingUs: 0, StartBugReporterOnCrash: 0, Is64bit: 1
System  architecture: x64
Process architecture: x64
Date: 2026-02-03T09:12:44Z

COMMAND LINE ARGUMENTS:
C:\Program Files\Unity\Hub\Editor\6000.3.6f1\Editor\Unity.exe
-adb2
-batchMode
-noUpm
-name
AssetImportWorker0
-projectPath
D:/PompaDroid
-logFile
Logs/AssetImportWorker0.log
-srvPort
50354
-licensingIpc
LicenseClient-DELL
-job-worker-count
3
-background-job-worker-count
8
-gc-helper-count
1
-name
AssetImport
Successfully changed project path to: D:/PompaDroid
D:/PompaDroid
[UnityMemory] Configuration Parameters - Can be set up in boot.config
    "memorysetup-temp-allocator-size-nav-mesh-worker=65536"
    "memorysetup-temp-allocator-size-audio-worker=65536"
    "memorysetup-temp-allocator-size-gfx=262144"
    "memorysetup-allocator-temp-initial-block-size-main=262144"
    "memorysetup-allocator-temp-initial-block-size-worker=262144"
    "memorysetup-temp-allocator-size-background-worker=32768"
    "memorysetup-temp-allocator-size-job-worker=262144"
    "memorysetup-temp-allocator-size-preload-manager=33554432"
    "memorysetup-temp-allocator-size-gi-baking-worker=262144"
    "memorysetup-temp-allocator-size-gi-baking-worker=262144"
    "memorysetup-temp-allocator-size-gi-baking-worker=262144"
    "memorysetup-temp-allocator-size-gi-baking-worker=262144"
    "memorysetup-temp-allocator-size-gi-baking-worker=262144"
    "memorysetup-bucket-allocator-granularity=16"
    "memorysetup-bucket-allocator-bucket-count=8"
    "memorysetup-bucket-allocator-block-size=33554432"
    "memorysetup-bucket-allocator-block-count=8"
    "memorysetup-main-allocator-block-size=16777216"
    "memorysetup-thread-allocator-block-size=16777216"
    "memorysetup-gfx-main-allocator-block-size=16777216"
    "memorysetup-gfx-thread-allocator-block-size=16777216"
    "memorysetup-cache-allocator-block-size=4194304"
    "memorysetup-typetree-allocator-block-size=2097152"
    "memorysetup-profiler-bucket-allocator-granularity=16"
    "memorysetup-profiler-bucket-allocator-bucket-count=8"
    "memorysetup-profiler-bucket-allocator-block-size=33554432"
    "memorysetup-profiler-bucket-allocator-block-count=8"
    "memorysetup-profiler-allocator-block-size=16777216"
    "memorysetup-profiler-editor-allocator-block-size=1048576"
    "memorysetup-temp-allocator-size-main=16777216"
    "memorysetup-job-temp-allocator-block-size=2097152"
    "memorysetup-job-temp-allocator-block-size-background=1048576"
    "memorysetup-job-temp-allocator-reduction-small-platforms=262144"
    "memorysetup-temp-allocator-size-cloud-worker=32768"
Player connection [19264]  Target information:

Player connection [19264]  * "[IP] 192.168.0.122 [Port] 0 [Flags] 2 [Guid] 1859353101 [EditorId] 1859353101 [Version] 1048832 [Id] WindowsEditor(7,DESKTOP-2L9EOP5) [Debug] 1 [PackageName] WindowsEditor [ProjectName] Editor" 

Player connection [19264] Host joined multi-casting on [225.0.0.222:54997]...
Player connection [19264] Host joined alternative multi-casting on [225.0.0.222:34997]...
JobSystem: Creating JobQueue using job-worker-count value 3
Input System module state changed to: Initialized.
[Physics::Module] Initialized fallback backend.
[Physics::Module] Id: 0xdecafbad
Library Redirect Path: Library/
[Physics::Module] Selected backend.
[Physics::Module] Name: PhysX
[Physics::Module] Id: 0xf2b8ea05
[Physics::Module] SDK Version: 4.1.2
[Physics::Module] Integration Version: 1.0.0
[Physics::Module] Threading Mode: Multi-Threaded
Refreshing native plugins compatible for Editor in 4.61 ms, found 2 plugins.
Preloading 0 native plugins for Editor in 0.00 ms.
Initialize engine version: 6000.3.6f1 (bbb010bdb8a3)
[Subsystems] Discovering subsystems at path C:/Program Files/Unity/Hub/Editor/6000.3.6f1/Editor/Data/Resources/UnitySubsystems
[Subsystems] Discovering subsystems at path D:/PompaDroid/Assets
GfxDevice: creating device client; kGfxThreadingModeNonThreaded
Direct3D:
    Version:  Direct3D 11.0 [level 11.1]
    Renderer: Intel(R) UHD Graphics 620 (ID=0x3ea0)
    Vendor:   Intel
    VRAM:     8099 MB
    Driver:   31.0.101.2127
Initialize mono
Mono path[0] = 'C:/Program Files/Unity/Hub/Editor/6000.3.6f1/Editor/Data/Managed'
Mono path[1] = 'C:/Program Files/Unity/Hub/Editor/6000.3.6f1/Editor/Data/MonoBleedingEdge/lib/mono/unityjit-win32'
Mono config path = 'C:/Program Files/Unity/Hub/Editor/6000.3.6f1/Editor/Data/MonoBleedingEdge/etc'
Using monoOptions --debugger-agent=transport=dt_socket,embedding=1,server=y,suspend=n,address=127.0.0.1:56608
Begin MonoManager ReloadAssembly
Registering precompiled unity dll's ...
Register platform support module: C:/Program Files/Unity/Hub/Editor/6000.3.6f1/Editor/Data/PlaybackEngines/WebGLSupport/UnityEditor.WebGL.Extensions.dll
Register platform support module: C:/Program Files/Unity/Hub/Editor/6000.3.6f1/Editor/Data/PlaybackEngines/WindowsStandaloneSupport/UnityEditor.WindowsStandalone.Extensions.dll
Registered in 0.003591 seconds.
- Loaded All Assemblies, in  0.925 seconds
Native extension for WindowsStandalone target not found
Native extension for WebGL target not found
ScheduleIndexationOnStartup MainProcess:False IndexOnStartup:True
Mono: successfully reloaded assembly
- Finished resetting the current domain, in  0.966 seconds
Domain Reload Profiling: 1889ms
	BeginReloadAssembly (271ms)
		ExecutionOrderSort (0ms)
		DisableScriptedObjects (0ms)
		BackupInstance (0ms)
		ReleaseScriptingObjects (0ms)
		CreateAndSetChildDomain (1ms)
	RebuildCommonClasses (89ms)
	RebuildNativeTypeToScriptingClass (27ms)
	initialDomainReloadingComplete (93ms)
	LoadAllAssembliesAndSetupDomain (441ms)
		LoadAssemblies (266ms)
		RebuildTransferFunctionScriptingTraits (0ms)
		AnalyzeDomain (436ms)
			TypeCache.Refresh (431ms)
				TypeCache.ScanAssembly (384ms)
			BuildScriptInfoCaches (0ms)
			ResolveRequiredComponents (1ms)
	FinalizeReload (967ms)
		ReleaseScriptCaches (0ms)
		RebuildScriptCaches (0ms)
		SetupLoadedEditorAssemblies (870ms)
			LogAssemblyErrors (0ms)
			InitializePlatformSupportModulesInManaged (104ms)
			SetLoadedEditorAssemblies (10ms)
			BeforeProcessingInitializeOnLoad (222ms)
			ProcessInitializeOnLoadAttributes (371ms)
			ProcessInitializeOnLoadMethodAttributes (163ms)
			AfterProcessingInitializeOnLoad (0ms)
			EditorAssembliesLoaded (0ms)
		ExecutionOrderSort2 (0ms)
		AwakeInstancesAfterBackupRestoration (0ms)
========================================================================
Worker process is ready to serve import requests
Import Worker Mode flag is 0x00
Begin MonoManager ReloadAssembly
[Licensing::Module] Licensing is not yet initialized.
[Licensing::Client] Handshaking with LicensingClient:
  Version:                 1.17.4+4293ba1
  Session Id:              6cb0f79c0340498cb341f3e7e27136f9
  Correlation Id:          d74cd4eed57174d84062589089dc9bde
  External correlation Id: 2035366989733791594
  Machine Id:              OA/JloyBYb4tfVS4Bkzp7Fy9TRc=
[Licensing::Module] Successfully connected to LicensingClient on channel: "LicenseClient-DELL" (connect: 0.00s, validation: 0.00s, handshake: 4.41s)
[Licensing::IpcConnector] Successfully connected to: "LicenseClient-DELL-notifications" at "2026-02-03T09:12:48.415218Z"
[Licensing::Module] Licensing Background thread has ended after 4.41s
[Licensing::Module] Licensing is initialized (took 1.70s).
[Licensing::Client] Successfully resolved entitlement details
[Licensing::Module] License group:
  Id: 18968109665950-UnityPersXXXX
  Product: Unity Personal
  Type: Assigned
  Expiration: Unlimited
Symbol file LoadedFromMemory is not a mono symbol file
- Loaded All Assemblies, in  2.990 seconds
Refreshing native plugins compatible for Editor in 4.17 ms, found 2 plugins.
Native extension for WindowsStandalone target not found
Native extension for WebGL target not found
Refreshing native plugins compatible for Editor in 4.10 ms, found 2 plugins.
Package Manager log level set to [2]
[Package Manager] Failed to launch server process. Reason: Unity was launched with the -noUpm command-line argument
[Package Manager] Unable to send message (not connected to server process).
[Package Manager] Cannot connect to Unity Package Manager local server
ScheduleIndexationOnStartup MainProcess:False IndexOnStartup:True
Mono: successfully reloaded assembly
- Finished resetting the current domain, in  1.607 seconds
Domain Reload Profiling: 4593ms
	BeginReloadAssembly (2041ms)
		ExecutionOrderSort (0ms)
		DisableScriptedObjects (8ms)
		BackupInstance (0ms)
		ReleaseScriptingObjects (0ms)
		CreateAndSetChildDomain (72ms)
	RebuildCommonClasses (78ms)
	RebuildNativeTypeToScriptingClass (26ms)
	initialDomainReloadingComplete (63ms)
	LoadAllAssembliesAndSetupDomain (778ms)
		LoadAssemblies (600ms)
		RebuildTransferFunctionScriptingTraits (0ms)
		AnalyzeDomain (364ms)
			TypeCache.Refresh (289ms)
				TypeCache.ScanAssembly (223ms)
			BuildScriptInfoCaches (67ms)
			ResolveRequiredComponents (4ms)
	FinalizeReload (1608ms)
		ReleaseScriptCaches (0ms)
		RebuildScriptCaches (0ms)
		SetupLoadedEditorAssemblies (1356ms)
			LogAssemblyErrors (0ms)
			InitializePlatformSupportModulesInManaged (4ms)
			SetLoadedEditorAssemblies (10ms)
			BeforeProcessingInitializeOnLoad (303ms)
			ProcessInitializeOnLoadAttributes (571ms)
			ProcessInitializeOnLoadMethodAttributes (461ms)
			AfterProcessingInitializeOnLoad (8ms)
			EditorAssembliesLoaded (0ms)
		ExecutionOrderSort2 (0ms)
		AwakeInstancesAfterBackupRestoration (11ms)
Launched and connected shader compiler UnityShaderCompiler.exe after 0.03 seconds
Refreshing native plugins compatible for Editor in 4.43 ms, found 2 plugins.
Preloading 0 native plugins for Editor in 0.00 ms.
Unloading 0 Unused Serialized files (Serialized files now loaded: 0)
Unloading 3009 unused Assets / (1.7 MB). Loaded Objects now: 3575.
Memory consumption went from 88.0 MB to 86.4 MB.
Total: 22.489900 ms (FindLiveObjects: 0.765500 ms CreateObjectMapping: 0.867200 ms MarkObjects: 18.787700 ms  DeleteObjects: 2.068000 ms)

========================================================================
Received Import Request.
  Time since last request: 16028.717534 seconds.
  path: Assets/Scenes/MainMenu.unity
  artifactKey: Guid(bfb6de3d359fd46bc901ed4de0ea7dec) Importer(815301076,1909f56bfc062723c751e8b465ee728b)
Start importing Assets/Scenes/MainMenu.unity using Guid(bfb6de3d359fd46bc901ed4de0ea7dec) Importer(815301076,1909f56bfc062723c751e8b465ee728b) (PreviewImporter) -> (artifact id: '877e56a42721ca17ce2d59b4e52aed66') in 0.0047249 seconds
Number of updated asset objects reloaded before import = 0Number of asset objects unloaded after import = 0

========================================================================
Received Prepare
Begin MonoManager ReloadAssembly
Symbol file LoadedFromMemory is not a mono symbol file
- Loaded All Assemblies, in  0.845 seconds
Refreshing native plugins compatible for Editor in 4.01 ms, found 2 plugins.
Native extension for WindowsStandalone target not found
Native extension for WebGL target not found
[Package Manager] Failed to launch server process. Reason: Unity was launched with the -noUpm command-line argument
[Package Manager] Unable to send message (not connected to server process).
[Package Manager] Cannot connect to Unity Package Manager local server
ScheduleIndexationOnStartup MainProcess:False IndexOnStartup:True
Mono: successfully reloaded assembly
- Finished resetting the current domain, in  1.312 seconds
Domain Reload Profiling: 2157ms
	BeginReloadAssembly (267ms)
		ExecutionOrderSort (0ms)
		DisableScriptedObjects (9ms)
		BackupInstance (0ms)
		ReleaseScriptingObjects (0ms)
		CreateAndSetChildDomain (69ms)
	RebuildCommonClasses (60ms)
	RebuildNativeTypeToScriptingClass (26ms)
	initialDomainReloadingComplete (35ms)
	LoadAllAssembliesAndSetupDomain (456ms)
		LoadAssemblies (411ms)
		RebuildTransferFunctionScriptingTraits (0ms)
		AnalyzeDomain (179ms)
			TypeCache.Refresh (29ms)
				TypeCache.ScanAssembly (0ms)
			BuildScriptInfoCaches (141ms)
			ResolveRequiredComponents (4ms)
	FinalizeReload (1312ms)
		ReleaseScriptCaches (0ms)
		RebuildScriptCaches (0ms)
		SetupLoadedEditorAssemblies (1131ms)
			LogAssemblyErrors (0ms)
			InitializePlatformSupportModulesInManaged (3ms)
			SetLoadedEditorAssemblies (7ms)
			BeforeProcessingInitializeOnLoad (270ms)
			ProcessInitializeOnLoadAttributes (413ms)
			ProcessInitializeOnLoadMethodAttributes (428ms)
			AfterProcessingInitializeOnLoad (9ms)
			EditorAssembliesLoaded (0ms)
		ExecutionOrderSort2 (0ms)
		AwakeInstancesAfterBackupRestoration (13ms)
Refreshing native plugins compatible for Editor in 4.27 ms, found 2 plugins.
Preloading 0 native plugins for Editor in 0.00 ms.
Unloading 0 Unused Serialized files (Serialized files now loaded: 0)
Unloading 3007 unused Assets / (1.2 MB). Loaded Objects now: 3578.
Memory consumption went from 88.5 MB to 87.4 MB.
Total: 22.876900 ms (FindLiveObjects: 0.887200 ms CreateObjectMapping: 0.563600 ms MarkObjects: 19.154200 ms  DeleteObjects: 2.269900 ms)

Prepare: number of updated asset objects reloaded= 0
========================================================================
Received Import Request.
  Time since last request: 70.289611 seconds.
  path: Assets/Scenes/Game.unity
  artifactKey: Guid(aa2fa0780b8334ee3ae90db3c9b55a97) Importer(815301076,1909f56bfc062723c751e8b465ee728b)
Start importing Assets/Scenes/Game.unity using Guid(aa2fa0780b8334ee3ae90db3c9b55a97) Importer(815301076,1909f56bfc062723c751e8b465ee728b) (PreviewImporter) -> (artifact id: '5c8395c9271e94f7afb650be85869820') in 0.0036499 seconds
Number of updated asset objects reloaded before import = 0Number of asset objects unloaded after import = 0

========================================================================
Received Import Request.
  Time since last request: 15.644870 seconds.
  path: Assets/Animation/Hero/hero_anim_controller.controller
  artifactKey: Guid(8ce2e693ca3eb46499634faead362844) Importer(815301076,1909f56bfc062723c751e8b465ee728b)
Start importing Assets/Animation/Hero/hero_anim_controller.controller using Guid(8ce2e693ca3eb46499634faead362844) Importer(815301076,1909f56bfc062723c751e8b465ee728b) (PreviewImporter) -> (artifact id: '903170876e4d49a0f9b73bc651deaf2b') in 0.0404076 seconds
Number of updated asset objects reloaded before import = 0Number of asset objects unloaded after import = 66

========================================================================
Received Import Request.
  Time since last request: 172.067997 seconds.
  path: Assets/Animation/hit_anim.anim
  artifactKey: Guid(91e1b11739370b54fa22b9e91603e761) Importer(2089858483,b0f066a214c2f5e87bad3c948f4d605d)
Start importing Assets/Animation/hit_anim.anim using Guid(91e1b11739370b54fa22b9e91603e761) Importer(2089858483,b0f066a214c2f5e87bad3c948f4d605d) (ScriptedImporter) -> (artifact id: '01237a03bcf32b15f28941339fca9e06') in 0.1345648 seconds
Number of updated asset objects reloaded before import = 0Number of asset objects unloaded after import = 1

========================================================================
Received Import Request.
  Time since last request: 0.000058 seconds.
  path: Assets/Prefabs/GameOverBanner.prefab
  artifactKey: Guid(b0e50aa712d25d84082056d71ff6aba9) Importer(2089858483,b0f066a214c2f5e87bad3c948f4d605d)
Start importing Assets/Prefabs/GameOverBanner.prefab using Guid(b0e50aa712d25d84082056d71ff6aba9) Importer(2089858483,b0f066a214c2f5e87bad3c948f4d605d) (ScriptedImporter) -> (artifact id: 'bcb035dbb264d0e4d814a04e1c2b4906') in 0.0836098 seconds
Number of updated asset objects reloaded before import = 0Number of asset objects unloaded after import = 21

========================================================================
Received Import Request.
  Time since last request: 0.000022 seconds.
  path: Assets/Animation/Hero/hero_jump_rise.anim
  artifactKey: Guid(a3867039a98daf246bcf632235162e01) Importer(2089858483,b0f066a214c2f5e87bad3c948f4d605d)
Start importing Assets/Animation/Hero/hero_jump_rise.anim using Guid(a3867039a98daf246bcf632235162e01) Importer(2089858483,b0f066a214c2f5e87bad3c948f4d605d) (ScriptedImporter) -> (artifact id: '14c963b85eac775240c51c8ff363f33c') in 0.0049087 seconds
Number of updated asset objects reloaded before import = 0Number of asset objects unloaded after import = 1

========================================================================
Received Import Request.
  Time since last request: 0.000022 seconds.
  path: Assets/Scripts/HeroCallback.cs
  artifactKey: Guid(d7383ff67460644ea8ec7f58cc04f9f6) Importer(2089858483,b0f066a214c2f5e87bad3c948f4d605d)
Start importing Assets/Scripts/HeroCallback.cs using Guid(d7383ff67460644ea8ec7f58cc04f9f6) Importer(2089858483,b0f066a214c2f5e87bad3c948f4d605d) (ScriptedImporter) -> (artifact id: 'f7280f62a52298a9eb5728e9feae7cab') in 0.0045498 seconds
Number of updated asset objects reloaded before import = 0Number of asset objects unloaded after import = 0

========================================================================
Received Import Request.
  Time since last request: 0.000076 seconds.
  path: Assets/Prefabs/HitValue.prefab
  artifactKey: Guid(e9b5c0ddbae7d114fa0170b412f3ab85) Importer(2089858483,b0f066a214c2f5e87bad3c948f4d605d)
Start importing Assets/Prefabs/HitValue.prefab using Guid(e9b5c0ddbae7d114fa0170b412f3ab85) Importer(2089858483,b0f066a214c2f5e87bad3c948f4d605d) (ScriptedImporter) -> (artifact id: '3aacfc4dacaabe3727f3f35e11219180') in 0.0181803 seconds
Number of updated asset objects reloaded before import = 0Number of asset objects unloaded after import = 12

========================================================================
Received Import Request.
  Time since last request: 0.000040 seconds.
  path: Assets/Scripts/Actor.cs
  artifactKey: Guid(723ee73528ac141398d5e03234b18d8c) Importer(2089858483,b0f066a214c2f5e87bad3c948f4d605d)
Start importing Assets/Scripts/Actor.cs using Guid(723ee73528ac141398d5e03234b18d8c) Importer(2089858483,b0f066a214c2f5e87bad3c948f4d605d) (ScriptedImporter) -> (artifact id: 'e92caec8f7a991230ae6dda7c56f08d6') in 0.0037604 seconds
Number of updated asset objects reloaded before import = 0Number of asset objects unloaded after import = 0

========================================================================
Received Import Request.
  Time since last request: 0.000091 seconds.
  path: Assets/Animation/Hero/hero_jump_land.anim
  artifactKey: Guid(b7adf55674a3d7e4a879d5a32f35a88b) Importer(2089858483,b0f066a214c2f5e87bad3c948f4d605d)
Start importing Assets/Animation/Hero/hero_jump_land.anim using Guid(b7adf55674a3d7e4a879d5a32f35a88b) Importer(2089858483,b0f066a214c2f5e87bad3c948f4d605d) (ScriptedImporter) -> (artifact id: '6bcd93840d6ea77773c1ed2eff550d6d') in 0.005162 seconds
Number of updated asset objects reloaded before import = 0Number of asset objects unloaded after import = 1

========================================================================
Received Import Request.
  Time since last request: 0.000093 seconds.
  path: Assets/Images/Background/BackgroundMaterial.mat
  artifactKey: Guid(cd306de1d3ca64f978b6218245bcd392) Importer(2089858483,b0f066a214c2f5e87bad3c948f4d605d)
Start importing Assets/Images/Background/BackgroundMaterial.mat using Guid(cd306de1d3ca64f978b6218245bcd392) Importer(2089858483,b0f066a214c2f5e87bad3c948f4d605d) (ScriptedImporter) -> (artifact id: 'd24044c9824f7fda1146cbb799257804') in 0.0171399 seconds
Number of updated asset objects reloaded before import = 0Number of asset objects unloaded after import = 2

========================================================================
Received Import Request.
  Time since last request: 0.000020 seconds.
  path: Assets/Animation/Hero/hero_knockout_anim.anim
  artifactKey: Guid(8fd6a096d27b47e4d9373389c18662d1) Importer(2089858483,b0f066a214c2f5e87bad3c948f4d605d)
Start importing Assets/Animation/Hero/hero_knockout_anim.anim using Guid(8fd6a096d27b47e4d9373389c18662d1) Importer(2089858483,b0f066a214c2f5e87bad3c948f4d605d) (ScriptedImporter) -> (artifact id: 'fbbd973087c40ead0692649dfb968de5') in 0.0062722 seconds
Number of updated asset objects reloaded before import = 0Number of asset objects unloaded after import = 1

========================================================================
Received Import Request.
  Time since last request: 0.000086 seconds.
  path: Assets/Scripts/Hero.cs
  artifactKey: Guid(56e68fa2d0867414286f73802ee9ef93) Importer(2089858483,b0f066a214c2f5e87bad3c948f4d605d)
Start importing Assets/Scripts/Hero.cs using Guid(56e68fa2d0867414286f73802ee9ef93) Importer(2089858483,b0f066a214c2f5e87bad3c948f4d605d) (ScriptedImporter) -> (artifact id: '4bc2ecea1ce009aea5ffe88d09ac8f2e') in 0.0027548 seconds
Number of updated asset objects reloaded before import = 0Number of asset objects unloaded after import = 0

========================================================================
Received Import Request.
  Time since last request: 0.000116 seconds.
  path: Assets/Prefabs/Map1.prefab
  artifactKey: Guid(d200073c8aebf434e905fd8e4e831d1e) Importer(2089858483,b0f066a214c2f5e87bad3c948f4d605d)
Start importing Assets/Prefabs/Map1.prefab using Guid(d200073c8aebf434e905fd8e4e831d1e) Importer(2089858483,b0f066a214c2f5e87bad3c948f4d605d) (ScriptedImporter) -> (artifact id: 'dc129f2759b291b7850c45f900a95e6d') in 0.0160906 seconds
Number of updated asset objects reloaded before import = 0Number of asset objects unloaded after import = 125

========================================================================
Received Import Request.
  Time since last request: 0.000023 seconds.
  path: Assets/Scripts/DestroyOnComplete.cs
  artifactKey: Guid(ed51d0c03d1930f49839f704f4c2b0e0) Importer(2089858483,b0f066a214c2f5e87bad3c948f4d605d)
Start importing Assets/Scripts/DestroyOnComplete.cs using Guid(ed51d0c03d1930f49839f704f4c2b0e0) Importer(2089858483,b0f066a214c2f5e87bad3c948f4d605d) (ScriptedImporter) -> (artifact id: '717bf7af488e8fd079cf0155ada71beb') in 0.0031692 seconds
Number of updated asset objects reloaded before import = 0Number of asset objects unloaded after import = 0

========================================================================
Received Import Request.
  Time since last request: 0.000086 seconds.
  path: Assets/Prefabs/POW300.prefab
  artifactKey: Guid(09664b18c36a04c0c99ffdb05504f159) Importer(2089858483,b0f066a214c2f5e87bad3c948f4d605d)
Start importing Assets/Prefabs/POW300.prefab using Guid(09664b18c36a04c0c99ffdb05504f159) Importer(2089858483,b0f066a214c2f5e87bad3c948f4d605d) (ScriptedImporter) -> (artifact id: '771531d4926682ffcd129e9027c071cc') in 0.0107869 seconds
Number of updated asset objects reloaded before import = 0Number of asset objects unloaded after import = 20

========================================================================
Received Import Request.
  Time since last request: 0.000022 seconds.
  path: Assets/Animation/Hero/hero_walk_anim_powerup.anim
  artifactKey: Guid(00d24d67f9d354e189a94872ea7babb3) Importer(2089858483,b0f066a214c2f5e87bad3c948f4d605d)
Start importing Assets/Animation/Hero/hero_walk_anim_powerup.anim using Guid(00d24d67f9d354e189a94872ea7babb3) Importer(2089858483,b0f066a214c2f5e87bad3c948f4d605d) (ScriptedImporter) -> (artifact id: '56939eada8298631d10e6ea3e7fe82e9') in 0.0058371 seconds
Number of updated asset objects reloaded before import = 0Number of asset objects unloaded after import = 1

========================================================================
Received Import Request.
  Time since last request: 0.000151 seconds.
  path: Assets/Prefabs/LevelNameBanner.prefab
  artifactKey: Guid(523e52b57d302d7498fc0653a3f58295) Importer(2089858483,b0f066a214c2f5e87bad3c948f4d605d)
Start importing Assets/Prefabs/LevelNameBanner.prefab using Guid(523e52b57d302d7498fc0653a3f58295) Importer(2089858483,b0f066a214c2f5e87bad3c948f4d605d) (ScriptedImporter) -> (artifact id: '9dfb69ff416776c36600c349a6b74dad') in 0.0116584 seconds
Number of updated asset objects reloaded before import = 0Number of asset objects unloaded after import = 21

========================================================================
Received Import Request.
  Time since last request: 0.000023 seconds.
  path: Assets/Animation/Hero/hero_attack1_anim.anim
  artifactKey: Guid(5bc1cebf366dc2242bc124ed1092a667) Importer(2089858483,b0f066a214c2f5e87bad3c948f4d605d)
Start importing Assets/Animation/Hero/hero_attack1_anim.anim using Guid(5bc1cebf366dc2242bc124ed1092a667) Importer(2089858483,b0f066a214c2f5e87bad3c948f4d605d) (ScriptedImporter) -> (artifact id: '7a229f83c857cb849dd7167ea917cdf6') in 0.0055793 seconds
Number of updated asset objects reloaded before import = 0Number of asset objects unloaded after import = 1

========================================================================
Received Import Request.
  Time since last request: 0.000109 seconds.
  path: Assets/Scripts/MainMenu.cs
  artifactKey: Guid(de6c44f946e7a4c159d82462529d4b09) Importer(2089858483,b0f066a214c2f5e87bad3c948f4d605d)
Start importing Assets/Scripts/MainMenu.cs using Guid(de6c44f946e7a4c159d82462529d4b09) Importer(2089858483,b0f066a214c2f5e87bad3c948f4d605d) (ScriptedImporter) -> (artifact id: '2654f121a0af599133c3f6ed945be3e7') in 0.006442 seconds
Number of updated asset objects reloaded before import = 0Number of asset objects unloaded after import = 0

========================================================================
Received Import Request.
  Time since last request: 0.000054 seconds.
  path: Assets/Scripts/HitForwarder.cs
  artifactKey: Guid(259e055de23d442f680bf937f260a290) Importer(2089858483,b0f066a214c2f5e87bad3c948f4d605d)
Start importing Assets/Scripts/HitForwarder.cs using Guid(259e055de23d442f680bf937f260a290) Importer(2089858483,b0f066a214c2f5e87bad3c948f4d605d) (ScriptedImporter) -> (artifact id: '6a87e2ff6374e8f29a9f8ace3c8a798e') in 0.0025343 seconds
Number of updated asset objects reloaded before import = 0Number of asset objects unloaded after import = 0

========================================================================
Received Import Request.
  Time since last request: 0.000077 seconds.
  path: Assets/Animation/Hero/hero_walk_anim.anim
  artifactKey: Guid(1ed64baa2af214d86bb88fd3a88999f2) Importer(2089858483,b0f066a214c2f5e87bad3c948f4d605d)
Start importing Assets/Animation/Hero/hero_walk_anim.anim using Guid(1ed64baa2af214d86bb88fd3a88999f2) Importer(2089858483,b0f066a214c2f5e87bad3c948f4d605d) (ScriptedImporter) -> (artifact id: '2e945289dbf46970ce207d2528200c68') in 0.0075569 seconds
Number of updated asset objects reloaded before import = 0Number of asset objects unloaded after import = 1

========================================================================
Received Import Request.
  Time since last request: 0.000067 seconds.
  path: Assets/Prefabs/HitParticle.prefab
  artifactKey: Guid(715ddbe02ee192b4c885c438cf4a86ba) Importer(2089858483,b0f066a214c2f5e87bad3c948f4d605d)
Start importing Assets/Prefabs/HitParticle.prefab using Guid(715ddbe02ee192b4c885c438cf4a86ba) Importer(2089858483,b0f066a214c2f5e87bad3c948f4d605d) (ScriptedImporter) -> (artifact id: '460845fb8996be3ac943feccf7902040') in 0.0310357 seconds
Number of updated asset objects reloaded before import = 0Number of asset objects unloaded after import = 14

========================================================================
Received Import Request.
  Time since last request: 0.000023 seconds.
  path: Assets/Animation/UI/banner_hide_anim.anim
  artifactKey: Guid(29ea65b5cd7e5794183d6a13eba98512) Importer(2089858483,b0f066a214c2f5e87bad3c948f4d605d)
Start importing Assets/Animation/UI/banner_hide_anim.anim using Guid(29ea65b5cd7e5794183d6a13eba98512) Importer(2089858483,b0f066a214c2f5e87bad3c948f4d605d) (ScriptedImporter) -> (artifact id: '58c8f0357b6cdbd0c99cb1fad9090398') in 0.0045236 seconds
Number of updated asset objects reloaded before import = 0Number of asset objects unloaded after import = 1

========================================================================
Received Import Request.
  Time since last request: 0.000106 seconds.
  path: Assets/Scripts/LifeBar.cs
  artifactKey: Guid(8c7d929f0230e4ef38ad3929d29ca555) Importer(2089858483,b0f066a214c2f5e87bad3c948f4d605d)
Start importing Assets/Scripts/LifeBar.cs using Guid(8c7d929f0230e4ef38ad3929d29ca555) Importer(2089858483,b0f066a214c2f5e87bad3c948f4d605d) (ScriptedImporter) -> (artifact id: '117f2babdf6f79fe6bc6ff9c8593cefa') in 0.0032076 seconds
Number of updated asset objects reloaded before import = 0Number of asset objects unloaded after import = 0

========================================================================
Received Import Request.
  Time since last request: 0.000094 seconds.
  path: Assets/Prefabs/TrashCan.prefab
  artifactKey: Guid(4655216d64f10f8449dcbe2097da227b) Importer(2089858483,b0f066a214c2f5e87bad3c948f4d605d)
Start importing Assets/Prefabs/TrashCan.prefab using Guid(4655216d64f10f8449dcbe2097da227b) Importer(2089858483,b0f066a214c2f5e87bad3c948f4d605d) (ScriptedImporter) -> (artifact id: '98846350f44d40d826a4422db834d163') in 0.011152 seconds
Number of updated asset objects reloaded before import = 0Number of asset objects unloaded after import = 62

========================================================================
Received Import Request.
  Time since last request: 0.000026 seconds.
  path: Assets/Animation/Robots/robot_hurt_anim.anim
  artifactKey: Guid(d29c5c7274c4c4a4898adebf11cf04fe) Importer(2089858483,b0f066a214c2f5e87bad3c948f4d605d)
Start importing Assets/Animation/Robots/robot_hurt_anim.anim using Guid(d29c5c7274c4c4a4898adebf11cf04fe) Importer(2089858483,b0f066a214c2f5e87bad3c948f4d605d) (ScriptedImporter) -> (artifact id: 'e27af8c975e9777bff865d4eadaef8fc') in 0.0059998 seconds
Number of updated asset objects reloaded before import = 0Number of asset objects unloaded after import = 1

========================================================================
Received Import Request.
  Time since last request: 0.000085 seconds.
  path: Assets/Audio/bgm_latin_industries.mp3
  artifactKey: Guid(46d1528c0d07b4968b7f132b6d87405f) Importer(2089858483,b0f066a214c2f5e87bad3c948f4d605d)
Start importing Assets/Audio/bgm_latin_industries.mp3 using Guid(46d1528c0d07b4968b7f132b6d87405f) Importer(2089858483,b0f066a214c2f5e87bad3c948f4d605d) (ScriptedImporter) -> (artifact id: '5869348c5df2409c2384cedee29d0aa6') in 0.5602523 seconds
Number of updated asset objects reloaded before import = 0Number of asset objects unloaded after import = 1

========================================================================
Received Import Request.
  Time since last request: 0.000025 seconds.
  path: Assets/Animation/Hero/hero_getup_anim.anim
  artifactKey: Guid(316bbd7c8b32a1e4abbd55cf9aa90791) Importer(2089858483,b0f066a214c2f5e87bad3c948f4d605d)
Start importing Assets/Animation/Hero/hero_getup_anim.anim using Guid(316bbd7c8b32a1e4abbd55cf9aa90791) Importer(2089858483,b0f066a214c2f5e87bad3c948f4d605d) (ScriptedImporter) -> (artifact id: '1b94a4fb50b8694b33315392bc6c7364') in 0.0056844 seconds
Number of updated asset objects reloaded before import = 0Number of asset objects unloaded after import = 1

========================================================================
Received Import Request.
  Time since last request: 0.000031 seconds.
  path: Assets/Scripts/HeroDetector.cs
  artifactKey: Guid(a2d263983806f4afb9841a1086883855) Importer(2089858483,b0f066a214c2f5e87bad3c948f4d605d)
Start importing Assets/Scripts/HeroDetector.cs using Guid(a2d263983806f4afb9841a1086883855) Importer(2089858483,b0f066a214c2f5e87bad3c948f4d605d) (ScriptedImporter) -> (artifact id: '55c7545f6e66df0b874249635f586694') in 0.0059854 seconds
Number of updated asset objects reloaded before import = 0Number of asset objects unloaded after import = 0

========================================================================
Received Import Request.
  Time since last request: 0.000023 seconds.
  path: Assets/Animation/Robots/robot_walk_anim.anim
  artifactKey: Guid(7a1be8a2595146d40b3dc385c9ea9ad4) Importer(2089858483,b0f066a214c2f5e87bad3c948f4d605d)
Start importing Assets/Animation/Robots/robot_walk_anim.anim using Guid(7a1be8a2595146d40b3dc385c9ea9ad4) Importer(2089858483,b0f066a214c2f5e87bad3c948f4d605d) (ScriptedImporter) -> (artifact id: '8927483a56420d511f4653ed4226c91c') in 0.0055188 seconds
Number of updated asset objects reloaded before import = 0Number of asset objects unloaded after import = 1

========================================================================
Received Import Request.
  Time since last request: 0.000022 seconds.
  path: Assets/Scripts/Powerup.cs
  artifactKey: Guid(d04cdcb384e5343c9aa04b02c5673962) Importer(2089858483,b0f066a214c2f5e87bad3c948f4d605d)
Start importing Assets/Scripts/Powerup.cs using Guid(d04cdcb384e5343c9aa04b02c5673962) Importer(2089858483,b0f066a214c2f5e87bad3c948f4d605d) (ScriptedImporter) -> (artifact id: '6a7495b48c8ca8a7d4c9c9500cf88ceb') in 0.002967 seconds
Number of updated asset objects reloaded before import = 0Number of asset objects unloaded after import = 0

========================================================================
Received Import Request.
  Time since last request: 0.000088 seconds.
  path: Assets/Prefabs/EnemyBoss.prefab
  artifactKey: Guid(2046347e7430b463f87d2ed4cf6697c0) Importer(2089858483,b0f066a214c2f5e87bad3c948f4d605d)
Start importing Assets/Prefabs/EnemyBoss.prefab using Guid(2046347e7430b463f87d2ed4cf6697c0) Importer(2089858483,b0f066a214c2f5e87bad3c948f4d605d) (ScriptedImporter) -> (artifact id: '080cee48267aff7992e9abd58f234797') in 0.0456295 seconds
Number of updated asset objects reloaded before import = 0Number of asset objects unloaded after import = 56

========================================================================
Received Import Request.
  Time since last request: 0.000028 seconds.
  path: Assets/Images/Sprites/Boss/boss_knockout_01.png
  artifactKey: Guid(f1deb0ed0b29b1d4b9498696da2dc7a9) Importer(2089858483,b0f066a214c2f5e87bad3c948f4d605d)
Start importing Assets/Images/Sprites/Boss/boss_knockout_01.png using Guid(f1deb0ed0b29b1d4b9498696da2dc7a9) Importer(2089858483,b0f066a214c2f5e87bad3c948f4d605d) (ScriptedImporter) -> (artifact id: 'c3944ef0bcd7af44f8fea57dd620b6ba') in 0.0675116 seconds
Number of updated asset objects reloaded before import = 0Number of asset objects unloaded after import = 3

========================================================================
Received Import Request.
  Time since last request: 0.000022 seconds.
  path: Assets/Images/Fonts/04b03.ttf
  artifactKey: Guid(2d57ec1f58249384e96622938787eeb5) Importer(2089858483,b0f066a214c2f5e87bad3c948f4d605d)
Start importing Assets/Images/Fonts/04b03.ttf using Guid(2d57ec1f58249384e96622938787eeb5) Importer(2089858483,b0f066a214c2f5e87bad3c948f4d605d) (ScriptedImporter) -> (artifact id: 'f2728027354030eb10a1dd1c5f5cab1f') in 0.0122345 seconds
Number of updated asset objects reloaded before import = 0Number of asset objects unloaded after import = 3

========================================================================
Received Import Request.
  Time since last request: 0.000024 seconds.
  path: Assets/Images/GameHUD/ui_hp_boss_thumb.png
  artifactKey: Guid(7106811af9066bf46abe92aa66f535b4) Importer(2089858483,b0f066a214c2f5e87bad3c948f4d605d)
Start importing Assets/Images/GameHUD/ui_hp_boss_thumb.png using Guid(7106811af9066bf46abe92aa66f535b4) Importer(2089858483,b0f066a214c2f5e87bad3c948f4d605d) (ScriptedImporter) -> (artifact id: '94294d89aba683edf033e093beef1e6c') in 0.010175 seconds
Number of updated asset objects reloaded before import = 0Number of asset objects unloaded after import = 3

========================================================================
Received Import Request.
  Time since last request: 0.000021 seconds.
  path: Assets/MobileDependencyResolver/Editor/CHANGELOG.md
  artifactKey: Guid(15066d50e81445ed9e318d0c2beede4e) Importer(2089858483,b0f066a214c2f5e87bad3c948f4d605d)
Start importing Assets/MobileDependencyResolver/Editor/CHANGELOG.md using Guid(15066d50e81445ed9e318d0c2beede4e) Importer(2089858483,b0f066a214c2f5e87bad3c948f4d605d) (ScriptedImporter) -> (artifact id: '236d796d77162572f08bdcb372fe8711') in 0.0040229 seconds
Number of updated asset objects reloaded before import = 0Number of asset objects unloaded after import = 1

========================================================================
Received Import Request.
  Time since last request: 0.000024 seconds.
  path: Assets/Images/Sprites/Boss/boss_knockout_02.png
  artifactKey: Guid(74ffa4c70db6904429ce8b40b464de62) Importer(2089858483,b0f066a214c2f5e87bad3c948f4d605d)
Start importing Assets/Images/Sprites/Boss/boss_knockout_02.png using Guid(74ffa4c70db6904429ce8b40b464de62) Importer(2089858483,b0f066a214c2f5e87bad3c948f4d605d) (ScriptedImporter) -> (artifact id: 'd9c0e547ceeb6cae84541fd36e99cacc') in 0.0100661 seconds
Number of updated asset objects reloaded before import = 0Number of asset objects unloaded after import = 3

========================================================================
Received Import Request.
  Time since last request: 0.000019 seconds.
  path: Assets/Scripts/ImageFlicker.cs
  artifactKey: Guid(80ff0d05128e8422181ddf009e5c2233) Importer(2089858483,b0f066a214c2f5e87bad3c948f4d605d)
Start importing Assets/Scripts/ImageFlicker.cs using Guid(80ff0d05128e8422181ddf009e5c2233) Importer(2089858483,b0f066a214c2f5e87bad3c948f4d605d) (ScriptedImporter) -> (artifact id: 'd7a229f60dffcd35a4f65e5f4e5e0f6e') in 0.0031585 seconds
Number of updated asset objects reloaded before import = 0Number of asset objects unloaded after import = 0

========================================================================
Received Import Request.
  Time since last request: 0.000073 seconds.
  path: Assets/Scripts/GridSnapper.cs
  artifactKey: Guid(c4fe4af144a1e404f887d531b1da8dbd) Importer(2089858483,b0f066a214c2f5e87bad3c948f4d605d)
Start importing Assets/Scripts/GridSnapper.cs using Guid(c4fe4af144a1e404f887d531b1da8dbd) Importer(2089858483,b0f066a214c2f5e87bad3c948f4d605d) (ScriptedImporter) -> (artifact id: 'fa99b8df7fa2620fd3a12f1eb6d0d0cb') in 0.0031835 seconds
Number of updated asset objects reloaded before import = 0Number of asset objects unloaded after import = 0

========================================================================
Received Import Request.
  Time since last request: 0.000206 seconds.
  path: Assets/Scripts/LoadMainMenu.cs
  artifactKey: Guid(d6dc58e72b57647a0a0886e42f7d1dce) Importer(2089858483,b0f066a214c2f5e87bad3c948f4d605d)
Start importing Assets/Scripts/LoadMainMenu.cs using Guid(d6dc58e72b57647a0a0886e42f7d1dce) Importer(2089858483,b0f066a214c2f5e87bad3c948f4d605d) (ScriptedImporter) -> (artifact id: '5b0663d0e46f138602852f83af4546df') in 0.00301 seconds
Number of updated asset objects reloaded before import = 0Number of asset objects unloaded after import = 0

========================================================================
Received Import Request.
  Time since last request: 0.000082 seconds.
  path: Assets/Audio/weareallrobots.wav
  artifactKey: Guid(7e812510ad8f0450f8b84115d54da7db) Importer(2089858483,b0f066a214c2f5e87bad3c948f4d605d)
Start importing Assets/Audio/weareallrobots.wav using Guid(7e812510ad8f0450f8b84115d54da7db) Importer(2089858483,b0f066a214c2f5e87bad3c948f4d605d) (ScriptedImporter) -> (artifact id: '477ae94f69385e51dd2b2888976b887e') in 0.500795 seconds
Number of updated asset objects reloaded before import = 0Number of asset objects unloaded after import = 1

========================================================================
Received Import Request.
  Time since last request: 0.000023 seconds.
  path: Assets/Images/Sprites/Hero/hero_getup_00.png
  artifactKey: Guid(f3cb061b2125f884b8aa6f7846b30717) Importer(2089858483,b0f066a214c2f5e87bad3c948f4d605d)
Start importing Assets/Images/Sprites/Hero/hero_getup_00.png using Guid(f3cb061b2125f884b8aa6f7846b30717) Importer(2089858483,b0f066a214c2f5e87bad3c948f4d605d) (ScriptedImporter) -> (artifact id: 'c30f04cb0981033afc95457b941edc0f') in 0.0157542 seconds
Number of updated asset objects reloaded before import = 0Number of asset objects unloaded after import = 3

========================================================================
Received Import Request.
  Time since last request: 0.000050 seconds.
  path: Assets/Images/Sprites/Hero/hero_getup_03.png
  artifactKey: Guid(067f20a5bea82084da4dacfec73ea824) Importer(2089858483,b0f066a214c2f5e87bad3c948f4d605d)
Start importing Assets/Images/Sprites/Hero/hero_getup_03.png using Guid(067f20a5bea82084da4dacfec73ea824) Importer(2089858483,b0f066a214c2f5e87bad3c948f4d605d) (ScriptedImporter) -> (artifact id: 'd86584ed76758d511202b4f3a7a85231') in 0.009244 seconds
Number of updated asset objects reloaded before import = 0Number of asset objects unloaded after import = 3

========================================================================
Received Import Request.
  Time since last request: 0.000019 seconds.
  path: Assets/Images/Sprites/Hero/hero_getup_05.png
  artifactKey: Guid(92e6e0d1086a445438e813d20894bec7) Importer(2089858483,b0f066a214c2f5e87bad3c948f4d605d)
Start importing Assets/Images/Sprites/Hero/hero_getup_05.png using Guid(92e6e0d1086a445438e813d20894bec7) Importer(2089858483,b0f066a214c2f5e87bad3c948f4d605d) (ScriptedImporter) -> (artifact id: 'b5d519837e69888a4c8d696a7468e098') in 0.0091199 seconds
Number of updated asset objects reloaded before import = 0Number of asset objects unloaded after import = 3

========================================================================
Received Import Request.
  Time since last request: 0.000021 seconds.
  path: Assets/Images/Sprites/Hero/hero_run_01.png
  artifactKey: Guid(7ba5cba6cc9005c4a8aba4a1a99dae0b) Importer(2089858483,b0f066a214c2f5e87bad3c948f4d605d)
Start importing Assets/Images/Sprites/Hero/hero_run_01.png using Guid(7ba5cba6cc9005c4a8aba4a1a99dae0b) Importer(2089858483,b0f066a214c2f5e87bad3c948f4d605d) (ScriptedImporter) -> (artifact id: '568fe661d893876809ce4d5455cc3c6e') in 0.0121843 seconds
Number of updated asset objects reloaded before import = 0Number of asset objects unloaded after import = 3

========================================================================
Received Import Request.
  Time since last request: 0.000031 seconds.
  path: Assets/Images/Sprites/Hero/hero_knockout_00.png
  artifactKey: Guid(4912ef3cab89d9848adf60f548086f73) Importer(2089858483,b0f066a214c2f5e87bad3c948f4d605d)
Start importing Assets/Images/Sprites/Hero/hero_knockout_00.png using Guid(4912ef3cab89d9848adf60f548086f73) Importer(2089858483,b0f066a214c2f5e87bad3c948f4d605d) (ScriptedImporter) -> (artifact id: '46a20c32e5d087b5816c24e43df560d5') in 0.0097966 seconds
Number of updated asset objects reloaded before import = 0Number of asset objects unloaded after import = 3

========================================================================
Received Import Request.
  Time since last request: 0.000019 seconds.
  path: Assets/Images/Sprites/Hero/hero_hurt_00.png
  artifactKey: Guid(1b45d984017d5034180a2838786a08ae) Importer(2089858483,b0f066a214c2f5e87bad3c948f4d605d)
Start importing Assets/Images/Sprites/Hero/hero_hurt_00.png using Guid(1b45d984017d5034180a2838786a08ae) Importer(2089858483,b0f066a214c2f5e87bad3c948f4d605d) (ScriptedImporter) -> (artifact id: '4bc1e9ef1e9153d05a77d038e57b4229') in 0.0094498 seconds
Number of updated asset objects reloaded before import = 0Number of asset objects unloaded after import = 3

========================================================================
Received Import Request.
  Time since last request: 0.000019 seconds.
  path: Assets/Images/Sprites/Hero/hero_run_07.png
  artifactKey: Guid(1bd7ee745360cae47bc5c11c90ef6391) Importer(2089858483,b0f066a214c2f5e87bad3c948f4d605d)
Start importing Assets/Images/Sprites/Hero/hero_run_07.png using Guid(1bd7ee745360cae47bc5c11c90ef6391) Importer(2089858483,b0f066a214c2f5e87bad3c948f4d605d) (ScriptedImporter) -> (artifact id: '1c7c822a327c49f0694cad805f1cf169') in 0.0137107 seconds
Number of updated asset objects reloaded before import = 0Number of asset objects unloaded after import = 3

========================================================================
Received Import Request.
  Time since last request: 0.000022 seconds.
  path: Assets/Images/Sprites/Hero/hero_jump_03.png
  artifactKey: Guid(3b8780a406da4044e823774fbd072eb1) Importer(2089858483,b0f066a214c2f5e87bad3c948f4d605d)
Start importing Assets/Images/Sprites/Hero/hero_jump_03.png using Guid(3b8780a406da4044e823774fbd072eb1) Importer(2089858483,b0f066a214c2f5e87bad3c948f4d605d) (ScriptedImporter) -> (artifact id: '450ad7e1ea178aa196c3d93b490b9a0f') in 0.0099249 seconds
Number of updated asset objects reloaded before import = 0Number of asset objects unloaded after import = 3

========================================================================
Received Import Request.
  Time since last request: 0.000023 seconds.
  path: Assets/Images/Sprites/Hero/hero_jumpattack_00.png
  artifactKey: Guid(255a7d9539e69b543ba92f20303f5f28) Importer(2089858483,b0f066a214c2f5e87bad3c948f4d605d)
Start importing Assets/Images/Sprites/Hero/hero_jumpattack_00.png using Guid(255a7d9539e69b543ba92f20303f5f28) Importer(2089858483,b0f066a214c2f5e87bad3c948f4d605d) (ScriptedImporter) -> (artifact id: '870727200c9811d29c0f4955abf7a1cd') in 0.0118117 seconds
Number of updated asset objects reloaded before import = 0Number of asset objects unloaded after import = 3

========================================================================
Received Import Request.
  Time since last request: 0.000023 seconds.
  path: Assets/Images/Sprites/Hero/hero_attack_01_00.png
  artifactKey: Guid(b4731e4f2bca72647851b49acc4e7205) Importer(2089858483,b0f066a214c2f5e87bad3c948f4d605d)
Start importing Assets/Images/Sprites/Hero/hero_attack_01_00.png using Guid(b4731e4f2bca72647851b49acc4e7205) Importer(2089858483,b0f066a214c2f5e87bad3c948f4d605d) (ScriptedImporter) -> (artifact id: 'b98c72daf3fbed3136885d191fbd4dc9') in 0.0108488 seconds
Number of updated asset objects reloaded before import = 0Number of asset objects unloaded after import = 3

========================================================================
Received Import Request.
  Time since last request: 0.000022 seconds.
  path: Assets/Images/Sprites/Hero/hero_attack_00_00.png
  artifactKey: Guid(e2227146e7d8cf047bdead036364ab1f) Importer(2089858483,b0f066a214c2f5e87bad3c948f4d605d)
Start importing Assets/Images/Sprites/Hero/hero_attack_00_00.png using Guid(e2227146e7d8cf047bdead036364ab1f) Importer(2089858483,b0f066a214c2f5e87bad3c948f4d605d) (ScriptedImporter) -> (artifact id: '5bf6dcba6bf2afecf23e335da7564048') in 0.0105036 seconds
Number of updated asset objects reloaded before import = 0Number of asset objects unloaded after import = 3

========================================================================
Received Import Request.
  Time since last request: 0.000022 seconds.
  path: Assets/Images/Sprites/Hero/hero_idle_02.png
  artifactKey: Guid(79d48913af3e9594dac4f0a6116a044d) Importer(2089858483,b0f066a214c2f5e87bad3c948f4d605d)
Start importing Assets/Images/Sprites/Hero/hero_idle_02.png using Guid(79d48913af3e9594dac4f0a6116a044d) Importer(2089858483,b0f066a214c2f5e87bad3c948f4d605d) (ScriptedImporter) -> (artifact id: '6b8f8832b0d23a0fa86bdb7e2882ce7a') in 0.0186365 seconds
Number of updated asset objects reloaded before import = 0Number of asset objects unloaded after import = 3

========================================================================
Received Import Request.
  Time since last request: 0.000018 seconds.
  path: Assets/Images/Sprites/Hero/hero_idle_01.png
  artifactKey: Guid(c4d7371899b2e1942bed4ffc1793e907) Importer(2089858483,b0f066a214c2f5e87bad3c948f4d605d)
Start importing Assets/Images/Sprites/Hero/hero_idle_01.png using Guid(c4d7371899b2e1942bed4ffc1793e907) Importer(2089858483,b0f066a214c2f5e87bad3c948f4d605d) (ScriptedImporter) -> (artifact id: '92188a95704b29f8a7ea8711a7a07212') in 0.0094451 seconds
Number of updated asset objects reloaded before import = 0Number of asset objects unloaded after import = 3

========================================================================
Received Import Request.
  Time since last request: 0.000030 seconds.
  path: Assets/Images/Sprites/Hero/hero_runattack_03.png
  artifactKey: Guid(4d52600778704bb42a18d4769b6b1d34) Importer(2089858483,b0f066a214c2f5e87bad3c948f4d605d)
Start importing Assets/Images/Sprites/Hero/hero_runattack_03.png using Guid(4d52600778704bb42a18d4769b6b1d34) Importer(2089858483,b0f066a214c2f5e87bad3c948f4d605d) (ScriptedImporter) -> (artifact id: 'b0749bb2d2fb5a4f467ee80fe2394730') in 0.009712 seconds
Number of updated asset objects reloaded before import = 0Number of asset objects unloaded after import = 3

========================================================================
Received Import Request.
  Time since last request: 0.000022 seconds.
  path: Assets/Images/Sprites/Hero/hero_walk_00.png
  artifactKey: Guid(fac6d2b19b875714c8a23bc0196a21db) Importer(2089858483,b0f066a214c2f5e87bad3c948f4d605d)
Start importing Assets/Images/Sprites/Hero/hero_walk_00.png using Guid(fac6d2b19b875714c8a23bc0196a21db) Importer(2089858483,b0f066a214c2f5e87bad3c948f4d605d) (ScriptedImporter) -> (artifact id: '3738b8cb10fe60806aef81b966040edc') in 0.0098463 seconds
Number of updated asset objects reloaded before import = 0Number of asset objects unloaded after import = 3

========================================================================
Received Import Request.
  Time since last request: 0.000136 seconds.
  path: Assets/Images/Sprites/Hero/hero_idle_04.png
  artifactKey: Guid(77be05ee423771342b491a48218f68ee) Importer(2089858483,b0f066a214c2f5e87bad3c948f4d605d)
Start importing Assets/Images/Sprites/Hero/hero_idle_04.png using Guid(77be05ee423771342b491a48218f68ee) Importer(2089858483,b0f066a214c2f5e87bad3c948f4d605d) (ScriptedImporter) -> (artifact id: 'eab242f6cd9576b196e8b7c4b713a337') in 0.0095028 seconds
Number of updated asset objects reloaded before import = 0Number of asset objects unloaded after import = 3

========================================================================
Received Import Request.
  Time since last request: 0.000018 seconds.
  path: Assets/Images/Sprites/Hero/hero_run_02.png
  artifactKey: Guid(7e8f4318dc4b16940b8539a6ce7a84dc) Importer(2089858483,b0f066a214c2f5e87bad3c948f4d605d)
Start importing Assets/Images/Sprites/Hero/hero_run_02.png using Guid(7e8f4318dc4b16940b8539a6ce7a84dc) Importer(2089858483,b0f066a214c2f5e87bad3c948f4d605d) (ScriptedImporter) -> (artifact id: '5ab81a089e675945bf2084506718f82b') in 0.0138456 seconds
Number of updated asset objects reloaded before import = 0Number of asset objects unloaded after import = 3

========================================================================
Received Import Request.
  Time since last request: 0.000017 seconds.
  path: Assets/Images/Sprites/Boss/boss_walk_04.png
  artifactKey: Guid(191f820d29f235945ad5ace0424fd493) Importer(2089858483,b0f066a214c2f5e87bad3c948f4d605d)
Start importing Assets/Images/Sprites/Boss/boss_walk_04.png using Guid(191f820d29f235945ad5ace0424fd493) Importer(2089858483,b0f066a214c2f5e87bad3c948f4d605d) (ScriptedImporter) -> (artifact id: '73d44b97252b82c349c9c3ba994c247b') in 0.0108207 seconds
Number of updated asset objects reloaded before import = 0Number of asset objects unloaded after import = 3

========================================================================
Received Import Request.
  Time since last request: 0.000031 seconds.
  path: Assets/Images/Sprites/Hero/hero_walk_01.png
  artifactKey: Guid(c240fe877dcbd704e9d0446b8400545e) Importer(2089858483,b0f066a214c2f5e87bad3c948f4d605d)
Start importing Assets/Images/Sprites/Hero/hero_walk_01.png using Guid(c240fe877dcbd704e9d0446b8400545e) Importer(2089858483,b0f066a214c2f5e87bad3c948f4d605d) (ScriptedImporter) -> (artifact id: '677cfce86867733ed49cd49dd1ca58f2') in 0.0112377 seconds
Number of updated asset objects reloaded before import = 0Number of asset objects unloaded after import = 3

========================================================================
Received Import Request.
  Time since last request: 0.000021 seconds.
  path: Assets/Images/Sprites/Hero/hero_runattack_04.png
  artifactKey: Guid(fdedecf2f916c2c4f9484fc5d33ff952) Importer(2089858483,b0f066a214c2f5e87bad3c948f4d605d)
Start importing Assets/Images/Sprites/Hero/hero_runattack_04.png using Guid(fdedecf2f916c2c4f9484fc5d33ff952) Importer(2089858483,b0f066a214c2f5e87bad3c948f4d605d) (ScriptedImporter) -> (artifact id: '27c1b0651c063b350a260b15b0e30298') in 0.0089504 seconds
Number of updated asset objects reloaded before import = 0Number of asset objects unloaded after import = 3

========================================================================
Received Import Request.
  Time since last request: 0.000027 seconds.
  path: Assets/MobileDependencyResolver/Editor/LICENSE
  artifactKey: Guid(a0a74f7579114ab58b46e496d4b2ba97) Importer(2089858483,b0f066a214c2f5e87bad3c948f4d605d)
Start importing Assets/MobileDependencyResolver/Editor/LICENSE using Guid(a0a74f7579114ab58b46e496d4b2ba97) Importer(2089858483,b0f066a214c2f5e87bad3c948f4d605d) (ScriptedImporter) -> (artifact id: '5437e39a300f123710ce640ca5741ac4') in 0.0032678 seconds
Number of updated asset objects reloaded before import = 0Number of asset objects unloaded after import = 1

========================================================================
Received Import Request.
  Time since last request: 0.000048 seconds.
  path: Assets/Scripts/MoveUpper.cs
  artifactKey: Guid(119e64bcf4eb5834ead028109ab5a029) Importer(2089858483,b0f066a214c2f5e87bad3c948f4d605d)
Start importing Assets/Scripts/MoveUpper.cs using Guid(119e64bcf4eb5834ead028109ab5a029) Importer(2089858483,b0f066a214c2f5e87bad3c948f4d605d) (ScriptedImporter) -> (artifact id: 'd709abc0d4d4abffbce36c47f964183d') in 0.0039522 seconds
Number of updated asset objects reloaded before import = 0Number of asset objects unloaded after import = 0

========================================================================
Received Import Request.
  Time since last request: 0.000108 seconds.
  path: Assets/Animation/Hero/hero_jump_fall.anim
  artifactKey: Guid(4c4c229c24d72c84291ff2d8114e32d3) Importer(2089858483,b0f066a214c2f5e87bad3c948f4d605d)
Start importing Assets/Animation/Hero/hero_jump_fall.anim using Guid(4c4c229c24d72c84291ff2d8114e32d3) Importer(2089858483,b0f066a214c2f5e87bad3c948f4d605d) (ScriptedImporter) -> (artifact id: '3c570872e2b0ebaa89853ce9ea752e3b') in 0.0053026 seconds
Number of updated asset objects reloaded before import = 0Number of asset objects unloaded after import = 1

========================================================================
Received Import Request.
  Time since last request: 0.000044 seconds.
  path: Assets/Animation/UI/banner_anim_controller.controller
  artifactKey: Guid(f410bbd798cf03e4fbb4caf30e36e71c) Importer(2089858483,b0f066a214c2f5e87bad3c948f4d605d)
Start importing Assets/Animation/UI/banner_anim_controller.controller using Guid(f410bbd798cf03e4fbb4caf30e36e71c) Importer(2089858483,b0f066a214c2f5e87bad3c948f4d605d) (ScriptedImporter) -> (artifact id: 'd043c9f55ba130f5aed5151594f879dd') in 0.0043968 seconds
Number of updated asset objects reloaded before import = 0Number of asset objects unloaded after import = 11

========================================================================
Received Import Request.
  Time since last request: 0.000017 seconds.
  path: Assets/Animation/Boss/boss_knockout_anim.anim
  artifactKey: Guid(6692dfb960e6abb468dcfe9e8a360e1b) Importer(2089858483,b0f066a214c2f5e87bad3c948f4d605d)
Start importing Assets/Animation/Boss/boss_knockout_anim.anim using Guid(6692dfb960e6abb468dcfe9e8a360e1b) Importer(2089858483,b0f066a214c2f5e87bad3c948f4d605d) (ScriptedImporter) -> (artifact id: 'ce1d69a593c809cfbe1a54a9467263f7') in 0.0066041 seconds
Number of updated asset objects reloaded before import = 0Number of asset objects unloaded after import = 1

========================================================================
Received Import Request.
  Time since last request: 0.000050 seconds.
  path: Assets/Prefabs/Map/WallSprites.prefab
  artifactKey: Guid(d2563f04490144d01b9565ad7621155e) Importer(2089858483,b0f066a214c2f5e87bad3c948f4d605d)
Start importing Assets/Prefabs/Map/WallSprites.prefab using Guid(d2563f04490144d01b9565ad7621155e) Importer(2089858483,b0f066a214c2f5e87bad3c948f4d605d) (ScriptedImporter) -> (artifact id: '8614f599603ac0dbc251c7cc92795f4b') in 0.0572302 seconds
Number of updated asset objects reloaded before import = 0Number of asset objects unloaded after import = 1875

========================================================================
Received Import Request.
  Time since last request: 0.000028 seconds.
  path: Assets/Scripts/JumpColliderItem.cs
  artifactKey: Guid(58a8b97fad19b4aefa15c87cdf98150a) Importer(2089858483,b0f066a214c2f5e87bad3c948f4d605d)
Start importing Assets/Scripts/JumpColliderItem.cs using Guid(58a8b97fad19b4aefa15c87cdf98150a) Importer(2089858483,b0f066a214c2f5e87bad3c948f4d605d) (ScriptedImporter) -> (artifact id: '08e40b90832a7d563e99bd4be255dc81') in 0.002579 seconds
Number of updated asset objects reloaded before import = 0Number of asset objects unloaded after import = 0

========================================================================
Received Import Request.
  Time since last request: 0.000101 seconds.
  path: Assets/Audio/sfx_hit0.wav
  artifactKey: Guid(f1af2964e13ceca4da455c25e2d9ef8d) Importer(2089858483,b0f066a214c2f5e87bad3c948f4d605d)
Start importing Assets/Audio/sfx_hit0.wav using Guid(f1af2964e13ceca4da455c25e2d9ef8d) Importer(2089858483,b0f066a214c2f5e87bad3c948f4d605d) (ScriptedImporter) -> (artifact id: '9213b5116928aecdf133178b7500540b') in 0.0209193 seconds
Number of updated asset objects reloaded before import = 0Number of asset objects unloaded after import = 1

========================================================================
Received Import Request.
  Time since last request: 0.000028 seconds.
  path: Assets/Images/Sprites/Misc/trashcan_left.png
  artifactKey: Guid(54e69696f2822c4438606319e3d0745b) Importer(2089858483,b0f066a214c2f5e87bad3c948f4d605d)
Start importing Assets/Images/Sprites/Misc/trashcan_left.png using Guid(54e69696f2822c4438606319e3d0745b) Importer(2089858483,b0f066a214c2f5e87bad3c948f4d605d) (ScriptedImporter) -> (artifact id: '30155a266dcbe46fa747dcd3a49aaf8a') in 0.0092026 seconds
Number of updated asset objects reloaded before import = 0Number of asset objects unloaded after import = 3

========================================================================
Received Import Request.
  Time since last request: 0.000025 seconds.
  path: Assets/Images/Sprites/Powerup/weapon_attack_02_01.png
  artifactKey: Guid(2cb503b4a965c164fb3d53461b728a48) Importer(2089858483,b0f066a214c2f5e87bad3c948f4d605d)
Start importing Assets/Images/Sprites/Powerup/weapon_attack_02_01.png using Guid(2cb503b4a965c164fb3d53461b728a48) Importer(2089858483,b0f066a214c2f5e87bad3c948f4d605d) (ScriptedImporter) -> (artifact id: '26a186548888e80a937e60d66249107f') in 0.0089183 seconds
Number of updated asset objects reloaded before import = 0Number of asset objects unloaded after import = 3

========================================================================
Received Import Request.
  Time since last request: 0.000016 seconds.
  path: Assets/Images/Sprites/Powerup/weapon_attack_00_02.png
  artifactKey: Guid(71b74b1cb5d985e4a9a50430f1f6d1b5) Importer(2089858483,b0f066a214c2f5e87bad3c948f4d605d)
Start importing Assets/Images/Sprites/Powerup/weapon_attack_00_02.png using Guid(71b74b1cb5d985e4a9a50430f1f6d1b5) Importer(2089858483,b0f066a214c2f5e87bad3c948f4d605d) (ScriptedImporter) -> (artifact id: '6b6a0f45827a390c3230192365d4e952') in 0.0112319 seconds
Number of updated asset objects reloaded before import = 0Number of asset objects unloaded after import = 3

========================================================================
Received Import Request.
  Time since last request: 0.000023 seconds.
  path: Assets/Images/Sprites/Hero/hero_walk_07.png
  artifactKey: Guid(9a588929881d8a34abaa80fdcd6af523) Importer(2089858483,b0f066a214c2f5e87bad3c948f4d605d)
Start importing Assets/Images/Sprites/Hero/hero_walk_07.png using Guid(9a588929881d8a34abaa80fdcd6af523) Importer(2089858483,b0f066a214c2f5e87bad3c948f4d605d) (ScriptedImporter) -> (artifact id: 'fb128ec92998dbaab5f7eb205e4c35de') in 0.0133612 seconds
Number of updated asset objects reloaded before import = 0Number of asset objects unloaded after import = 3

========================================================================
Received Import Request.
  Time since last request: 0.000023 seconds.
  path: Assets/Images/Sprites/Powerup/weapon_idle_05.png
  artifactKey: Guid(2568c2525f4497647a257b4aa26dee68) Importer(2089858483,b0f066a214c2f5e87bad3c948f4d605d)
Start importing Assets/Images/Sprites/Powerup/weapon_idle_05.png using Guid(2568c2525f4497647a257b4aa26dee68) Importer(2089858483,b0f066a214c2f5e87bad3c948f4d605d) (ScriptedImporter) -> (artifact id: '5608f02eed59bf5939f21f29f9244e1e') in 0.0133974 seconds
Number of updated asset objects reloaded before import = 0Number of asset objects unloaded after import = 3

========================================================================
Received Import Request.
  Time since last request: 0.000017 seconds.
  path: Assets/Images/Sprites/Powerup/weapon_idle_00.png
  artifactKey: Guid(f89b7a2fd7eb2d8449e6aafbdf0e3c1d) Importer(2089858483,b0f066a214c2f5e87bad3c948f4d605d)
Start importing Assets/Images/Sprites/Powerup/weapon_idle_00.png using Guid(f89b7a2fd7eb2d8449e6aafbdf0e3c1d) Importer(2089858483,b0f066a214c2f5e87bad3c948f4d605d) (ScriptedImporter) -> (artifact id: '75d8cb8837537ea4a29781fba1a87ef1') in 0.0114003 seconds
Number of updated asset objects reloaded before import = 0Number of asset objects unloaded after import = 3

========================================================================
Received Import Request.
  Time since last request: 0.000028 seconds.
  path: Assets/Images/Sprites/Hero/hero_walk_06.png
  artifactKey: Guid(121d5bcd20a8645419d1f2c9e6ea8d6d) Importer(2089858483,b0f066a214c2f5e87bad3c948f4d605d)
Start importing Assets/Images/Sprites/Hero/hero_walk_06.png using Guid(121d5bcd20a8645419d1f2c9e6ea8d6d) Importer(2089858483,b0f066a214c2f5e87bad3c948f4d605d) (ScriptedImporter) -> (artifact id: '1761414826de364d1b5ebf292c819929') in 0.0096633 seconds
Number of updated asset objects reloaded before import = 0Number of asset objects unloaded after import = 3

========================================================================
Received Import Request.
  Time since last request: 0.000025 seconds.
  path: Assets/Images/Sprites/Powerup/weapon_walk_01.png
  artifactKey: Guid(06088cf49ab55bc4cbb5eac9c0bdf230) Importer(2089858483,b0f066a214c2f5e87bad3c948f4d605d)
Start importing Assets/Images/Sprites/Powerup/weapon_walk_01.png using Guid(06088cf49ab55bc4cbb5eac9c0bdf230) Importer(2089858483,b0f066a214c2f5e87bad3c948f4d605d) (ScriptedImporter) -> (artifact id: '8880315b90c6c684dc8b0e288a012f52') in 0.0103196 seconds
Number of updated asset objects reloaded before import = 0Number of asset objects unloaded after import = 3

========================================================================
Received Import Request.
  Time since last request: 0.000027 seconds.
  path: Assets/Images/Sprites/Misc/hiteffect_02.png
  artifactKey: Guid(f9289b855b6f2044886b690fa554b46f) Importer(2089858483,b0f066a214c2f5e87bad3c948f4d605d)
Start importing Assets/Images/Sprites/Misc/hiteffect_02.png using Guid(f9289b855b6f2044886b690fa554b46f) Importer(2089858483,b0f066a214c2f5e87bad3c948f4d605d) (ScriptedImporter) -> (artifact id: '74e434c54c31bb0de09595c38c08ec51') in 0.0116942 seconds
Number of updated asset objects reloaded before import = 0Number of asset objects unloaded after import = 3

========================================================================
Received Import Request.
  Time since last request: 0.000044 seconds.
  path: Assets/Images/Sprites/Powerup/weapon_attack_02_04.png
  artifactKey: Guid(524d532dfc92ca84d9493fa2e5f4ac37) Importer(2089858483,b0f066a214c2f5e87bad3c948f4d605d)
Start importing Assets/Images/Sprites/Powerup/weapon_attack_02_04.png using Guid(524d532dfc92ca84d9493fa2e5f4ac37) Importer(2089858483,b0f066a214c2f5e87bad3c948f4d605d) (ScriptedImporter) -> (artifact id: '24ce998ab6ed7507a464e8da961f1d51') in 0.0136724 seconds
Number of updated asset objects reloaded before import = 0Number of asset objects unloaded after import = 3

========================================================================
Received Import Request.
  Time since last request: 0.000022 seconds.
  path: Assets/Images/Sprites/Powerup/weapon_walk_04.png
  artifactKey: Guid(c49600615931d244ebf141e6124dd92b) Importer(2089858483,b0f066a214c2f5e87bad3c948f4d605d)
Start importing Assets/Images/Sprites/Powerup/weapon_walk_04.png using Guid(c49600615931d244ebf141e6124dd92b) Importer(2089858483,b0f066a214c2f5e87bad3c948f4d605d) (ScriptedImporter) -> (artifact id: 'd91905d6e3ea4f6a5532d7780d23ebd6') in 0.0110738 seconds
Number of updated asset objects reloaded before import = 0Number of asset objects unloaded after import = 3

========================================================================
Received Import Request.
  Time since last request: 0.000018 seconds.
  path: Assets/Images/Sprites/Hero/hero_walk_02.png
  artifactKey: Guid(a7f43b1c09123904eb8a918d47138592) Importer(2089858483,b0f066a214c2f5e87bad3c948f4d605d)
Start importing Assets/Images/Sprites/Hero/hero_walk_02.png using Guid(a7f43b1c09123904eb8a918d47138592) Importer(2089858483,b0f066a214c2f5e87bad3c948f4d605d) (ScriptedImporter) -> (artifact id: '707848d89cbfd063df56b0ab9f228e34') in 0.0112931 seconds
Number of updated asset objects reloaded before import = 0Number of asset objects unloaded after import = 3

========================================================================
Received Import Request.
  Time since last request: 0.000019 seconds.
  path: Assets/Images/Sprites/Hero/hero_jumpattack_01.png
  artifactKey: Guid(57e9b12d1ef6690448b93b18858f1151) Importer(2089858483,b0f066a214c2f5e87bad3c948f4d605d)
Start importing Assets/Images/Sprites/Hero/hero_jumpattack_01.png using Guid(57e9b12d1ef6690448b93b18858f1151) Importer(2089858483,b0f066a214c2f5e87bad3c948f4d605d) (ScriptedImporter) -> (artifact id: '1df4ba5d9ce240bdceefde5f229f48d5') in 0.0091078 seconds
Number of updated asset objects reloaded before import = 0Number of asset objects unloaded after import = 3

========================================================================
Received Import Request.
  Time since last request: 0.000019 seconds.
  path: Assets/Images/Sprites/Powerup/weapon_attack_00_00.png
  artifactKey: Guid(6cd13a76572e1454d85433c2aec7c5c6) Importer(2089858483,b0f066a214c2f5e87bad3c948f4d605d)
Start importing Assets/Images/Sprites/Powerup/weapon_attack_00_00.png using Guid(6cd13a76572e1454d85433c2aec7c5c6) Importer(2089858483,b0f066a214c2f5e87bad3c948f4d605d) (ScriptedImporter) -> (artifact id: '1a8bbc7c6dd67810102385c994861bad') in 0.0093897 seconds
Number of updated asset objects reloaded before import = 0Number of asset objects unloaded after import = 3

========================================================================
Received Import Request.
  Time since last request: 0.000020 seconds.
  path: Assets/Images/Sprites/Hero/hero_walk_03.png
  artifactKey: Guid(596f3ef1d9e1e164b86c8afcffb8e899) Importer(2089858483,b0f066a214c2f5e87bad3c948f4d605d)
Start importing Assets/Images/Sprites/Hero/hero_walk_03.png using Guid(596f3ef1d9e1e164b86c8afcffb8e899) Importer(2089858483,b0f066a214c2f5e87bad3c948f4d605d) (ScriptedImporter) -> (artifact id: 'c7c5376b7d2ffb194f8e84555aebf390') in 0.0107431 seconds
Number of updated asset objects reloaded before import = 0Number of asset objects unloaded after import = 3

========================================================================
Received Import Request.
  Time since last request: 0.000016 seconds.
  path: Assets/Images/Sprites/Hero/hero_jump_00.png
  artifactKey: Guid(bd6cb9c9e30a3084a8c24f45b43ae6da) Importer(2089858483,b0f066a214c2f5e87bad3c948f4d605d)
Start importing Assets/Images/Sprites/Hero/hero_jump_00.png using Guid(bd6cb9c9e30a3084a8c24f45b43ae6da) Importer(2089858483,b0f066a214c2f5e87bad3c948f4d605d) (ScriptedImporter) -> (artifact id: 'c81c90b31d42c24f6cb5c0de98b36140') in 0.0135517 seconds
Number of updated asset objects reloaded before import = 0Number of asset objects unloaded after import = 3

========================================================================
Received Import Request.
  Time since last request: 0.000023 seconds.
  path: Assets/Images/Sprites/Hero/hero_knockout_02.png
  artifactKey: Guid(d09a63d2649cc3b4d80eb72dad2a35fe) Importer(2089858483,b0f066a214c2f5e87bad3c948f4d605d)
Start importing Assets/Images/Sprites/Hero/hero_knockout_02.png using Guid(d09a63d2649cc3b4d80eb72dad2a35fe) Importer(2089858483,b0f066a214c2f5e87bad3c948f4d605d) (ScriptedImporter) -> (artifact id: '0d6190d6eee1a48fd315efb086346684') in 0.0099662 seconds
Number of updated asset objects reloaded before import = 0Number of asset objects unloaded after import = 3

========================================================================
Received Import Request.
  Time since last request: 0.000022 seconds.
  path: Assets/Images/Sprites/Misc/hiteffect_03.png
  artifactKey: Guid(bff465909a5da9e4290bc53e267195ab) Importer(2089858483,b0f066a214c2f5e87bad3c948f4d605d)
Start importing Assets/Images/Sprites/Misc/hiteffect_03.png using Guid(bff465909a5da9e4290bc53e267195ab) Importer(2089858483,b0f066a214c2f5e87bad3c948f4d605d) (ScriptedImporter) -> (artifact id: 'beaa4f88b673aae937014b0bf7d034eb') in 0.0102215 seconds
Number of updated asset objects reloaded before import = 0Number of asset objects unloaded after import = 3

========================================================================
Received Import Request.
  Time since last request: 0.000022 seconds.
  path: Assets/Images/Sprites/Powerup/weapon_attack_00_01.png
  artifactKey: Guid(82cf3ebc940dae74197bceb6691223c4) Importer(2089858483,b0f066a214c2f5e87bad3c948f4d605d)
Start importing Assets/Images/Sprites/Powerup/weapon_attack_00_01.png using Guid(82cf3ebc940dae74197bceb6691223c4) Importer(2089858483,b0f066a214c2f5e87bad3c948f4d605d) (ScriptedImporter) -> (artifact id: 'daf7b275235c3c5f2561783c20222b6d') in 0.0100469 seconds
Number of updated asset objects reloaded before import = 0Number of asset objects unloaded after import = 3

========================================================================
Received Import Request.
  Time since last request: 0.000025 seconds.
  path: Assets/Images/Sprites/Powerup/weapon_idle_04.png
  artifactKey: Guid(888eb38b549b2004096e33b4e01cadf4) Importer(2089858483,b0f066a214c2f5e87bad3c948f4d605d)
Start importing Assets/Images/Sprites/Powerup/weapon_idle_04.png using Guid(888eb38b549b2004096e33b4e01cadf4) Importer(2089858483,b0f066a214c2f5e87bad3c948f4d605d) (ScriptedImporter) -> (artifact id: '4331a673ad91475e157a49535d862df1') in 0.0108586 seconds
Number of updated asset objects reloaded before import = 0Number of asset objects unloaded after import = 3

========================================================================
Received Import Request.
  Time since last request: 0.000019 seconds.
  path: Assets/Images/Sprites/Misc/hiteffect_04.png
  artifactKey: Guid(2ad11a50eebe1314597d9bafd03b68c8) Importer(2089858483,b0f066a214c2f5e87bad3c948f4d605d)
Start importing Assets/Images/Sprites/Misc/hiteffect_04.png using Guid(2ad11a50eebe1314597d9bafd03b68c8) Importer(2089858483,b0f066a214c2f5e87bad3c948f4d605d) (ScriptedImporter) -> (artifact id: 'd566980ac0d2cb8a4c73688075dac51d') in 0.0096108 seconds
Number of updated asset objects reloaded before import = 0Number of asset objects unloaded after import = 3

========================================================================
Received Import Request.
  Time since last request: 0.000027 seconds.
  path: Assets/Images/Sprites/Boss/boss_walk_05.png
  artifactKey: Guid(f768eb09e9253dd48a03647b904718cc) Importer(2089858483,b0f066a214c2f5e87bad3c948f4d605d)
Start importing Assets/Images/Sprites/Boss/boss_walk_05.png using Guid(f768eb09e9253dd48a03647b904718cc) Importer(2089858483,b0f066a214c2f5e87bad3c948f4d605d) (ScriptedImporter) -> (artifact id: 'cd13482706837f5641eb2bc3534e2fb6') in 0.0153079 seconds
Number of updated asset objects reloaded before import = 0Number of asset objects unloaded after import = 3

========================================================================
Received Import Request.
  Time since last request: 0.000021 seconds.
  path: Assets/Images/Sprites/Hero/hero_walk_04.png
  artifactKey: Guid(333ab7ba4dda5f941a87a48fd545f98b) Importer(2089858483,b0f066a214c2f5e87bad3c948f4d605d)
Start importing Assets/Images/Sprites/Hero/hero_walk_04.png using Guid(333ab7ba4dda5f941a87a48fd545f98b) Importer(2089858483,b0f066a214c2f5e87bad3c948f4d605d) (ScriptedImporter) -> (artifact id: '914c0314653ff602c208bdb7d765a109') in 0.009627 seconds
Number of updated asset objects reloaded before import = 0Number of asset objects unloaded after import = 3

========================================================================
Received Import Request.
  Time since last request: 0.000023 seconds.
  path: Assets/Images/Sprites/Misc/hiteffect_01.png
  artifactKey: Guid(d5af5a0eac6f46b4494180678aea2f66) Importer(2089858483,b0f066a214c2f5e87bad3c948f4d605d)
Start importing Assets/Images/Sprites/Misc/hiteffect_01.png using Guid(d5af5a0eac6f46b4494180678aea2f66) Importer(2089858483,b0f066a214c2f5e87bad3c948f4d605d) (ScriptedImporter) -> (artifact id: '16f0bc3ecc5b1ef37804e32d1806b693') in 0.0099722 seconds
Number of updated asset objects reloaded before import = 0Number of asset objects unloaded after import = 3

========================================================================
Received Import Request.
  Time since last request: 0.000030 seconds.
  path: Assets/Images/Sprites/Powerup/weapon_walk_05.png
  artifactKey: Guid(7bd5e44ecf04f5947985113f2f6c6322) Importer(2089858483,b0f066a214c2f5e87bad3c948f4d605d)
Start importing Assets/Images/Sprites/Powerup/weapon_walk_05.png using Guid(7bd5e44ecf04f5947985113f2f6c6322) Importer(2089858483,b0f066a214c2f5e87bad3c948f4d605d) (ScriptedImporter) -> (artifact id: 'e4b6ed21c5cab76a7e6061728261f7ea') in 0.0089891 seconds
Number of updated asset objects reloaded before import = 0Number of asset objects unloaded after import = 3

========================================================================
Received Import Request.
  Time since last request: 0.000025 seconds.
  path: Assets/Images/Sprites/Hero/hero_hurt_01.png
  artifactKey: Guid(cba64fce49ec40246be5f0ceb7b8c50d) Importer(2089858483,b0f066a214c2f5e87bad3c948f4d605d)
Start importing Assets/Images/Sprites/Hero/hero_hurt_01.png using Guid(cba64fce49ec40246be5f0ceb7b8c50d) Importer(2089858483,b0f066a214c2f5e87bad3c948f4d605d) (ScriptedImporter) -> (artifact id: 'fcde2c932b5c4e61752aa235684e9449') in 0.009524 seconds
Number of updated asset objects reloaded before import = 0Number of asset objects unloaded after import = 3

========================================================================
Received Import Request.
  Time since last request: 0.000024 seconds.
  path: Assets/Images/Sprites/Hero/hero_attack_00_01.png
  artifactKey: Guid(ce8060709fe07cf4c9bd4aa946ed9381) Importer(2089858483,b0f066a214c2f5e87bad3c948f4d605d)
Start importing Assets/Images/Sprites/Hero/hero_attack_00_01.png using Guid(ce8060709fe07cf4c9bd4aa946ed9381) Importer(2089858483,b0f066a214c2f5e87bad3c948f4d605d) (ScriptedImporter) -> (artifact id: '8368d938fd5f87babe58f663800feea8') in 0.0100501 seconds
Number of updated asset objects reloaded before import = 0Number of asset objects unloaded after import = 3

========================================================================
Received Import Request.
  Time since last request: 0.000023 seconds.
  path: Assets/Images/Sprites/Hero/hero_attack_01_01.png
  artifactKey: Guid(473fe0a76787efb4dac8265d9ce63757) Importer(2089858483,b0f066a214c2f5e87bad3c948f4d605d)
Start importing Assets/Images/Sprites/Hero/hero_attack_01_01.png using Guid(473fe0a76787efb4dac8265d9ce63757) Importer(2089858483,b0f066a214c2f5e87bad3c948f4d605d) (ScriptedImporter) -> (artifact id: '884f5a9d515eecfc502f6291c290a012') in 0.0191492 seconds
Number of updated asset objects reloaded before import = 0Number of asset objects unloaded after import = 3

========================================================================
Received Import Request.
  Time since last request: 0.000031 seconds.
  path: Assets/Audio/sfx_enemydeath.wav
  artifactKey: Guid(252af21ffa9ba2e449728347e42a3bb5) Importer(2089858483,b0f066a214c2f5e87bad3c948f4d605d)
Start importing Assets/Audio/sfx_enemydeath.wav using Guid(252af21ffa9ba2e449728347e42a3bb5) Importer(2089858483,b0f066a214c2f5e87bad3c948f4d605d) (ScriptedImporter) -> (artifact id: '1f9eafcc59b1029bd3443851b4bb824f') in 0.0161319 seconds
Number of updated asset objects reloaded before import = 0Number of asset objects unloaded after import = 1

========================================================================
Received Import Request.
  Time since last request: 0.000026 seconds.
  path: Assets/Images/Sprites/Hero/hero_jump_05.png
  artifactKey: Guid(d819f1cd8c8fc2f499a459b81e7d7740) Importer(2089858483,b0f066a214c2f5e87bad3c948f4d605d)
Start importing Assets/Images/Sprites/Hero/hero_jump_05.png using Guid(d819f1cd8c8fc2f499a459b81e7d7740) Importer(2089858483,b0f066a214c2f5e87bad3c948f4d605d) (ScriptedImporter) -> (artifact id: 'a6367e89c2f57bfdd278e8edafcb7714') in 0.011916 seconds
Number of updated asset objects reloaded before import = 0Number of asset objects unloaded after import = 3

========================================================================
Received Import Request.
  Time since last request: 0.000026 seconds.
  path: Assets/LevelData/Level2Data.asset
  artifactKey: Guid(ee1fb03240966c0488d902283df802f7) Importer(2089858483,b0f066a214c2f5e87bad3c948f4d605d)
Start importing Assets/LevelData/Level2Data.asset using Guid(ee1fb03240966c0488d902283df802f7) Importer(2089858483,b0f066a214c2f5e87bad3c948f4d605d) (ScriptedImporter) -> (artifact id: '7cb3db5b8c2fa728755d873a9205eb4b') in 0.0142418 seconds
Number of updated asset objects reloaded before import = 0Number of asset objects unloaded after import = 125

========================================================================
Received Import Request.
  Time since last request: 0.000030 seconds.
  path: Assets/Images/Sprites/Powerup/weapon_attack_01_00.png
  artifactKey: Guid(61b70f66dde0c3a4fa54a7c1008df361) Importer(2089858483,b0f066a214c2f5e87bad3c948f4d605d)
Start importing Assets/Images/Sprites/Powerup/weapon_attack_01_00.png using Guid(61b70f66dde0c3a4fa54a7c1008df361) Importer(2089858483,b0f066a214c2f5e87bad3c948f4d605d) (ScriptedImporter) -> (artifact id: '5448fcca7bb27414079849e16d4286ff') in 0.0096262 seconds
Number of updated asset objects reloaded before import = 0Number of asset objects unloaded after import = 3

========================================================================
Received Import Request.
  Time since last request: 0.000021 seconds.
  path: Assets/Prefabs/EnemyRobot.prefab
  artifactKey: Guid(ce958e5a8813f4bc9bd13095fe6f4a27) Importer(2089858483,b0f066a214c2f5e87bad3c948f4d605d)
Start importing Assets/Prefabs/EnemyRobot.prefab using Guid(ce958e5a8813f4bc9bd13095fe6f4a27) Importer(2089858483,b0f066a214c2f5e87bad3c948f4d605d) (ScriptedImporter) -> (artifact id: '273a89f234fea5e74a9a9ba59fe3c522') in 0.0372958 seconds
Number of updated asset objects reloaded before import = 0Number of asset objects unloaded after import = 66

========================================================================
Received Import Request.
  Time since last request: 0.000036 seconds.
  path: Assets/Images/Sprites/Powerup/weapon_attack_02_02.png
  artifactKey: Guid(999da1c8ee85cbb4cb90183c906e9a0a) Importer(2089858483,b0f066a214c2f5e87bad3c948f4d605d)
Start importing Assets/Images/Sprites/Powerup/weapon_attack_02_02.png using Guid(999da1c8ee85cbb4cb90183c906e9a0a) Importer(2089858483,b0f066a214c2f5e87bad3c948f4d605d) (ScriptedImporter) -> (artifact id: 'd6d47351b00aaf7184b174fb8a4809c1') in 0.0152799 seconds
Number of updated asset objects reloaded before import = 0Number of asset objects unloaded after import = 3

========================================================================
Received Import Request.
  Time since last request: 0.000027 seconds.
  path: Assets/Images/Sprites/Hero/hero_jump_01.png
  artifactKey: Guid(b7c1425cac8e8494688ddc122b246b56) Importer(2089858483,b0f066a214c2f5e87bad3c948f4d605d)
Start importing Assets/Images/Sprites/Hero/hero_jump_01.png using Guid(b7c1425cac8e8494688ddc122b246b56) Importer(2089858483,b0f066a214c2f5e87bad3c948f4d605d) (ScriptedImporter) -> (artifact id: 'b66ece9a3361bd12187e6775f1f00df0') in 0.0092918 seconds
Number of updated asset objects reloaded before import = 0Number of asset objects unloaded after import = 3

========================================================================
Received Import Request.
  Time since last request: 0.000151 seconds.
  path: Assets/Prefabs/LoadingScreen.prefab
  artifactKey: Guid(bb009ebc92ab54e028d3b152502c7b12) Importer(2089858483,b0f066a214c2f5e87bad3c948f4d605d)
Start importing Assets/Prefabs/LoadingScreen.prefab using Guid(bb009ebc92ab54e028d3b152502c7b12) Importer(2089858483,b0f066a214c2f5e87bad3c948f4d605d) (ScriptedImporter) -> (artifact id: '0d82bb4dd14e04f6a30ab55bb7afa440') in 0.0225211 seconds
Number of updated asset objects reloaded before import = 0Number of asset objects unloaded after import = 17

========================================================================
Received Import Request.
  Time since last request: 0.000023 seconds.
  path: Assets/Animation/Robots/robot_idle_anim.anim
  artifactKey: Guid(57039cf23537477439c06ba0f8bbf672) Importer(2089858483,b0f066a214c2f5e87bad3c948f4d605d)
Start importing Assets/Animation/Robots/robot_idle_anim.anim using Guid(57039cf23537477439c06ba0f8bbf672) Importer(2089858483,b0f066a214c2f5e87bad3c948f4d605d) (ScriptedImporter) -> (artifact id: '8962b9bb14664fa10d94cbfad6e146de') in 0.0067559 seconds
Number of updated asset objects reloaded before import = 0Number of asset objects unloaded after import = 1

========================================================================
Received Import Request.
  Time since last request: 0.000063 seconds.
  path: Assets/Animation/Hero/hero_attack3_anim.anim
  artifactKey: Guid(65e2560d13aaafa4ebf8e55b193859ac) Importer(2089858483,b0f066a214c2f5e87bad3c948f4d605d)
Start importing Assets/Animation/Hero/hero_attack3_anim.anim using Guid(65e2560d13aaafa4ebf8e55b193859ac) Importer(2089858483,b0f066a214c2f5e87bad3c948f4d605d) (ScriptedImporter) -> (artifact id: 'd4c62d08c992d63b361a5e65251f8c14') in 0.0053285 seconds
Number of updated asset objects reloaded before import = 0Number of asset objects unloaded after import = 1

========================================================================
Received Import Request.
  Time since last request: 0.000021 seconds.
  path: Assets/Scripts/LevelData.cs
  artifactKey: Guid(507255a8744cf43bfb51f0b5d82fb09a) Importer(2089858483,b0f066a214c2f5e87bad3c948f4d605d)
Start importing Assets/Scripts/LevelData.cs using Guid(507255a8744cf43bfb51f0b5d82fb09a) Importer(2089858483,b0f066a214c2f5e87bad3c948f4d605d) (ScriptedImporter) -> (artifact id: '8b0d46b5c00c23770e84c678b0a53772') in 0.0034092 seconds
Number of updated asset objects reloaded before import = 0Number of asset objects unloaded after import = 0

========================================================================
Received Import Request.
  Time since last request: 0.000073 seconds.
  path: Assets/Images/Sprites/Misc/trashcan_right.png
  artifactKey: Guid(b61b79cee4eceae439f659a994495e90) Importer(2089858483,b0f066a214c2f5e87bad3c948f4d605d)
Start importing Assets/Images/Sprites/Misc/trashcan_right.png using Guid(b61b79cee4eceae439f659a994495e90) Importer(2089858483,b0f066a214c2f5e87bad3c948f4d605d) (ScriptedImporter) -> (artifact id: 'b8dfc346b92b65dbd87df8160ddc6c75') in 0.0093391 seconds
Number of updated asset objects reloaded before import = 0Number of asset objects unloaded after import = 3

========================================================================
Received Import Request.
  Time since last request: 0.000023 seconds.
  path: Assets/Prefabs/ControlCanvas.prefab
  artifactKey: Guid(c9089b0616053405d94582cd4a2e3d33) Importer(2089858483,b0f066a214c2f5e87bad3c948f4d605d)
Start importing Assets/Prefabs/ControlCanvas.prefab using Guid(c9089b0616053405d94582cd4a2e3d33) Importer(2089858483,b0f066a214c2f5e87bad3c948f4d605d) (ScriptedImporter) -> (artifact id: 'af8edacab692bd29e3537f346863044b') in 0.0274049 seconds
Number of updated asset objects reloaded before import = 0Number of asset objects unloaded after import = 41

========================================================================
Received Import Request.
  Time since last request: 0.000020 seconds.
  path: Assets/Images/Sprites/Robot/robot_belt_attack_02.png
  artifactKey: Guid(3a879c0bda67d0342a6b91c80ebf82bd) Importer(2089858483,b0f066a214c2f5e87bad3c948f4d605d)
Start importing Assets/Images/Sprites/Robot/robot_belt_attack_02.png using Guid(3a879c0bda67d0342a6b91c80ebf82bd) Importer(2089858483,b0f066a214c2f5e87bad3c948f4d605d) (ScriptedImporter) -> (artifact id: 'edca7b428e7d68054cf18f070c029896') in 0.008998 seconds
Number of updated asset objects reloaded before import = 0Number of asset objects unloaded after import = 3

========================================================================
Received Import Request.
  Time since last request: 0.000021 seconds.
  path: Assets/Images/Sprites/Robot/robot_base_idle_01.png
  artifactKey: Guid(1114bf1330ecf344c99154a3f9a38b83) Importer(2089858483,b0f066a214c2f5e87bad3c948f4d605d)
Start importing Assets/Images/Sprites/Robot/robot_base_idle_01.png using Guid(1114bf1330ecf344c99154a3f9a38b83) Importer(2089858483,b0f066a214c2f5e87bad3c948f4d605d) (ScriptedImporter) -> (artifact id: 'b934d7c3243f4f298f699dd6aa020c1d') in 0.0099533 seconds
Number of updated asset objects reloaded before import = 0Number of asset objects unloaded after import = 3

========================================================================
Received Import Request.
  Time since last request: 0.000034 seconds.
  path: Assets/Images/Sprites/Robot/robot_belt_walk_05.png
  artifactKey: Guid(78526bbc65eadaa41a6bb90215b4bcdf) Importer(2089858483,b0f066a214c2f5e87bad3c948f4d605d)
Start importing Assets/Images/Sprites/Robot/robot_belt_walk_05.png using Guid(78526bbc65eadaa41a6bb90215b4bcdf) Importer(2089858483,b0f066a214c2f5e87bad3c948f4d605d) (ScriptedImporter) -> (artifact id: '1196fc8b36a816947e451ebfd9822cf3') in 0.0110373 seconds
Number of updated asset objects reloaded before import = 0Number of asset objects unloaded after import = 3

========================================================================
Received Import Request.
  Time since last request: 0.000018 seconds.
  path: Assets/Images/Sprites/Robot/robot_belt_getup_03.png
  artifactKey: Guid(e27c926aac66f1a4ba177c61cc1297c5) Importer(2089858483,b0f066a214c2f5e87bad3c948f4d605d)
Start importing Assets/Images/Sprites/Robot/robot_belt_getup_03.png using Guid(e27c926aac66f1a4ba177c61cc1297c5) Importer(2089858483,b0f066a214c2f5e87bad3c948f4d605d) (ScriptedImporter) -> (artifact id: '214f059838d50ae5ad040b4170f0ef1a') in 0.0111887 seconds
Number of updated asset objects reloaded before import = 0Number of asset objects unloaded after import = 3

========================================================================
Received Import Request.
  Time since last request: 0.000021 seconds.
  path: Assets/Images/Sprites/Robot/robot_base_idle_03.png
  artifactKey: Guid(5b55079babc228d4880a61af3a7e621e) Importer(2089858483,b0f066a214c2f5e87bad3c948f4d605d)
Start importing Assets/Images/Sprites/Robot/robot_base_idle_03.png using Guid(5b55079babc228d4880a61af3a7e621e) Importer(2089858483,b0f066a214c2f5e87bad3c948f4d605d) (ScriptedImporter) -> (artifact id: 'fcd4bdc26a363373213855fcccd41f5e') in 0.012707 seconds
Number of updated asset objects reloaded before import = 0Number of asset objects unloaded after import = 3

========================================================================
Received Import Request.
  Time since last request: 0.000021 seconds.
  path: Assets/Images/Sprites/Robot/robot_base_walk_05.png
  artifactKey: Guid(3992fc25be4a8e0489965ac8b77d0e93) Importer(2089858483,b0f066a214c2f5e87bad3c948f4d605d)
Start importing Assets/Images/Sprites/Robot/robot_base_walk_05.png using Guid(3992fc25be4a8e0489965ac8b77d0e93) Importer(2089858483,b0f066a214c2f5e87bad3c948f4d605d) (ScriptedImporter) -> (artifact id: '39471f5cfab9781ba44083057b33039f') in 0.0153538 seconds
Number of updated asset objects reloaded before import = 0Number of asset objects unloaded after import = 3

========================================================================
Received Import Request.
  Time since last request: 0.000021 seconds.
  path: Assets/Images/Sprites/Robot/robot_belt_idle_04.png
  artifactKey: Guid(06fe8482ebe47344c8a09b11c42e8973) Importer(2089858483,b0f066a214c2f5e87bad3c948f4d605d)
Start importing Assets/Images/Sprites/Robot/robot_belt_idle_04.png using Guid(06fe8482ebe47344c8a09b11c42e8973) Importer(2089858483,b0f066a214c2f5e87bad3c948f4d605d) (ScriptedImporter) -> (artifact id: 'a92d9469ab50ecf523bbdc0ea3776632') in 0.0099809 seconds
Number of updated asset objects reloaded before import = 0Number of asset objects unloaded after import = 3

========================================================================
Received Import Request.
  Time since last request: 0.000018 seconds.
  path: Assets/Images/Sprites/Robot/robot_belt_getup_02.png
  artifactKey: Guid(3d5b9e11f0deb5e4c88dec8f7f52f17c) Importer(2089858483,b0f066a214c2f5e87bad3c948f4d605d)
Start importing Assets/Images/Sprites/Robot/robot_belt_getup_02.png using Guid(3d5b9e11f0deb5e4c88dec8f7f52f17c) Importer(2089858483,b0f066a214c2f5e87bad3c948f4d605d) (ScriptedImporter) -> (artifact id: 'e708f0a5b50c3c0b985b95ab63c21c52') in 0.0112803 seconds
Number of updated asset objects reloaded before import = 0Number of asset objects unloaded after import = 3

========================================================================
Received Import Request.
  Time since last request: 0.000024 seconds.
  path: Assets/Images/Sprites/Robot/robot_belt_walk_01.png
  artifactKey: Guid(c1b090fd696b01144bde54c02d3aeedc) Importer(2089858483,b0f066a214c2f5e87bad3c948f4d605d)
Start importing Assets/Images/Sprites/Robot/robot_belt_walk_01.png using Guid(c1b090fd696b01144bde54c02d3aeedc) Importer(2089858483,b0f066a214c2f5e87bad3c948f4d605d) (ScriptedImporter) -> (artifact id: '5e1cd9b623b878cb6d8a16fc9b274fc8') in 0.0093801 seconds
Number of updated asset objects reloaded before import = 0Number of asset objects unloaded after import = 3

========================================================================
Received Import Request.
  Time since last request: 0.000021 seconds.
  path: Assets/Images/Sprites/Robot/robot_belt_attack_00.png
  artifactKey: Guid(35cb3f8dc11ea58438da7fbb47b1c200) Importer(2089858483,b0f066a214c2f5e87bad3c948f4d605d)
Start importing Assets/Images/Sprites/Robot/robot_belt_attack_00.png using Guid(35cb3f8dc11ea58438da7fbb47b1c200) Importer(2089858483,b0f066a214c2f5e87bad3c948f4d605d) (ScriptedImporter) -> (artifact id: 'cae21260935de90568b7e36b6dd87bd3') in 0.0157926 seconds
Number of updated asset objects reloaded before import = 0Number of asset objects unloaded after import = 3

========================================================================
Received Import Request.
  Time since last request: 0.000018 seconds.
  path: Assets/Images/Sprites/Robot/robot_base_attack_01.png
  artifactKey: Guid(656821e7b86e7094590ef8d9c49d7a1a) Importer(2089858483,b0f066a214c2f5e87bad3c948f4d605d)
Start importing Assets/Images/Sprites/Robot/robot_base_attack_01.png using Guid(656821e7b86e7094590ef8d9c49d7a1a) Importer(2089858483,b0f066a214c2f5e87bad3c948f4d605d) (ScriptedImporter) -> (artifact id: 'be0bc1bfa95f57d1a88d28a6ec0f800d') in 0.01036 seconds
Number of updated asset objects reloaded before import = 0Number of asset objects unloaded after import = 3

========================================================================
Received Import Request.
  Time since last request: 0.000025 seconds.
  path: Assets/Images/Sprites/Robot/robot_base_knockout_01.png
  artifactKey: Guid(ed49669c08a9f56438fccfd27d112831) Importer(2089858483,b0f066a214c2f5e87bad3c948f4d605d)
Start importing Assets/Images/Sprites/Robot/robot_base_knockout_01.png using Guid(ed49669c08a9f56438fccfd27d112831) Importer(2089858483,b0f066a214c2f5e87bad3c948f4d605d) (ScriptedImporter) -> (artifact id: '8d0d4119bf464c56d2e8ac57bc946389') in 0.0119929 seconds
Number of updated asset objects reloaded before import = 0Number of asset objects unloaded after import = 3

========================================================================
Received Import Request.
  Time since last request: 0.000023 seconds.
  path: Assets/Images/Sprites/Robot/robot_belt_knockout_03.png
  artifactKey: Guid(15da86f12ab4e4e4baa20e9d6d18f9b9) Importer(2089858483,b0f066a214c2f5e87bad3c948f4d605d)
Start importing Assets/Images/Sprites/Robot/robot_belt_knockout_03.png using Guid(15da86f12ab4e4e4baa20e9d6d18f9b9) Importer(2089858483,b0f066a214c2f5e87bad3c948f4d605d) (ScriptedImporter) -> (artifact id: '0605490db92ec013be8311b24e0fedee') in 0.0130455 seconds
Number of updated asset objects reloaded before import = 0Number of asset objects unloaded after import = 3

========================================================================
Received Import Request.
  Time since last request: 0.000020 seconds.
  path: Assets/Images/Sprites/Robot/robot_base_idle_02.png
  artifactKey: Guid(5ec748a35836a2b4f8248e17a49fb5de) Importer(2089858483,b0f066a214c2f5e87bad3c948f4d605d)
Start importing Assets/Images/Sprites/Robot/robot_base_idle_02.png using Guid(5ec748a35836a2b4f8248e17a49fb5de) Importer(2089858483,b0f066a214c2f5e87bad3c948f4d605d) (ScriptedImporter) -> (artifact id: '9ba624d0172d35681c9d19cdf7299fbe') in 0.0093467 seconds
Number of updated asset objects reloaded before import = 0Number of asset objects unloaded after import = 3

========================================================================
Received Import Request.
  Time since last request: 0.000019 seconds.
  path: Assets/Images/Sprites/Robot/robot_smoke_hurt_02.png
  artifactKey: Guid(e1990a7cd6e6c124b9450cf4971a04d2) Importer(2089858483,b0f066a214c2f5e87bad3c948f4d605d)
Start importing Assets/Images/Sprites/Robot/robot_smoke_hurt_02.png using Guid(e1990a7cd6e6c124b9450cf4971a04d2) Importer(2089858483,b0f066a214c2f5e87bad3c948f4d605d) (ScriptedImporter) -> (artifact id: '7d781423acaa14fafbe2c60eac611763') in 0.0092832 seconds
Number of updated asset objects reloaded before import = 0Number of asset objects unloaded after import = 3

========================================================================
Received Import Request.
  Time since last request: 0.000023 seconds.
  path: Assets/Images/Sprites/Robot/robot_base_attack_03.png
  artifactKey: Guid(6bf272c3c3762fb439ddb32f73c191b7) Importer(2089858483,b0f066a214c2f5e87bad3c948f4d605d)
Start importing Assets/Images/Sprites/Robot/robot_base_attack_03.png using Guid(6bf272c3c3762fb439ddb32f73c191b7) Importer(2089858483,b0f066a214c2f5e87bad3c948f4d605d) (ScriptedImporter) -> (artifact id: 'acd1b8e401022ebdd1878111797e0215') in 0.0127484 seconds
Number of updated asset objects reloaded before import = 0Number of asset objects unloaded after import = 3

========================================================================
Received Import Request.
  Time since last request: 0.000031 seconds.
  path: Assets/Images/Sprites/Robot/robot_smoke_getup_01.png
  artifactKey: Guid(47e922c7958d7ee47abb67e9631271e0) Importer(2089858483,b0f066a214c2f5e87bad3c948f4d605d)
Start importing Assets/Images/Sprites/Robot/robot_smoke_getup_01.png using Guid(47e922c7958d7ee47abb67e9631271e0) Importer(2089858483,b0f066a214c2f5e87bad3c948f4d605d) (ScriptedImporter) -> (artifact id: 'd0e36b3ee48b36ccfa02b9ab5a3c2628') in 0.0095259 seconds
Number of updated asset objects reloaded before import = 0Number of asset objects unloaded after import = 3

========================================================================
Received Import Request.
  Time since last request: 0.000023 seconds.
  path: Assets/Images/Sprites/Robot/robot_belt_attack_04.png
  artifactKey: Guid(69ab89ee2016e0248a4a9f6e84d85ecc) Importer(2089858483,b0f066a214c2f5e87bad3c948f4d605d)
Start importing Assets/Images/Sprites/Robot/robot_belt_attack_04.png using Guid(69ab89ee2016e0248a4a9f6e84d85ecc) Importer(2089858483,b0f066a214c2f5e87bad3c948f4d605d) (ScriptedImporter) -> (artifact id: 'bfddb76142988c2abba06b60829b138f') in 0.0102413 seconds
Number of updated asset objects reloaded before import = 0Number of asset objects unloaded after import = 3

========================================================================
Received Import Request.
  Time since last request: 0.000023 seconds.
  path: Assets/Images/Sprites/Robot/robot_base_walk_03.png
  artifactKey: Guid(69a18ca9a782bfc49b7f5977dd533ac5) Importer(2089858483,b0f066a214c2f5e87bad3c948f4d605d)
Start importing Assets/Images/Sprites/Robot/robot_base_walk_03.png using Guid(69a18ca9a782bfc49b7f5977dd533ac5) Importer(2089858483,b0f066a214c2f5e87bad3c948f4d605d) (ScriptedImporter) -> (artifact id: 'b5df9a823160442963c2914dc3256170') in 0.0103887 seconds
Number of updated asset objects reloaded before import = 0Number of asset objects unloaded after import = 3

========================================================================
Received Import Request.
  Time since last request: 0.000025 seconds.
  path: Assets/Images/Sprites/Robot/robot_belt_idle_03.png
  artifactKey: Guid(139f16b5ec0be7b44a337e06e78c9a1e) Importer(2089858483,b0f066a214c2f5e87bad3c948f4d605d)
Start importing Assets/Images/Sprites/Robot/robot_belt_idle_03.png using Guid(139f16b5ec0be7b44a337e06e78c9a1e) Importer(2089858483,b0f066a214c2f5e87bad3c948f4d605d) (ScriptedImporter) -> (artifact id: 'c1cd56a8615ed06f362e4ce9a4ef5c34') in 0.0125095 seconds
Number of updated asset objects reloaded before import = 0Number of asset objects unloaded after import = 3

========================================================================
Received Import Request.
  Time since last request: 0.000044 seconds.
  path: Assets/Images/Sprites/Robot/robot_smoke_idle_01.png
  artifactKey: Guid(ff1d13327b0e4754bbc43909bbed4799) Importer(2089858483,b0f066a214c2f5e87bad3c948f4d605d)
Start importing Assets/Images/Sprites/Robot/robot_smoke_idle_01.png using Guid(ff1d13327b0e4754bbc43909bbed4799) Importer(2089858483,b0f066a214c2f5e87bad3c948f4d605d) (ScriptedImporter) -> (artifact id: '6fa2b509ed0b4e56c7fd3c405961713a') in 0.0100731 seconds
Number of updated asset objects reloaded before import = 0Number of asset objects unloaded after import = 3

========================================================================
Received Import Request.
  Time since last request: 0.000020 seconds.
  path: Assets/Images/Sprites/Robot/robot_base_knockout_03.png
  artifactKey: Guid(0d1c9b0121e76034e9e6a5c6119b934d) Importer(2089858483,b0f066a214c2f5e87bad3c948f4d605d)
Start importing Assets/Images/Sprites/Robot/robot_base_knockout_03.png using Guid(0d1c9b0121e76034e9e6a5c6119b934d) Importer(2089858483,b0f066a214c2f5e87bad3c948f4d605d) (ScriptedImporter) -> (artifact id: '03b5676d29e40948770c6858e7091697') in 0.0132419 seconds
Number of updated asset objects reloaded before import = 0Number of asset objects unloaded after import = 3

========================================================================
Received Import Request.
  Time since last request: 0.000037 seconds.
  path: Assets/Images/Sprites/Robot/robot_base_attack_04.png
  artifactKey: Guid(296cc42c9b51be44fb019824ced9acbc) Importer(2089858483,b0f066a214c2f5e87bad3c948f4d605d)
Start importing Assets/Images/Sprites/Robot/robot_base_attack_04.png using Guid(296cc42c9b51be44fb019824ced9acbc) Importer(2089858483,b0f066a214c2f5e87bad3c948f4d605d) (ScriptedImporter) -> (artifact id: '44c0d1e4a4815ec6b219ed093a49746b') in 0.0105092 seconds
Number of updated asset objects reloaded before import = 0Number of asset objects unloaded after import = 3

========================================================================
Received Import Request.
  Time since last request: 0.000016 seconds.
  path: Assets/Images/Sprites/Robot/robot_belt_idle_02.png
  artifactKey: Guid(5e933194579547c4bb16753cd4527cb6) Importer(2089858483,b0f066a214c2f5e87bad3c948f4d605d)
Start importing Assets/Images/Sprites/Robot/robot_belt_idle_02.png using Guid(5e933194579547c4bb16753cd4527cb6) Importer(2089858483,b0f066a214c2f5e87bad3c948f4d605d) (ScriptedImporter) -> (artifact id: '2bca64afff685fbb28dca98738cf7d89') in 0.0093391 seconds
Number of updated asset objects reloaded before import = 0Number of asset objects unloaded after import = 3

========================================================================
Received Import Request.
  Time since last request: 0.000021 seconds.
  path: Assets/Images/Sprites/Robot/robot_smoke_idle_00.png
  artifactKey: Guid(eaa4d030463441749a751e93e38af814) Importer(2089858483,b0f066a214c2f5e87bad3c948f4d605d)
Start importing Assets/Images/Sprites/Robot/robot_smoke_idle_00.png using Guid(eaa4d030463441749a751e93e38af814) Importer(2089858483,b0f066a214c2f5e87bad3c948f4d605d) (ScriptedImporter) -> (artifact id: '1baa74b73965046359b54e89e2a10e0b') in 0.0095512 seconds
Number of updated asset objects reloaded before import = 0Number of asset objects unloaded after import = 3

========================================================================
Received Import Request.
  Time since last request: 0.000018 seconds.
  path: Assets/Images/Sprites/Robot/robot_base_knockout_04.png
  artifactKey: Guid(b31da7235c0334e4d99af0dca0e610d7) Importer(2089858483,b0f066a214c2f5e87bad3c948f4d605d)
Start importing Assets/Images/Sprites/Robot/robot_base_knockout_04.png using Guid(b31da7235c0334e4d99af0dca0e610d7) Importer(2089858483,b0f066a214c2f5e87bad3c948f4d605d) (ScriptedImporter) -> (artifact id: '6b5f67db0187c419fd0126262368c43b') in 0.0102521 seconds
Number of updated asset objects reloaded before import = 0Number of asset objects unloaded after import = 3

========================================================================
Received Import Request.
  Time since last request: 0.000017 seconds.
  path: Assets/Images/Sprites/Robot/robot_smoke_getup_03.png
  artifactKey: Guid(b3a2c097ab0a47349a09ab84b16582c5) Importer(2089858483,b0f066a214c2f5e87bad3c948f4d605d)
Start importing Assets/Images/Sprites/Robot/robot_smoke_getup_03.png using Guid(b3a2c097ab0a47349a09ab84b16582c5) Importer(2089858483,b0f066a214c2f5e87bad3c948f4d605d) (ScriptedImporter) -> (artifact id: 'f854a0e1324180c9f4c6ce7924f085ee') in 0.0105997 seconds
Number of updated asset objects reloaded before import = 0Number of asset objects unloaded after import = 3

========================================================================
Received Import Request.
  Time since last request: 0.000022 seconds.
  path: Assets/Images/Sprites/Robot/robot_base_idle_04.png
  artifactKey: Guid(13a099a4688cfd348a21514a4866bb85) Importer(2089858483,b0f066a214c2f5e87bad3c948f4d605d)
Start importing Assets/Images/Sprites/Robot/robot_base_idle_04.png using Guid(13a099a4688cfd348a21514a4866bb85) Importer(2089858483,b0f066a214c2f5e87bad3c948f4d605d) (ScriptedImporter) -> (artifact id: 'bd1e3d43aae6a94faf579c22e6de6bbe') in 0.0145616 seconds
Number of updated asset objects reloaded before import = 0Number of asset objects unloaded after import = 3

========================================================================
Received Import Request.
  Time since last request: 0.000096 seconds.
  path: Assets/Images/Sprites/Robot/robot_smoke_attack_02.png
  artifactKey: Guid(456c7942bf7e16f4fa2549d810297d9d) Importer(2089858483,b0f066a214c2f5e87bad3c948f4d605d)
Start importing Assets/Images/Sprites/Robot/robot_smoke_attack_02.png using Guid(456c7942bf7e16f4fa2549d810297d9d) Importer(2089858483,b0f066a214c2f5e87bad3c948f4d605d) (ScriptedImporter) -> (artifact id: 'a5e5aed70d1b2deb5f5b4c2e81c439e3') in 0.009599 seconds
Number of updated asset objects reloaded before import = 0Number of asset objects unloaded after import = 3

========================================================================
Received Import Request.
  Time since last request: 0.000019 seconds.
  path: Assets/Images/Sprites/Robot/robot_smoke_getup_04.png
  artifactKey: Guid(90c3db8c3a04bf44aab9ee45c3b832da) Importer(2089858483,b0f066a214c2f5e87bad3c948f4d605d)
Start importing Assets/Images/Sprites/Robot/robot_smoke_getup_04.png using Guid(90c3db8c3a04bf44aab9ee45c3b832da) Importer(2089858483,b0f066a214c2f5e87bad3c948f4d605d) (ScriptedImporter) -> (artifact id: 'ccb6a3d6a6dc874139e66028a2c22ba1') in 0.0096545 seconds
Number of updated asset objects reloaded before import = 0Number of asset objects unloaded after import = 3

========================================================================
Received Import Request.
  Time since last request: 0.000021 seconds.
  path: Assets/Images/Sprites/Robot/robot_belt_getup_00.png
  artifactKey: Guid(69cea90a0886c274584409e9b639905c) Importer(2089858483,b0f066a214c2f5e87bad3c948f4d605d)
Start importing Assets/Images/Sprites/Robot/robot_belt_getup_00.png using Guid(69cea90a0886c274584409e9b639905c) Importer(2089858483,b0f066a214c2f5e87bad3c948f4d605d) (ScriptedImporter) -> (artifact id: '21681758ea29df560f5fb5e64eba8236') in 0.0096412 seconds
Number of updated asset objects reloaded before import = 0Number of asset objects unloaded after import = 3

========================================================================
Received Import Request.
  Time since last request: 0.000018 seconds.
  path: Assets/Images/Sprites/Robot/robot_base_getup_03.png
  artifactKey: Guid(c0a979f9ae1ae104c99b224fec5822d7) Importer(2089858483,b0f066a214c2f5e87bad3c948f4d605d)
Start importing Assets/Images/Sprites/Robot/robot_base_getup_03.png using Guid(c0a979f9ae1ae104c99b224fec5822d7) Importer(2089858483,b0f066a214c2f5e87bad3c948f4d605d) (ScriptedImporter) -> (artifact id: 'a44fc0d92c2e1ea537799c176eaffdd9') in 0.0100924 seconds
Number of updated asset objects reloaded before import = 0Number of asset objects unloaded after import = 3

========================================================================
Received Import Request.
  Time since last request: 0.000022 seconds.
  path: Assets/Images/Sprites/Robot/robot_base_getup_05.png
  artifactKey: Guid(a7162fce937829848abe9305864c1b1e) Importer(2089858483,b0f066a214c2f5e87bad3c948f4d605d)
Start importing Assets/Images/Sprites/Robot/robot_base_getup_05.png using Guid(a7162fce937829848abe9305864c1b1e) Importer(2089858483,b0f066a214c2f5e87bad3c948f4d605d) (ScriptedImporter) -> (artifact id: 'c3e94242e1e517a81617efa3e03de60d') in 0.0093458 seconds
Number of updated asset objects reloaded before import = 0Number of asset objects unloaded after import = 3

========================================================================
Received Import Request.
  Time since last request: 0.000019 seconds.
  path: Assets/Images/Sprites/Robot/robot_belt_walk_04.png
  artifactKey: Guid(a5a27dbdf21f6b3479fc38c583646c8f) Importer(2089858483,b0f066a214c2f5e87bad3c948f4d605d)
Start importing Assets/Images/Sprites/Robot/robot_belt_walk_04.png using Guid(a5a27dbdf21f6b3479fc38c583646c8f) Importer(2089858483,b0f066a214c2f5e87bad3c948f4d605d) (ScriptedImporter) -> (artifact id: 'b0890efefd53671ae646940a90b53b8f') in 0.0120841 seconds
Number of updated asset objects reloaded before import = 0Number of asset objects unloaded after import = 3

========================================================================
Received Import Request.
  Time since last request: 0.000036 seconds.
  path: Assets/Images/Sprites/Robot/robot_base_getup_02.png
  artifactKey: Guid(2ed209c0f2fc6f84a8d4f6da91534757) Importer(2089858483,b0f066a214c2f5e87bad3c948f4d605d)
Start importing Assets/Images/Sprites/Robot/robot_base_getup_02.png using Guid(2ed209c0f2fc6f84a8d4f6da91534757) Importer(2089858483,b0f066a214c2f5e87bad3c948f4d605d) (ScriptedImporter) -> (artifact id: '574d287e18606f7f8e30e7d857bc78eb') in 0.0096727 seconds
Number of updated asset objects reloaded before import = 0Number of asset objects unloaded after import = 3

========================================================================
Received Import Request.
  Time since last request: 0.000018 seconds.
  path: Assets/Images/Sprites/Robot/robot_smoke_knockout_02.png
  artifactKey: Guid(55cd069bc8a159646b388655e2a08d8f) Importer(2089858483,b0f066a214c2f5e87bad3c948f4d605d)
Start importing Assets/Images/Sprites/Robot/robot_smoke_knockout_02.png using Guid(55cd069bc8a159646b388655e2a08d8f) Importer(2089858483,b0f066a214c2f5e87bad3c948f4d605d) (ScriptedImporter) -> (artifact id: '958e35103a67b3cb012809aeb06a154c') in 0.0094662 seconds
Number of updated asset objects reloaded before import = 0Number of asset objects unloaded after import = 3

========================================================================
Received Import Request.
  Time since last request: 0.000026 seconds.
  path: Assets/Images/Sprites/Robot/robot_belt_knockout_04.png
  artifactKey: Guid(a44cf32d14baf324680f2ea6fd465796) Importer(2089858483,b0f066a214c2f5e87bad3c948f4d605d)
Start importing Assets/Images/Sprites/Robot/robot_belt_knockout_04.png using Guid(a44cf32d14baf324680f2ea6fd465796) Importer(2089858483,b0f066a214c2f5e87bad3c948f4d605d) (ScriptedImporter) -> (artifact id: 'c4f68e135c28385fe2158e1f5617fba5') in 0.011033 seconds
Number of updated asset objects reloaded before import = 0Number of asset objects unloaded after import = 3

========================================================================
Received Import Request.
  Time since last request: 0.000026 seconds.
  path: Assets/Images/Sprites/Robot/robot_smoke_hurt_00.png
  artifactKey: Guid(50229c28ff4f84245961e86b145abdf6) Importer(2089858483,b0f066a214c2f5e87bad3c948f4d605d)
Start importing Assets/Images/Sprites/Robot/robot_smoke_hurt_00.png using Guid(50229c28ff4f84245961e86b145abdf6) Importer(2089858483,b0f066a214c2f5e87bad3c948f4d605d) (ScriptedImporter) -> (artifact id: '196d2c3fc41f7d12eae0a2207639c233') in 0.009353 seconds
Number of updated asset objects reloaded before import = 0Number of asset objects unloaded after import = 3

========================================================================
Received Import Request.
  Time since last request: 0.000018 seconds.
  path: Assets/Images/Sprites/Robot/robot_base_hurt_00.png
  artifactKey: Guid(a2ac41eeea0eace43a2b9eaf17b78b17) Importer(2089858483,b0f066a214c2f5e87bad3c948f4d605d)
Start importing Assets/Images/Sprites/Robot/robot_base_hurt_00.png using Guid(a2ac41eeea0eace43a2b9eaf17b78b17) Importer(2089858483,b0f066a214c2f5e87bad3c948f4d605d) (ScriptedImporter) -> (artifact id: '0e6336b9a7dda9df3d8ea337994a5201') in 0.011734 seconds
Number of updated asset objects reloaded before import = 0Number of asset objects unloaded after import = 3

========================================================================
Received Import Request.
  Time since last request: 0.000022 seconds.
  path: Assets/Images/Sprites/Robot/robot_belt_attack_03.png
  artifactKey: Guid(53e92f62511f3f34598b6de0eaa54821) Importer(2089858483,b0f066a214c2f5e87bad3c948f4d605d)
Start importing Assets/Images/Sprites/Robot/robot_belt_attack_03.png using Guid(53e92f62511f3f34598b6de0eaa54821) Importer(2089858483,b0f066a214c2f5e87bad3c948f4d605d) (ScriptedImporter) -> (artifact id: 'c75d512d5227882a86cd06524282fb54') in 0.0163261 seconds
Number of updated asset objects reloaded before import = 0Number of asset objects unloaded after import = 3

========================================================================
Received Import Request.
  Time since last request: 0.000027 seconds.
  path: Assets/Images/Sprites/Hero/hero_getup_01.png
  artifactKey: Guid(a5435a80eba691442b211547f01484cf) Importer(2089858483,b0f066a214c2f5e87bad3c948f4d605d)
Start importing Assets/Images/Sprites/Hero/hero_getup_01.png using Guid(a5435a80eba691442b211547f01484cf) Importer(2089858483,b0f066a214c2f5e87bad3c948f4d605d) (ScriptedImporter) -> (artifact id: '44efa8581a7cfaa37cbd6971fae12019') in 0.0084611 seconds
Number of updated asset objects reloaded before import = 0Number of asset objects unloaded after import = 3

========================================================================
Received Import Request.
  Time since last request: 0.000016 seconds.
  path: Assets/Audio/sfx_herodeath.wav
  artifactKey: Guid(2035f9a843c13b14c90c1ab4f21d2637) Importer(2089858483,b0f066a214c2f5e87bad3c948f4d605d)
Start importing Assets/Audio/sfx_herodeath.wav using Guid(2035f9a843c13b14c90c1ab4f21d2637) Importer(2089858483,b0f066a214c2f5e87bad3c948f4d605d) (ScriptedImporter) -> (artifact id: 'fb77b29e9ffd2d9f3f8b27426593ffca') in 0.0176912 seconds
Number of updated asset objects reloaded before import = 0Number of asset objects unloaded after import = 1

========================================================================
Received Import Request.
  Time since last request: 0.000021 seconds.
  path: Assets/Images/Sprites/Misc/hiteffect_05.png
  artifactKey: Guid(117bc29a1be58e448b716aa53fdad17d) Importer(2089858483,b0f066a214c2f5e87bad3c948f4d605d)
Start importing Assets/Images/Sprites/Misc/hiteffect_05.png using Guid(117bc29a1be58e448b716aa53fdad17d) Importer(2089858483,b0f066a214c2f5e87bad3c948f4d605d) (ScriptedImporter) -> (artifact id: '1157023eef6f9e9e8bdbe08bac87d642') in 0.0089102 seconds
Number of updated asset objects reloaded before import = 0Number of asset objects unloaded after import = 3

========================================================================
Received Import Request.
  Time since last request: 0.000019 seconds.
  path: Assets/MobileDependencyResolver/Editor/1.2.185/Google.VersionHandlerImpl.pdb
  artifactKey: Guid(1e8744605c2b4bc8be277df27a77a368) Importer(2089858483,b0f066a214c2f5e87bad3c948f4d605d)
Start importing Assets/MobileDependencyResolver/Editor/1.2.185/Google.VersionHandlerImpl.pdb using Guid(1e8744605c2b4bc8be277df27a77a368) Importer(2089858483,b0f066a214c2f5e87bad3c948f4d605d) (ScriptedImporter) -> (artifact id: '90e85d8818c8abaacb065584c586b7d5') in 0.0023768 seconds
Number of updated asset objects reloaded before import = 0Number of asset objects unloaded after import = 1

========================================================================
Received Import Request.
  Time since last request: 0.000077 seconds.
  path: Assets/MobileDependencyResolver/Editor/1.2.185/Google.VersionHandlerImpl.dll
  artifactKey: Guid(e2831157d94e4d15998dcb6ad1418057) Importer(2089858483,b0f066a214c2f5e87bad3c948f4d605d)
Start importing Assets/MobileDependencyResolver/Editor/1.2.185/Google.VersionHandlerImpl.dll using Guid(e2831157d94e4d15998dcb6ad1418057) Importer(2089858483,b0f066a214c2f5e87bad3c948f4d605d) (ScriptedImporter) -> (artifact id: '007957816da91f7c4a016d33cb5a7ab7') in 0.0172099 seconds
Number of updated asset objects reloaded before import = 0Number of asset objects unloaded after import = 0

========================================================================
Received Import Request.
  Time since last request: 0.000091 seconds.
  path: Assets/Images/Sprites/Robot/robot_smoke_walk_00.png
  artifactKey: Guid(71a5a8b31743eff44a9ff5ec8bf02a3d) Importer(2089858483,b0f066a214c2f5e87bad3c948f4d605d)
Start importing Assets/Images/Sprites/Robot/robot_smoke_walk_00.png using Guid(71a5a8b31743eff44a9ff5ec8bf02a3d) Importer(2089858483,b0f066a214c2f5e87bad3c948f4d605d) (ScriptedImporter) -> (artifact id: '5542808ec74e6f20fe9d51fb86f4df6e') in 0.0095572 seconds
Number of updated asset objects reloaded before import = 0Number of asset objects unloaded after import = 3

========================================================================
Received Import Request.
  Time since last request: 0.000019 seconds.
  path: Assets/MobileDependencyResolver/Editor/1.2.185/Google.JarResolver.pdb
  artifactKey: Guid(b7140e00752144509139e18bcf3536b6) Importer(2089858483,b0f066a214c2f5e87bad3c948f4d605d)
Start importing Assets/MobileDependencyResolver/Editor/1.2.185/Google.JarResolver.pdb using Guid(b7140e00752144509139e18bcf3536b6) Importer(2089858483,b0f066a214c2f5e87bad3c948f4d605d) (ScriptedImporter) -> (artifact id: '739daf0bb95b331b8e7c5c7a7e99ab5a') in 0.0025993 seconds
Number of updated asset objects reloaded before import = 0Number of asset objects unloaded after import = 1

========================================================================
Received Import Request.
  Time since last request: 0.000045 seconds.
  path: Assets/MobileDependencyResolver/Editor/1.2.185/Google.PackageManagerResolver.pdb
  artifactKey: Guid(fe36d59fa4564be0986ad5ccdace6551) Importer(2089858483,b0f066a214c2f5e87bad3c948f4d605d)
Start importing Assets/MobileDependencyResolver/Editor/1.2.185/Google.PackageManagerResolver.pdb using Guid(fe36d59fa4564be0986ad5ccdace6551) Importer(2089858483,b0f066a214c2f5e87bad3c948f4d605d) (ScriptedImporter) -> (artifact id: '058dab48b7ef39356301ab8748b9e121') in 0.0028586 seconds
Number of updated asset objects reloaded before import = 0Number of asset objects unloaded after import = 1

========================================================================
Received Import Request.
  Time since last request: 0.000056 seconds.
  path: Assets/Images/Sprites/Robot/robot_smoke_walk_03.png
  artifactKey: Guid(ae4975a3ae9f92e429eafc933b3a1297) Importer(2089858483,b0f066a214c2f5e87bad3c948f4d605d)
Start importing Assets/Images/Sprites/Robot/robot_smoke_walk_03.png using Guid(ae4975a3ae9f92e429eafc933b3a1297) Importer(2089858483,b0f066a214c2f5e87bad3c948f4d605d) (ScriptedImporter) -> (artifact id: '89e0b946ee602f3fe5db974083c2c022') in 0.0104284 seconds
Number of updated asset objects reloaded before import = 0Number of asset objects unloaded after import = 3

========================================================================
Received Import Request.
  Time since last request: 0.000057 seconds.
  path: Assets/MobileDependencyResolver/Editor/1.2.185/Google.PackageManagerResolver.dll
  artifactKey: Guid(bf27b3f704244da0af729a6737adb7f1) Importer(2089858483,b0f066a214c2f5e87bad3c948f4d605d)
Start importing Assets/MobileDependencyResolver/Editor/1.2.185/Google.PackageManagerResolver.dll using Guid(bf27b3f704244da0af729a6737adb7f1) Importer(2089858483,b0f066a214c2f5e87bad3c948f4d605d) (ScriptedImporter) -> (artifact id: '2eff1495f61af0d1a460d3f2fd299af6') in 0.0053974 seconds
Number of updated asset objects reloaded before import = 0Number of asset objects unloaded after import = 0

========================================================================
Received Import Request.
  Time since last request: 0.000072 seconds.
  path: Assets/MobileDependencyResolver/Editor/1.2.185/Google.JarResolver.dll
  artifactKey: Guid(459f2b4255ec498caed1c0aeb1bf03a0) Importer(2089858483,b0f066a214c2f5e87bad3c948f4d605d)
Start importing Assets/MobileDependencyResolver/Editor/1.2.185/Google.JarResolver.dll using Guid(459f2b4255ec498caed1c0aeb1bf03a0) Importer(2089858483,b0f066a214c2f5e87bad3c948f4d605d) (ScriptedImporter) -> (artifact id: '249a1b80c0a67b28418f41ee61ad95d0') in 0.0050562 seconds
Number of updated asset objects reloaded before import = 0Number of asset objects unloaded after import = 0

========================================================================
Received Import Request.
  Time since last request: 0.000080 seconds.
  path: Assets/Images/Sprites/Robot/robot_smoke_walk_01.png
  artifactKey: Guid(31e5cd885848199428ea2f9691762c00) Importer(2089858483,b0f066a214c2f5e87bad3c948f4d605d)
Start importing Assets/Images/Sprites/Robot/robot_smoke_walk_01.png using Guid(31e5cd885848199428ea2f9691762c00) Importer(2089858483,b0f066a214c2f5e87bad3c948f4d605d) (ScriptedImporter) -> (artifact id: 'dcf11684155fc4be8c45815b61a9bbbf') in 0.0100083 seconds
Number of updated asset objects reloaded before import = 0Number of asset objects unloaded after import = 3

========================================================================
Received Import Request.
  Time since last request: 0.000018 seconds.
  path: Assets/Animation/Hero/hero_run_anim.anim
  artifactKey: Guid(e41467f2b9170ed46b24d056cdfaf1d3) Importer(2089858483,b0f066a214c2f5e87bad3c948f4d605d)
Start importing Assets/Animation/Hero/hero_run_anim.anim using Guid(e41467f2b9170ed46b24d056cdfaf1d3) Importer(2089858483,b0f066a214c2f5e87bad3c948f4d605d) (ScriptedImporter) -> (artifact id: '1de21c2be0acb8b46ac2d0b023c5675f') in 0.0048779 seconds
Number of updated asset objects reloaded before import = 0Number of asset objects unloaded after import = 1

========================================================================
Received Import Request.
  Time since last request: 0.000048 seconds.
  path: Assets/Images/Sprites/Robot/robot_smoke_knockout_00.png
  artifactKey: Guid(eb75ae88730044c45992d64c35555838) Importer(2089858483,b0f066a214c2f5e87bad3c948f4d605d)
Start importing Assets/Images/Sprites/Robot/robot_smoke_knockout_00.png using Guid(eb75ae88730044c45992d64c35555838) Importer(2089858483,b0f066a214c2f5e87bad3c948f4d605d) (ScriptedImporter) -> (artifact id: 'e683664ce3f60500c8e51cf011e6f2ee') in 0.0096014 seconds
Number of updated asset objects reloaded before import = 0Number of asset objects unloaded after import = 3

========================================================================
Received Import Request.
  Time since last request: 0.000018 seconds.
  path: Assets/Images/Sprites/Powerup/weapon_idle_03.png
  artifactKey: Guid(85a3e071a25d5654ea75340ac32102c9) Importer(2089858483,b0f066a214c2f5e87bad3c948f4d605d)
Start importing Assets/Images/Sprites/Powerup/weapon_idle_03.png using Guid(85a3e071a25d5654ea75340ac32102c9) Importer(2089858483,b0f066a214c2f5e87bad3c948f4d605d) (ScriptedImporter) -> (artifact id: '887f4a7ee0853d07fc7682286b8f23f8') in 0.0187774 seconds
Number of updated asset objects reloaded before import = 0Number of asset objects unloaded after import = 3

========================================================================
Received Import Request.
  Time since last request: 0.000018 seconds.
  path: Assets/Animation/Hero/hero_attack1_anim_powerup.anim
  artifactKey: Guid(e427fc3975a9a4accb69ade2944be4f2) Importer(2089858483,b0f066a214c2f5e87bad3c948f4d605d)
Start importing Assets/Animation/Hero/hero_attack1_anim_powerup.anim using Guid(e427fc3975a9a4accb69ade2944be4f2) Importer(2089858483,b0f066a214c2f5e87bad3c948f4d605d) (ScriptedImporter) -> (artifact id: '6f4dda888c9ba7879c1ead816f20b6e4') in 0.0049721 seconds
Number of updated asset objects reloaded before import = 0Number of asset objects unloaded after import = 1

========================================================================
Received Import Request.
  Time since last request: 0.000054 seconds.
  path: Assets/Images/Sprites/Hero/hero_runattack_01.png
  artifactKey: Guid(e36b1e9bc01dd4e499883af565180496) Importer(2089858483,b0f066a214c2f5e87bad3c948f4d605d)
Start importing Assets/Images/Sprites/Hero/hero_runattack_01.png using Guid(e36b1e9bc01dd4e499883af565180496) Importer(2089858483,b0f066a214c2f5e87bad3c948f4d605d) (ScriptedImporter) -> (artifact id: '44d07c2bdc2dbea22da098e9cdeb5d0b') in 0.0155638 seconds
Number of updated asset objects reloaded before import = 0Number of asset objects unloaded after import = 3

========================================================================
Received Import Request.
  Time since last request: 16.585196 seconds.
  path: Assets/King of Overbrawl
  artifactKey: Guid(36359128186f3ac40ba8e8c7a2e8588c) Importer(815301076,1909f56bfc062723c751e8b465ee728b)
Start importing Assets/King of Overbrawl using Guid(36359128186f3ac40ba8e8c7a2e8588c) Importer(815301076,1909f56bfc062723c751e8b465ee728b) (PreviewImporter) -> (artifact id: 'ce6959eaa21d8a8c5976483b9f2b6959') in 0.0007684 seconds
Number of updated asset objects reloaded before import = 0Number of asset objects unloaded after import = 0

========================================================================
Received Import Request.
  Time since last request: 0.958134 seconds.
  path: Assets/King of Overbrawl
  artifactKey: Guid(36359128186f3ac40ba8e8c7a2e8588c) Importer(2089858483,b0f066a214c2f5e87bad3c948f4d605d)
Start importing Assets/King of Overbrawl using Guid(36359128186f3ac40ba8e8c7a2e8588c) Importer(2089858483,b0f066a214c2f5e87bad3c948f4d605d) (ScriptedImporter) -> (artifact id: '71f56e6fc5626413c74b750931d58861') in 0.0038031 seconds
Number of updated asset objects reloaded before import = 0Number of asset objects unloaded after import = 1

========================================================================
Received Import Request.
  Time since last request: 45.957871 seconds.
  path: Assets/King of Overbrawl/KING OF OVERBRAWL/GOOD/VALKRO/PURPLE/sequence images-1/die/p_00019.png
  artifactKey: Guid(38e1e72b2ceb09e49a1e014c9b31fe73) Importer(2089858483,b0f066a214c2f5e87bad3c948f4d605d)
Start importing Assets/King of Overbrawl/KING OF OVERBRAWL/GOOD/VALKRO/PURPLE/sequence images-1/die/p_00019.png using Guid(38e1e72b2ceb09e49a1e014c9b31fe73) Importer(2089858483,b0f066a214c2f5e87bad3c948f4d605d) (ScriptedImporter) -> (artifact id: 'd860415accab3f4b6b5ea015b57ddf93') in 0.0104664 seconds
Number of updated asset objects reloaded before import = 0Number of asset objects unloaded after import = 3

========================================================================
Received Import Request.
  Time since last request: 0.000024 seconds.
  path: Assets/King of Overbrawl/KING OF OVERBRAWL/BGBOKO/Episode 1/1-4.png
  artifactKey: Guid(20ebbe8a40330c643ba42cfa384b12db) Importer(2089858483,b0f066a214c2f5e87bad3c948f4d605d)
Start importing Assets/King of Overbrawl/KING OF OVERBRAWL/BGBOKO/Episode 1/1-4.png using Guid(20ebbe8a40330c643ba42cfa384b12db) Importer(2089858483,b0f066a214c2f5e87bad3c948f4d605d) (ScriptedImporter) -> (artifact id: '11a88681434ca2306c4617422745471c') in 0.0119447 seconds
Number of updated asset objects reloaded before import = 0Number of asset objects unloaded after import = 3

========================================================================
Received Import Request.
  Time since last request: 0.000026 seconds.
  path: Assets/King of Overbrawl/KING OF OVERBRAWL/GOOD/VALKRO/PINK/sequence images/idle/idle_00001.png
  artifactKey: Guid(0cdbc7d7e11b94747a3298fde0dc7404) Importer(2089858483,b0f066a214c2f5e87bad3c948f4d605d)
Start importing Assets/King of Overbrawl/KING OF OVERBRAWL/GOOD/VALKRO/PINK/sequence images/idle/idle_00001.png using Guid(0cdbc7d7e11b94747a3298fde0dc7404) Importer(2089858483,b0f066a214c2f5e87bad3c948f4d605d) (ScriptedImporter) -> (artifact id: '42d3c5b262ce754876dd34185eab8f0c') in 0.0099387 seconds
Number of updated asset objects reloaded before import = 0Number of asset objects unloaded after import = 3

========================================================================
Received Import Request.
  Time since last request: 0.000044 seconds.
  path: Assets/King of Overbrawl/KING OF OVERBRAWL/GOOD/VALKRO/PURPLE/sequence images-1/walk/p_00012.png
  artifactKey: Guid(592e319c6a08763419b6512d877fb1c8) Importer(2089858483,b0f066a214c2f5e87bad3c948f4d605d)
Start importing Assets/King of Overbrawl/KING OF OVERBRAWL/GOOD/VALKRO/PURPLE/sequence images-1/walk/p_00012.png using Guid(592e319c6a08763419b6512d877fb1c8) Importer(2089858483,b0f066a214c2f5e87bad3c948f4d605d) (ScriptedImporter) -> (artifact id: 'e730d8f79fab0e01bf9c2025e366ee3c') in 0.0119991 seconds
Number of updated asset objects reloaded before import = 0Number of asset objects unloaded after import = 3

========================================================================
Received Import Request.
  Time since last request: 0.000017 seconds.
  path: Assets/King of Overbrawl/KING OF OVERBRAWL/GOOD/VALKRO/PURPLE/sequence images-1/attack/p_00001.png
  artifactKey: Guid(4d1d76c0eb523084e825fc8c8cc31db3) Importer(2089858483,b0f066a214c2f5e87bad3c948f4d605d)
Start importing Assets/King of Overbrawl/KING OF OVERBRAWL/GOOD/VALKRO/PURPLE/sequence images-1/attack/p_00001.png using Guid(4d1d76c0eb523084e825fc8c8cc31db3) Importer(2089858483,b0f066a214c2f5e87bad3c948f4d605d) (ScriptedImporter) -> (artifact id: '3734abf00020c1a6d5d547b09c255ef7') in 0.0192395 seconds
Number of updated asset objects reloaded before import = 0Number of asset objects unloaded after import = 3

========================================================================
Received Import Request.
  Time since last request: 0.000023 seconds.
  path: Assets/King of Overbrawl/KING OF OVERBRAWL/BGBOKO/Episode 1
  artifactKey: Guid(ed7d22c9a7b8f5145b05559bbf067e41) Importer(2089858483,b0f066a214c2f5e87bad3c948f4d605d)
Start importing Assets/King of Overbrawl/KING OF OVERBRAWL/BGBOKO/Episode 1 using Guid(ed7d22c9a7b8f5145b05559bbf067e41) Importer(2089858483,b0f066a214c2f5e87bad3c948f4d605d) (ScriptedImporter) -> (artifact id: '8b6c212f39344dd89654fbe6f82c5039') in 0.003284 seconds
Number of updated asset objects reloaded before import = 0Number of asset objects unloaded after import = 1

========================================================================
Received Import Request.
  Time since last request: 0.000163 seconds.
  path: Assets/King of Overbrawl/KING OF OVERBRAWL/GOOD/VALKRO/PINK/sequence images/attack/attack_00011.png
  artifactKey: Guid(5add3cee96242d4488dee78ac868ec53) Importer(2089858483,b0f066a214c2f5e87bad3c948f4d605d)
Start importing Assets/King of Overbrawl/KING OF OVERBRAWL/GOOD/VALKRO/PINK/sequence images/attack/attack_00011.png using Guid(5add3cee96242d4488dee78ac868ec53) Importer(2089858483,b0f066a214c2f5e87bad3c948f4d605d) (ScriptedImporter) -> (artifact id: '4024362adc7d7d1ec9ac27c5cbd29a70') in 0.0109916 seconds
Number of updated asset objects reloaded before import = 0Number of asset objects unloaded after import = 3

========================================================================
Received Import Request.
  Time since last request: 0.000033 seconds.
  path: Assets/King of Overbrawl/KING OF OVERBRAWL/Temp/UnityLockfile
  artifactKey: Guid(91ef108e68402cf4aa9a4d9d3b2496d2) Importer(2089858483,b0f066a214c2f5e87bad3c948f4d605d)
Start importing Assets/King of Overbrawl/KING OF OVERBRAWL/Temp/UnityLockfile using Guid(91ef108e68402cf4aa9a4d9d3b2496d2) Importer(2089858483,b0f066a214c2f5e87bad3c948f4d605d) (ScriptedImporter) -> (artifact id: 'e0ec9f59ea5ac997d8816a566011656b') in 0.0030309 seconds
Number of updated asset objects reloaded before import = 0Number of asset objects unloaded after import = 1

========================================================================
Received Import Request.
  Time since last request: 0.000072 seconds.
  path: Assets/King of Overbrawl/KING OF OVERBRAWL/GOOD/VALKRO/PINK/sequence images/idle
  artifactKey: Guid(26d37d21254eb75478449096d43a9966) Importer(2089858483,b0f066a214c2f5e87bad3c948f4d605d)
Start importing Assets/King of Overbrawl/KING OF OVERBRAWL/GOOD/VALKRO/PINK/sequence images/idle using Guid(26d37d21254eb75478449096d43a9966) Importer(2089858483,b0f066a214c2f5e87bad3c948f4d605d) (ScriptedImporter) -> (artifact id: '027b849923bd8b0370761303db50200c') in 0.0024451 seconds
Number of updated asset objects reloaded before import = 0Number of asset objects unloaded after import = 1

========================================================================
Received Import Request.
  Time since last request: 0.000117 seconds.
  path: Assets/King of Overbrawl/KING OF OVERBRAWL/BAD/BLUE WOLF/werewolf_walk.png
  artifactKey: Guid(0b7bd1cb29faeb9449466a7d1ae72581) Importer(2089858483,b0f066a214c2f5e87bad3c948f4d605d)
Start importing Assets/King of Overbrawl/KING OF OVERBRAWL/BAD/BLUE WOLF/werewolf_walk.png using Guid(0b7bd1cb29faeb9449466a7d1ae72581) Importer(2089858483,b0f066a214c2f5e87bad3c948f4d605d) (ScriptedImporter) -> (artifact id: '5a7cf4922a426706b53cc270600f531f') in 0.0420277 seconds
Number of updated asset objects reloaded before import = 0Number of asset objects unloaded after import = 23

========================================================================
Received Import Request.
  Time since last request: 0.000027 seconds.
  path: Assets/King of Overbrawl/KING OF OVERBRAWL/GOOD/VALKRO/PINK/sequence images/attack/attack_00021.png
  artifactKey: Guid(644d821572d14ea40aaf8ead84282b12) Importer(2089858483,b0f066a214c2f5e87bad3c948f4d605d)
Start importing Assets/King of Overbrawl/KING OF OVERBRAWL/GOOD/VALKRO/PINK/sequence images/attack/attack_00021.png using Guid(644d821572d14ea40aaf8ead84282b12) Importer(2089858483,b0f066a214c2f5e87bad3c948f4d605d) (ScriptedImporter) -> (artifact id: '486fc0b1de8212c420ff50f59b0c2fcc') in 0.0192789 seconds
Number of updated asset objects reloaded before import = 0Number of asset objects unloaded after import = 3

========================================================================
Received Import Request.
  Time since last request: 0.000048 seconds.
  path: Assets/King of Overbrawl/KING OF OVERBRAWL/GOOD/VALKRO/PINK/sequence images/die/die_00021.png
  artifactKey: Guid(6b901ee7e44ed454d8290bc4fc4646fa) Importer(2089858483,b0f066a214c2f5e87bad3c948f4d605d)
Start importing Assets/King of Overbrawl/KING OF OVERBRAWL/GOOD/VALKRO/PINK/sequence images/die/die_00021.png using Guid(6b901ee7e44ed454d8290bc4fc4646fa) Importer(2089858483,b0f066a214c2f5e87bad3c948f4d605d) (ScriptedImporter) -> (artifact id: '52c0a0baa34322ce9d62e8543e1e072b') in 0.0109099 seconds
Number of updated asset objects reloaded before import = 0Number of asset objects unloaded after import = 3

========================================================================
Received Import Request.
  Time since last request: 0.000034 seconds.
  path: Assets/King of Overbrawl/KING OF OVERBRAWL/GOOD/VALKRO/PINK/sequence images/attack/attack_00004.png
  artifactKey: Guid(74efe695c9d7ff64484aab09538d49f3) Importer(2089858483,b0f066a214c2f5e87bad3c948f4d605d)
Start importing Assets/King of Overbrawl/KING OF OVERBRAWL/GOOD/VALKRO/PINK/sequence images/attack/attack_00004.png using Guid(74efe695c9d7ff64484aab09538d49f3) Importer(2089858483,b0f066a214c2f5e87bad3c948f4d605d) (ScriptedImporter) -> (artifact id: '7fede2655a3abef9d031fa69832e6b97') in 0.0123235 seconds
Number of updated asset objects reloaded before import = 0Number of asset objects unloaded after import = 3

========================================================================
Received Import Request.
  Time since last request: 0.000032 seconds.
  path: Assets/King of Overbrawl/KING OF OVERBRAWL/GOOD/BOKO/BOKO BASIC/character.psd
  artifactKey: Guid(0d3835bb8d12c184fabe78e8be678cb3) Importer(2089858483,b0f066a214c2f5e87bad3c948f4d605d)
Start importing Assets/King of Overbrawl/KING OF OVERBRAWL/GOOD/BOKO/BOKO BASIC/character.psd using Guid(0d3835bb8d12c184fabe78e8be678cb3) Importer(2089858483,b0f066a214c2f5e87bad3c948f4d605d) (ScriptedImporter) -> (artifact id: 'eec62a671e001942f347abbf6b2e0476') in 0.0091777 seconds
Number of updated asset objects reloaded before import = 0Number of asset objects unloaded after import = 3

========================================================================
Received Import Request.
  Time since last request: 0.000024 seconds.
  path: Assets/King of Overbrawl/KING OF OVERBRAWL/GOOD/VALKRO/PINK/sequence images/attack/attack_00016.png
  artifactKey: Guid(45ba3918bf942154e81c4399fc5a1e14) Importer(2089858483,b0f066a214c2f5e87bad3c948f4d605d)
Start importing Assets/King of Overbrawl/KING OF OVERBRAWL/GOOD/VALKRO/PINK/sequence images/attack/attack_00016.png using Guid(45ba3918bf942154e81c4399fc5a1e14) Importer(2089858483,b0f066a214c2f5e87bad3c948f4d605d) (ScriptedImporter) -> (artifact id: '1c25ee31d80b5838cc04700b74cd0cd3') in 0.0096893 seconds
Number of updated asset objects reloaded before import = 0Number of asset objects unloaded after import = 3

========================================================================
Received Import Request.
  Time since last request: 0.000030 seconds.
  path: Assets/King of Overbrawl/Artwork/Environment/Material
  artifactKey: Guid(65a2e56b09032654db58aeac74e1cca5) Importer(2089858483,b0f066a214c2f5e87bad3c948f4d605d)
Start importing Assets/King of Overbrawl/Artwork/Environment/Material using Guid(65a2e56b09032654db58aeac74e1cca5) Importer(2089858483,b0f066a214c2f5e87bad3c948f4d605d) (ScriptedImporter) -> (artifact id: 'ac074bf9d9d0917565a7ddac7b83c494') in 0.0024611 seconds
Number of updated asset objects reloaded before import = 0Number of asset objects unloaded after import = 1

========================================================================
Received Import Request.
  Time since last request: 0.000048 seconds.
  path: Assets/King of Overbrawl/KING OF OVERBRAWL/BGBOKO/5D.png
  artifactKey: Guid(a122e30a03edeb744a41add2525641e9) Importer(2089858483,b0f066a214c2f5e87bad3c948f4d605d)
Start importing Assets/King of Overbrawl/KING OF OVERBRAWL/BGBOKO/5D.png using Guid(a122e30a03edeb744a41add2525641e9) Importer(2089858483,b0f066a214c2f5e87bad3c948f4d605d) (ScriptedImporter) -> (artifact id: '8be9d0c45d5ddf80972196bbd0c9e610') in 0.0228291 seconds
Number of updated asset objects reloaded before import = 0Number of asset objects unloaded after import = 3

========================================================================
Received Import Request.
  Time since last request: 0.000031 seconds.
  path: Assets/King of Overbrawl/KING OF OVERBRAWL/GOOD/VALKRO/PINK/sequence images/walk/walk_00005.png
  artifactKey: Guid(21ff2992f4175324e84c37b1430af905) Importer(2089858483,b0f066a214c2f5e87bad3c948f4d605d)
Start importing Assets/King of Overbrawl/KING OF OVERBRAWL/GOOD/VALKRO/PINK/sequence images/walk/walk_00005.png using Guid(21ff2992f4175324e84c37b1430af905) Importer(2089858483,b0f066a214c2f5e87bad3c948f4d605d) (ScriptedImporter) -> (artifact id: 'f0d694d0df6fd5de3e9897f04633910d') in 0.0128838 seconds
Number of updated asset objects reloaded before import = 0Number of asset objects unloaded after import = 3

========================================================================
Received Import Request.
  Time since last request: 0.000029 seconds.
  path: Assets/King of Overbrawl/KING OF OVERBRAWL/BGBOKO/Episode 7
  artifactKey: Guid(081751d904212224ca5094ff7d997ad4) Importer(2089858483,b0f066a214c2f5e87bad3c948f4d605d)
Start importing Assets/King of Overbrawl/KING OF OVERBRAWL/BGBOKO/Episode 7 using Guid(081751d904212224ca5094ff7d997ad4) Importer(2089858483,b0f066a214c2f5e87bad3c948f4d605d) (ScriptedImporter) -> (artifact id: '37f266d6d92b24eb17b886bef919ebbc') in 0.0026647 seconds
Number of updated asset objects reloaded before import = 0Number of asset objects unloaded after import = 1

========================================================================
Received Import Request.
  Time since last request: 0.000089 seconds.
  path: Assets/King of Overbrawl/KING OF OVERBRAWL/GOOD/VALKRO/PINK/sequence images/die/die_00005.png
  artifactKey: Guid(f873a4cebbd489541872211832c0640c) Importer(2089858483,b0f066a214c2f5e87bad3c948f4d605d)
Start importing Assets/King of Overbrawl/KING OF OVERBRAWL/GOOD/VALKRO/PINK/sequence images/die/die_00005.png using Guid(f873a4cebbd489541872211832c0640c) Importer(2089858483,b0f066a214c2f5e87bad3c948f4d605d) (ScriptedImporter) -> (artifact id: 'd57a7e85bb73514eedbf1f28f8f5e32d') in 0.0144337 seconds
Number of updated asset objects reloaded before import = 0Number of asset objects unloaded after import = 3

========================================================================
Received Import Request.
  Time since last request: 0.000025 seconds.
  path: Assets/King of Overbrawl/KING OF OVERBRAWL/GOOD/VALKRO/PURPLE/sequence images-1/idle/p_00023.png
  artifactKey: Guid(07da3e1888f0f084da3733d7798bd8e8) Importer(2089858483,b0f066a214c2f5e87bad3c948f4d605d)
Start importing Assets/King of Overbrawl/KING OF OVERBRAWL/GOOD/VALKRO/PURPLE/sequence images-1/idle/p_00023.png using Guid(07da3e1888f0f084da3733d7798bd8e8) Importer(2089858483,b0f066a214c2f5e87bad3c948f4d605d) (ScriptedImporter) -> (artifact id: 'dcb0a63e9c36365d71719934753251d8') in 0.009749 seconds
Number of updated asset objects reloaded before import = 0Number of asset objects unloaded after import = 3

========================================================================
Received Import Request.
  Time since last request: 0.000026 seconds.
  path: Assets/King of Overbrawl/KING OF OVERBRAWL/BGBOKO/Round9-2.png
  artifactKey: Guid(ad63799726a9a12499d2a3d45f21e217) Importer(2089858483,b0f066a214c2f5e87bad3c948f4d605d)
Start importing Assets/King of Overbrawl/KING OF OVERBRAWL/BGBOKO/Round9-2.png using Guid(ad63799726a9a12499d2a3d45f21e217) Importer(2089858483,b0f066a214c2f5e87bad3c948f4d605d) (ScriptedImporter) -> (artifact id: '225aa8ad9b04d0894f309cf9a1974498') in 0.0139988 seconds
Number of updated asset objects reloaded before import = 0Number of asset objects unloaded after import = 3

========================================================================
Received Import Request.
  Time since last request: 0.000028 seconds.
  path: Assets/King of Overbrawl/KING OF OVERBRAWL/GOOD/VALKRO/PINK/sequence images/die/die_00006.png
  artifactKey: Guid(c51ff6c366739fb4ea48f0f3bde854b1) Importer(2089858483,b0f066a214c2f5e87bad3c948f4d605d)
Start importing Assets/King of Overbrawl/KING OF OVERBRAWL/GOOD/VALKRO/PINK/sequence images/die/die_00006.png using Guid(c51ff6c366739fb4ea48f0f3bde854b1) Importer(2089858483,b0f066a214c2f5e87bad3c948f4d605d) (ScriptedImporter) -> (artifact id: '0b7c5dc5e79a62da32a3f9b075967c27') in 0.0104278 seconds
Number of updated asset objects reloaded before import = 0Number of asset objects unloaded after import = 3

========================================================================
Received Import Request.
  Time since last request: 0.000025 seconds.
  path: Assets/King of Overbrawl/KING OF OVERBRAWL/GOOD/VALKRO/PURPLE/sequence images-1/idle/p_00024.png
  artifactKey: Guid(cc2d0bd144d7fb24cb481ff3f2bc4bd2) Importer(2089858483,b0f066a214c2f5e87bad3c948f4d605d)
Start importing Assets/King of Overbrawl/KING OF OVERBRAWL/GOOD/VALKRO/PURPLE/sequence images-1/idle/p_00024.png using Guid(cc2d0bd144d7fb24cb481ff3f2bc4bd2) Importer(2089858483,b0f066a214c2f5e87bad3c948f4d605d) (ScriptedImporter) -> (artifact id: 'e25baad76a52810bd1886cf325661bf2') in 0.0098664 seconds
Number of updated asset objects reloaded before import = 0Number of asset objects unloaded after import = 3

========================================================================
Received Import Request.
  Time since last request: 0.000037 seconds.
  path: Assets/King of Overbrawl/KING OF OVERBRAWL/GOOD/VALKRO/PURPLE/sequence images-1/walk/p_00024.png
  artifactKey: Guid(6e43bd0aaccfcaf43832abdccfbee177) Importer(2089858483,b0f066a214c2f5e87bad3c948f4d605d)
Start importing Assets/King of Overbrawl/KING OF OVERBRAWL/GOOD/VALKRO/PURPLE/sequence images-1/walk/p_00024.png using Guid(6e43bd0aaccfcaf43832abdccfbee177) Importer(2089858483,b0f066a214c2f5e87bad3c948f4d605d) (ScriptedImporter) -> (artifact id: '7789c727a29ba9a162b153e23b8cf248') in 0.0139429 seconds
Number of updated asset objects reloaded before import = 0Number of asset objects unloaded after import = 3

========================================================================
Received Import Request.
  Time since last request: 0.000019 seconds.
  path: Assets/King of Overbrawl/KING OF OVERBRAWL/GOOD/VALKRO/PINK/sequence images/die
  artifactKey: Guid(0f492c465f1272a4faae01310eb5357b) Importer(2089858483,b0f066a214c2f5e87bad3c948f4d605d)
Start importing Assets/King of Overbrawl/KING OF OVERBRAWL/GOOD/VALKRO/PINK/sequence images/die using Guid(0f492c465f1272a4faae01310eb5357b) Importer(2089858483,b0f066a214c2f5e87bad3c948f4d605d) (ScriptedImporter) -> (artifact id: '7a6e3a83c128c1a65cab146a5ebb00fd') in 0.003106 seconds
Number of updated asset objects reloaded before import = 0Number of asset objects unloaded after import = 1

========================================================================
Received Import Request.
  Time since last request: 0.000033 seconds.
  path: Assets/King of Overbrawl/KING OF OVERBRAWL/BAD/GOBLIN 2 FIREBALL/animations/goblin2_attack.png
  artifactKey: Guid(3e4ad7c91c5a2ac43bd63e24292f49f4) Importer(2089858483,b0f066a214c2f5e87bad3c948f4d605d)
Start importing Assets/King of Overbrawl/KING OF OVERBRAWL/BAD/GOBLIN 2 FIREBALL/animations/goblin2_attack.png using Guid(3e4ad7c91c5a2ac43bd63e24292f49f4) Importer(2089858483,b0f066a214c2f5e87bad3c948f4d605d) (ScriptedImporter) -> (artifact id: 'e504a295217291bd27cb4c3d26330e27') in 0.0639548 seconds
Number of updated asset objects reloaded before import = 0Number of asset objects unloaded after import = 32

========================================================================
Received Import Request.
  Time since last request: 0.000028 seconds.
  path: Assets/King of Overbrawl/KING OF OVERBRAWL/GOOD/VALKRO/PURPLE/sequence images-1/walk/p_00023.png
  artifactKey: Guid(298454b8fd2b4814bb0189e652e8f332) Importer(2089858483,b0f066a214c2f5e87bad3c948f4d605d)
Start importing Assets/King of Overbrawl/KING OF OVERBRAWL/GOOD/VALKRO/PURPLE/sequence images-1/walk/p_00023.png using Guid(298454b8fd2b4814bb0189e652e8f332) Importer(2089858483,b0f066a214c2f5e87bad3c948f4d605d) (ScriptedImporter) -> (artifact id: '8fc84f75e2a21d4a4cffa6ec139c6b0b') in 0.0108871 seconds
Number of updated asset objects reloaded before import = 0Number of asset objects unloaded after import = 3

========================================================================
Received Import Request.
  Time since last request: 0.000024 seconds.
  path: Assets/King of Overbrawl/KING OF OVERBRAWL/GOOD/VALKRO/PURPLE/sequence images-1/walk/p_00002.png
  artifactKey: Guid(d02ddf3efe84ada44b9c864021f1609e) Importer(2089858483,b0f066a214c2f5e87bad3c948f4d605d)
Start importing Assets/King of Overbrawl/KING OF OVERBRAWL/GOOD/VALKRO/PURPLE/sequence images-1/walk/p_00002.png using Guid(d02ddf3efe84ada44b9c864021f1609e) Importer(2089858483,b0f066a214c2f5e87bad3c948f4d605d) (ScriptedImporter) -> (artifact id: 'e6799c18f47bda00f2e188985d254301') in 0.0175884 seconds
Number of updated asset objects reloaded before import = 0Number of asset objects unloaded after import = 3

========================================================================
Received Import Request.
  Time since last request: 0.000024 seconds.
  path: Assets/King of Overbrawl/KING OF OVERBRAWL/GOOD/VALKRO/PINK/sequence images/attack/attack_00015.png
  artifactKey: Guid(c5eb36d8263eb1143a4c8d498d0bf5f6) Importer(2089858483,b0f066a214c2f5e87bad3c948f4d605d)
Start importing Assets/King of Overbrawl/KING OF OVERBRAWL/GOOD/VALKRO/PINK/sequence images/attack/attack_00015.png using Guid(c5eb36d8263eb1143a4c8d498d0bf5f6) Importer(2089858483,b0f066a214c2f5e87bad3c948f4d605d) (ScriptedImporter) -> (artifact id: '2d224c59ea153f6e47be4132e01da991') in 0.0116798 seconds
Number of updated asset objects reloaded before import = 0Number of asset objects unloaded after import = 3

========================================================================
Received Import Request.
  Time since last request: 0.000035 seconds.
  path: Assets/King of Overbrawl/KING OF OVERBRAWL/GOOD/VALKRO/PINK/sequence images/walk/walk_00011.png
  artifactKey: Guid(65f2a068b62a4a243a47dc078110cd7a) Importer(2089858483,b0f066a214c2f5e87bad3c948f4d605d)
Start importing Assets/King of Overbrawl/KING OF OVERBRAWL/GOOD/VALKRO/PINK/sequence images/walk/walk_00011.png using Guid(65f2a068b62a4a243a47dc078110cd7a) Importer(2089858483,b0f066a214c2f5e87bad3c948f4d605d) (ScriptedImporter) -> (artifact id: '7326fa8bbbeea74b1056e290b1b12c2a') in 0.0126291 seconds
Number of updated asset objects reloaded before import = 0Number of asset objects unloaded after import = 3

========================================================================
Received Import Request.
  Time since last request: 0.000029 seconds.
  path: Assets/King of Overbrawl/KING OF OVERBRAWL/GOOD/VALKRO/PURPLE/sequence images-1/attack/p_00021.png
  artifactKey: Guid(422fb27ff2aea0341ad7a188022875ec) Importer(2089858483,b0f066a214c2f5e87bad3c948f4d605d)
Start importing Assets/King of Overbrawl/KING OF OVERBRAWL/GOOD/VALKRO/PURPLE/sequence images-1/attack/p_00021.png using Guid(422fb27ff2aea0341ad7a188022875ec) Importer(2089858483,b0f066a214c2f5e87bad3c948f4d605d) (ScriptedImporter) -> (artifact id: '6ce37cb0eaf4351308b58090298b167d') in 0.0097262 seconds
Number of updated asset objects reloaded before import = 0Number of asset objects unloaded after import = 3

========================================================================
Received Import Request.
  Time since last request: 0.000018 seconds.
  path: Assets/King of Overbrawl/KING OF OVERBRAWL/BAD/GOBLIN 2 FIREBALL/animations/goblin2_idle.png
  artifactKey: Guid(167226a18dbbb4b4dae13a915e35ca62) Importer(2089858483,b0f066a214c2f5e87bad3c948f4d605d)
Start importing Assets/King of Overbrawl/KING OF OVERBRAWL/BAD/GOBLIN 2 FIREBALL/animations/goblin2_idle.png using Guid(167226a18dbbb4b4dae13a915e35ca62) Importer(2089858483,b0f066a214c2f5e87bad3c948f4d605d) (ScriptedImporter) -> (artifact id: '4026eed3881c669d5c83f185778fe64e') in 0.056655 seconds
Number of updated asset objects reloaded before import = 0Number of asset objects unloaded after import = 26

========================================================================
Received Import Request.
  Time since last request: 0.000029 seconds.
  path: Assets/King of Overbrawl/KING OF OVERBRAWL/GOOD/VALKRO/PINK/sequence images/attack/attack_00005.png
  artifactKey: Guid(ae124f28c16d8044db26bcc6793f329c) Importer(2089858483,b0f066a214c2f5e87bad3c948f4d605d)
Start importing Assets/King of Overbrawl/KING OF OVERBRAWL/GOOD/VALKRO/PINK/sequence images/attack/attack_00005.png using Guid(ae124f28c16d8044db26bcc6793f329c) Importer(2089858483,b0f066a214c2f5e87bad3c948f4d605d) (ScriptedImporter) -> (artifact id: 'af41ba9928d7bf712a1f8db3e0fd2866') in 0.0111643 seconds
Number of updated asset objects reloaded before import = 0Number of asset objects unloaded after import = 3

========================================================================
Received Import Request.
  Time since last request: 0.000024 seconds.
  path: Assets/King of Overbrawl/KING OF OVERBRAWL/GOOD/VALKRO/PURPLE/sequence images-1/attack/p_00006.png
  artifactKey: Guid(131cb6481c1852f428f9e277f28199aa) Importer(2089858483,b0f066a214c2f5e87bad3c948f4d605d)
Start importing Assets/King of Overbrawl/KING OF OVERBRAWL/GOOD/VALKRO/PURPLE/sequence images-1/attack/p_00006.png using Guid(131cb6481c1852f428f9e277f28199aa) Importer(2089858483,b0f066a214c2f5e87bad3c948f4d605d) (ScriptedImporter) -> (artifact id: '63cac4040eb259488f7bce7442e258d0') in 0.0115267 seconds
Number of updated asset objects reloaded before import = 0Number of asset objects unloaded after import = 3

========================================================================
Received Import Request.
  Time since last request: 0.000033 seconds.
  path: Assets/King of Overbrawl/KING OF OVERBRAWL/GOOD/VALKRO/PURPLE/sequence images-1/walk/p_00009.png
  artifactKey: Guid(f6ccac13d484bad45a99fb29289b95d9) Importer(2089858483,b0f066a214c2f5e87bad3c948f4d605d)
Start importing Assets/King of Overbrawl/KING OF OVERBRAWL/GOOD/VALKRO/PURPLE/sequence images-1/walk/p_00009.png using Guid(f6ccac13d484bad45a99fb29289b95d9) Importer(2089858483,b0f066a214c2f5e87bad3c948f4d605d) (ScriptedImporter) -> (artifact id: 'a200f187b2cf2c5a54d458c2f993e779') in 0.0103943 seconds
Number of updated asset objects reloaded before import = 0Number of asset objects unloaded after import = 3

========================================================================
Received Import Request.
  Time since last request: 0.000017 seconds.
  path: Assets/King of Overbrawl/KING OF OVERBRAWL/GOOD
  artifactKey: Guid(06dd45a7365bcee4eb1da03d280ce7ee) Importer(2089858483,b0f066a214c2f5e87bad3c948f4d605d)
Start importing Assets/King of Overbrawl/KING OF OVERBRAWL/GOOD using Guid(06dd45a7365bcee4eb1da03d280ce7ee) Importer(2089858483,b0f066a214c2f5e87bad3c948f4d605d) (ScriptedImporter) -> (artifact id: '698fe5754db1a794afb8a8c757bf4677') in 0.0029806 seconds
Number of updated asset objects reloaded before import = 0Number of asset objects unloaded after import = 1

========================================================================
Received Import Request.
  Time since last request: 0.000032 seconds.
  path: Assets/King of Overbrawl/KING OF OVERBRAWL/GOOD/VALKRO/PINK/sequence images/idle/idle_00004.png
  artifactKey: Guid(99dd21b6b2369ea42a1ead91f24fc558) Importer(2089858483,b0f066a214c2f5e87bad3c948f4d605d)
Start importing Assets/King of Overbrawl/KING OF OVERBRAWL/GOOD/VALKRO/PINK/sequence images/idle/idle_00004.png using Guid(99dd21b6b2369ea42a1ead91f24fc558) Importer(2089858483,b0f066a214c2f5e87bad3c948f4d605d) (ScriptedImporter) -> (artifact id: '02c5e50715cf74f7560f7bfa548668f0') in 0.0088788 seconds
Number of updated asset objects reloaded before import = 0Number of asset objects unloaded after import = 3

========================================================================
Received Import Request.
  Time since last request: 0.000028 seconds.
  path: Assets/King of Overbrawl/KING OF OVERBRAWL/BGBOKO/bg2.png
  artifactKey: Guid(1249e747756b04b4fbc4cc482e21d22c) Importer(2089858483,b0f066a214c2f5e87bad3c948f4d605d)
Start importing Assets/King of Overbrawl/KING OF OVERBRAWL/BGBOKO/bg2.png using Guid(1249e747756b04b4fbc4cc482e21d22c) Importer(2089858483,b0f066a214c2f5e87bad3c948f4d605d) (ScriptedImporter) -> (artifact id: 'dbc54bb3b439eafeb2c5b4d2c5d85e9f') in 0.0120982 seconds
Number of updated asset objects reloaded before import = 0Number of asset objects unloaded after import = 3

========================================================================
Received Import Request.
  Time since last request: 0.000022 seconds.
  path: Assets/King of Overbrawl/KING OF OVERBRAWL/GOOD/VALKRO/PINK/sequence images/attack/attack_00007.png
  artifactKey: Guid(327e158ffc3dca24b95e75f29b3fcfb9) Importer(2089858483,b0f066a214c2f5e87bad3c948f4d605d)
Start importing Assets/King of Overbrawl/KING OF OVERBRAWL/GOOD/VALKRO/PINK/sequence images/attack/attack_00007.png using Guid(327e158ffc3dca24b95e75f29b3fcfb9) Importer(2089858483,b0f066a214c2f5e87bad3c948f4d605d) (ScriptedImporter) -> (artifact id: '08b0095b710e923ac3b9a108311981e7') in 0.0173608 seconds
Number of updated asset objects reloaded before import = 0Number of asset objects unloaded after import = 3

========================================================================
Received Import Request.
  Time since last request: 0.000017 seconds.
  path: Assets/King of Overbrawl/KING OF OVERBRAWL/GOOD/VALKRO/PINK/sequence images/attack
  artifactKey: Guid(1a89645febb4bea469617a165f9c9d77) Importer(2089858483,b0f066a214c2f5e87bad3c948f4d605d)
Start importing Assets/King of Overbrawl/KING OF OVERBRAWL/GOOD/VALKRO/PINK/sequence images/attack using Guid(1a89645febb4bea469617a165f9c9d77) Importer(2089858483,b0f066a214c2f5e87bad3c948f4d605d) (ScriptedImporter) -> (artifact id: '09e3ae7fadcc593a937a8ab350775006') in 0.0024021 seconds
Number of updated asset objects reloaded before import = 0Number of asset objects unloaded after import = 1

========================================================================
Received Import Request.
  Time since last request: 0.000041 seconds.
  path: Assets/King of Overbrawl/KING OF OVERBRAWL/GOOD/VALKRO/PURPLE/sequence images-1/idle/p_00015.png
  artifactKey: Guid(90b74705371694145883e034c555f602) Importer(2089858483,b0f066a214c2f5e87bad3c948f4d605d)
Start importing Assets/King of Overbrawl/KING OF OVERBRAWL/GOOD/VALKRO/PURPLE/sequence images-1/idle/p_00015.png using Guid(90b74705371694145883e034c555f602) Importer(2089858483,b0f066a214c2f5e87bad3c948f4d605d) (ScriptedImporter) -> (artifact id: '229e5b3c4fe5cd5242434ed669c1d54e') in 0.0220793 seconds
Number of updated asset objects reloaded before import = 0Number of asset objects unloaded after import = 3

========================================================================
Received Import Request.
  Time since last request: 0.000018 seconds.
  path: Assets/King of Overbrawl/KING OF OVERBRAWL/ASSETS/GOLD/02_a pouch full of gold coins.png
  artifactKey: Guid(60d1b873f6e6989458ed5299f15367ed) Importer(2089858483,b0f066a214c2f5e87bad3c948f4d605d)
Start importing Assets/King of Overbrawl/KING OF OVERBRAWL/ASSETS/GOLD/02_a pouch full of gold coins.png using Guid(60d1b873f6e6989458ed5299f15367ed) Importer(2089858483,b0f066a214c2f5e87bad3c948f4d605d) (ScriptedImporter) -> (artifact id: 'c2dcfc18ba9f5b726cf68530ef69e7ab') in 0.0099459 seconds
Number of updated asset objects reloaded before import = 0Number of asset objects unloaded after import = 3

========================================================================
Received Import Request.
  Time since last request: 0.000030 seconds.
  path: Assets/King of Overbrawl/KING OF OVERBRAWL/GOOD/VALKRO/PURPLE/sequence images-1/die/p_00002.png
  artifactKey: Guid(2810d775a09187d459455ff85da0dc73) Importer(2089858483,b0f066a214c2f5e87bad3c948f4d605d)
Start importing Assets/King of Overbrawl/KING OF OVERBRAWL/GOOD/VALKRO/PURPLE/sequence images-1/die/p_00002.png using Guid(2810d775a09187d459455ff85da0dc73) Importer(2089858483,b0f066a214c2f5e87bad3c948f4d605d) (ScriptedImporter) -> (artifact id: '2b0ad638553a644ea9334627736b8d41') in 0.0108547 seconds
Number of updated asset objects reloaded before import = 0Number of asset objects unloaded after import = 3

========================================================================
Received Import Request.
  Time since last request: 0.000021 seconds.
  path: Assets/King of Overbrawl/KING OF OVERBRAWL/ASSETS
  artifactKey: Guid(bd2b79aafc818694bbc13c504dd5bc44) Importer(2089858483,b0f066a214c2f5e87bad3c948f4d605d)
Start importing Assets/King of Overbrawl/KING OF OVERBRAWL/ASSETS using Guid(bd2b79aafc818694bbc13c504dd5bc44) Importer(2089858483,b0f066a214c2f5e87bad3c948f4d605d) (ScriptedImporter) -> (artifact id: '0b40cdfcb07499dd20b79c73a64de9cc') in 0.003172 seconds
Number of updated asset objects reloaded before import = 0Number of asset objects unloaded after import = 1

========================================================================
Received Import Request.
  Time since last request: 0.000047 seconds.
  path: Assets/King of Overbrawl/KING OF OVERBRAWL/GOOD/VALKRO/PINK/sequence images/walk/walk_00020.png
  artifactKey: Guid(b865575630db9cf4d855ac88f06ff64d) Importer(2089858483,b0f066a214c2f5e87bad3c948f4d605d)
Start importing Assets/King of Overbrawl/KING OF OVERBRAWL/GOOD/VALKRO/PINK/sequence images/walk/walk_00020.png using Guid(b865575630db9cf4d855ac88f06ff64d) Importer(2089858483,b0f066a214c2f5e87bad3c948f4d605d) (ScriptedImporter) -> (artifact id: '89c332dcc6785b00e9332e5698ccf6d9') in 0.0129045 seconds
Number of updated asset objects reloaded before import = 0Number of asset objects unloaded after import = 3

========================================================================
Received Import Request.
  Time since last request: 0.000037 seconds.
  path: Assets/King of Overbrawl/KING OF OVERBRAWL/GOOD/VALKRO/PINK/sequence images/idle/idle_00019.png
  artifactKey: Guid(e6b8ef4743780074a8890b62083e314d) Importer(2089858483,b0f066a214c2f5e87bad3c948f4d605d)
Start importing Assets/King of Overbrawl/KING OF OVERBRAWL/GOOD/VALKRO/PINK/sequence images/idle/idle_00019.png using Guid(e6b8ef4743780074a8890b62083e314d) Importer(2089858483,b0f066a214c2f5e87bad3c948f4d605d) (ScriptedImporter) -> (artifact id: '7690e6d4ec9edb045417e7ab677b29c5') in 0.0105285 seconds
Number of updated asset objects reloaded before import = 0Number of asset objects unloaded after import = 3

========================================================================
Received Import Request.
  Time since last request: 0.000025 seconds.
  path: Assets/King of Overbrawl/KING OF OVERBRAWL/BGBOKO/6A.png
  artifactKey: Guid(410228ad4a1be434f9681ac7eeeb7e70) Importer(2089858483,b0f066a214c2f5e87bad3c948f4d605d)
Start importing Assets/King of Overbrawl/KING OF OVERBRAWL/BGBOKO/6A.png using Guid(410228ad4a1be434f9681ac7eeeb7e70) Importer(2089858483,b0f066a214c2f5e87bad3c948f4d605d) (ScriptedImporter) -> (artifact id: '95f03a392af08b7bdecca7dd31d85c6c') in 0.0097249 seconds
Number of updated asset objects reloaded before import = 0Number of asset objects unloaded after import = 3

========================================================================
Received Import Request.
  Time since last request: 0.000024 seconds.
  path: Assets/King of Overbrawl/KING OF OVERBRAWL/Temp
  artifactKey: Guid(fb6a1c46e31d092448336449ac1d1df0) Importer(2089858483,b0f066a214c2f5e87bad3c948f4d605d)
Start importing Assets/King of Overbrawl/KING OF OVERBRAWL/Temp using Guid(fb6a1c46e31d092448336449ac1d1df0) Importer(2089858483,b0f066a214c2f5e87bad3c948f4d605d) (ScriptedImporter) -> (artifact id: 'c4388e1efb36b7887133c3ab0f950bb8') in 0.0023995 seconds
Number of updated asset objects reloaded before import = 0Number of asset objects unloaded after import = 1

========================================================================
Received Import Request.
  Time since last request: 0.000049 seconds.
  path: Assets/King of Overbrawl/KING OF OVERBRAWL/GOOD/VALKRO/PINK/sequence images/walk/walk_00019.png
  artifactKey: Guid(fc95f22ca6d4a584cadbe9c05973e062) Importer(2089858483,b0f066a214c2f5e87bad3c948f4d605d)
Start importing Assets/King of Overbrawl/KING OF OVERBRAWL/GOOD/VALKRO/PINK/sequence images/walk/walk_00019.png using Guid(fc95f22ca6d4a584cadbe9c05973e062) Importer(2089858483,b0f066a214c2f5e87bad3c948f4d605d) (ScriptedImporter) -> (artifact id: 'f5f34da23f643f7196ee91e7b553301c') in 0.0127103 seconds
Number of updated asset objects reloaded before import = 0Number of asset objects unloaded after import = 3

========================================================================
Received Import Request.
  Time since last request: 0.000022 seconds.
  path: Assets/King of Overbrawl/KING OF OVERBRAWL/BAD/GOBLIN 1/animations-1/melee_attack.png
  artifactKey: Guid(5bb307a09500ff849894f160cea472b7) Importer(2089858483,b0f066a214c2f5e87bad3c948f4d605d)
Start importing Assets/King of Overbrawl/KING OF OVERBRAWL/BAD/GOBLIN 1/animations-1/melee_attack.png using Guid(5bb307a09500ff849894f160cea472b7) Importer(2089858483,b0f066a214c2f5e87bad3c948f4d605d) (ScriptedImporter) -> (artifact id: '11b912bbb467a4b610d1dee22f473325') in 0.0558396 seconds
Number of updated asset objects reloaded before import = 0Number of asset objects unloaded after import = 34

========================================================================
Received Import Request.
  Time since last request: 0.000035 seconds.
  path: Assets/King of Overbrawl/Animations
  artifactKey: Guid(8aca756ee83a3d2439560ab916bdcc3e) Importer(2089858483,b0f066a214c2f5e87bad3c948f4d605d)
Start importing Assets/King of Overbrawl/Animations using Guid(8aca756ee83a3d2439560ab916bdcc3e) Importer(2089858483,b0f066a214c2f5e87bad3c948f4d605d) (ScriptedImporter) -> (artifact id: '5b1adcda439560bab9d84f808b3a51b4') in 0.0025508 seconds
Number of updated asset objects reloaded before import = 0Number of asset objects unloaded after import = 1

========================================================================
Received Import Request.
  Time since last request: 0.000048 seconds.
  path: Assets/King of Overbrawl/KING OF OVERBRAWL/BGBOKO/Episode 4
  artifactKey: Guid(1ac8983360ec8a142baa4e38f9ca7cdc) Importer(2089858483,b0f066a214c2f5e87bad3c948f4d605d)
Start importing Assets/King of Overbrawl/KING OF OVERBRAWL/BGBOKO/Episode 4 using Guid(1ac8983360ec8a142baa4e38f9ca7cdc) Importer(2089858483,b0f066a214c2f5e87bad3c948f4d605d) (ScriptedImporter) -> (artifact id: 'a95d8dacc0894a93b30a952b70648a5f') in 0.0029261 seconds
Number of updated asset objects reloaded before import = 0Number of asset objects unloaded after import = 1

========================================================================
Received Import Request.
  Time since last request: 0.000069 seconds.
  path: Assets/King of Overbrawl/KING OF OVERBRAWL/GOOD/VALKRO/PURPLE/sequence images-1/die/p_00014.png
  artifactKey: Guid(5b1c90d266a55ad48886aacc5f63a4f4) Importer(2089858483,b0f066a214c2f5e87bad3c948f4d605d)
Start importing Assets/King of Overbrawl/KING OF OVERBRAWL/GOOD/VALKRO/PURPLE/sequence images-1/die/p_00014.png using Guid(5b1c90d266a55ad48886aacc5f63a4f4) Importer(2089858483,b0f066a214c2f5e87bad3c948f4d605d) (ScriptedImporter) -> (artifact id: '52f772cb39945dd528223ea46de9ebde') in 0.0169324 seconds
Number of updated asset objects reloaded before import = 0Number of asset objects unloaded after import = 3

========================================================================
Received Import Request.
  Time since last request: 0.000020 seconds.
  path: Assets/King of Overbrawl/KING OF OVERBRAWL/GOOD/VALKRO/PURPLE/sequence images-1/die/p_00005.png
  artifactKey: Guid(21dcfa7bc3999734d8df396d09a36bf1) Importer(2089858483,b0f066a214c2f5e87bad3c948f4d605d)
Start importing Assets/King of Overbrawl/KING OF OVERBRAWL/GOOD/VALKRO/PURPLE/sequence images-1/die/p_00005.png using Guid(21dcfa7bc3999734d8df396d09a36bf1) Importer(2089858483,b0f066a214c2f5e87bad3c948f4d605d) (ScriptedImporter) -> (artifact id: '5c8969d3e30fafd6a3c999b57f7d3bc9') in 0.0106078 seconds
Number of updated asset objects reloaded before import = 0Number of asset objects unloaded after import = 3

========================================================================
Received Import Request.
  Time since last request: 0.000023 seconds.
  path: Assets/King of Overbrawl/KING OF OVERBRAWL/GOOD/VALKRO/PINK/sequence images/idle/idle_00017.png
  artifactKey: Guid(3c111fd960c44494e92b93136715ed85) Importer(2089858483,b0f066a214c2f5e87bad3c948f4d605d)
Start importing Assets/King of Overbrawl/KING OF OVERBRAWL/GOOD/VALKRO/PINK/sequence images/idle/idle_00017.png using Guid(3c111fd960c44494e92b93136715ed85) Importer(2089858483,b0f066a214c2f5e87bad3c948f4d605d) (ScriptedImporter) -> (artifact id: '2e0411f7be39d09bd8c4b371f674e75f') in 0.0100356 seconds
Number of updated asset objects reloaded before import = 0Number of asset objects unloaded after import = 3

========================================================================
Received Import Request.
  Time since last request: 0.000020 seconds.
  path: Assets/King of Overbrawl/KING OF OVERBRAWL/GOOD/VALKRO/PINK/sequence images/die/die_00019.png
  artifactKey: Guid(6056bfb61d1b6d446bfa5f270b1ccfd2) Importer(2089858483,b0f066a214c2f5e87bad3c948f4d605d)
Start importing Assets/King of Overbrawl/KING OF OVERBRAWL/GOOD/VALKRO/PINK/sequence images/die/die_00019.png using Guid(6056bfb61d1b6d446bfa5f270b1ccfd2) Importer(2089858483,b0f066a214c2f5e87bad3c948f4d605d) (ScriptedImporter) -> (artifact id: '459432253bbbd00fc8ef2a04c3ac3773') in 0.0104919 seconds
Number of updated asset objects reloaded before import = 0Number of asset objects unloaded after import = 3

========================================================================
Received Import Request.
  Time since last request: 0.000021 seconds.
  path: Assets/King of Overbrawl/KING OF OVERBRAWL/GOOD/VALKRO/HORRIBLEWORK DELIVERED
  artifactKey: Guid(6537a6f581bf45544b4f052e830ab6e4) Importer(2089858483,b0f066a214c2f5e87bad3c948f4d605d)
Start importing Assets/King of Overbrawl/KING OF OVERBRAWL/GOOD/VALKRO/HORRIBLEWORK DELIVERED using Guid(6537a6f581bf45544b4f052e830ab6e4) Importer(2089858483,b0f066a214c2f5e87bad3c948f4d605d) (ScriptedImporter) -> (artifact id: '598c849eb1594ca9a2174ae63c5de55c') in 0.0028424 seconds
Number of updated asset objects reloaded before import = 0Number of asset objects unloaded after import = 1

========================================================================
Received Import Request.
  Time since last request: 0.000069 seconds.
  path: Assets/King of Overbrawl/KING OF OVERBRAWL/GOOD/VALKRO/PINK/sequence images/attack/attack_00012.png
  artifactKey: Guid(3cd0dc9f9ce8666498fec09342ba3488) Importer(2089858483,b0f066a214c2f5e87bad3c948f4d605d)
Start importing Assets/King of Overbrawl/KING OF OVERBRAWL/GOOD/VALKRO/PINK/sequence images/attack/attack_00012.png using Guid(3cd0dc9f9ce8666498fec09342ba3488) Importer(2089858483,b0f066a214c2f5e87bad3c948f4d605d) (ScriptedImporter) -> (artifact id: 'cd01efbddd604a933053dd7784713c8b') in 0.0097463 seconds
Number of updated asset objects reloaded before import = 0Number of asset objects unloaded after import = 3

========================================================================
Received Import Request.
  Time since last request: 0.000032 seconds.
  path: Assets/King of Overbrawl/KING OF OVERBRAWL/GOOD/VALKRO/PINK/sequence images/idle/idle_00013.png
  artifactKey: Guid(534342cb8943eee4c9bd554b370c8826) Importer(2089858483,b0f066a214c2f5e87bad3c948f4d605d)
Start importing Assets/King of Overbrawl/KING OF OVERBRAWL/GOOD/VALKRO/PINK/sequence images/idle/idle_00013.png using Guid(534342cb8943eee4c9bd554b370c8826) Importer(2089858483,b0f066a214c2f5e87bad3c948f4d605d) (ScriptedImporter) -> (artifact id: 'b29ecadb6c573e1e55ea15b0334f4833') in 0.0137052 seconds
Number of updated asset objects reloaded before import = 0Number of asset objects unloaded after import = 3

========================================================================
Received Import Request.
  Time since last request: 0.000032 seconds.
  path: Assets/King of Overbrawl/KING OF OVERBRAWL/BGBOKO/Episode 6
  artifactKey: Guid(bc1869e67e8a11e4296ba892d5cf2555) Importer(2089858483,b0f066a214c2f5e87bad3c948f4d605d)
Start importing Assets/King of Overbrawl/KING OF OVERBRAWL/BGBOKO/Episode 6 using Guid(bc1869e67e8a11e4296ba892d5cf2555) Importer(2089858483,b0f066a214c2f5e87bad3c948f4d605d) (ScriptedImporter) -> (artifact id: '3d25b280c3f19e63cd32276436b2e79f') in 0.0031628 seconds
Number of updated asset objects reloaded before import = 0Number of asset objects unloaded after import = 1

========================================================================
Received Import Request.
  Time since last request: 0.000023 seconds.
  path: Assets/King of Overbrawl/KING OF OVERBRAWL/GOOD/VALKRO/PINK
  artifactKey: Guid(bfc183474fde3844d9f29afdc8f48870) Importer(2089858483,b0f066a214c2f5e87bad3c948f4d605d)
Start importing Assets/King of Overbrawl/KING OF OVERBRAWL/GOOD/VALKRO/PINK using Guid(bfc183474fde3844d9f29afdc8f48870) Importer(2089858483,b0f066a214c2f5e87bad3c948f4d605d) (ScriptedImporter) -> (artifact id: 'fe9c043cc6127eb7ce4f44c6c24a72df') in 0.003144 seconds
Number of updated asset objects reloaded before import = 0Number of asset objects unloaded after import = 1

========================================================================
Received Import Request.
  Time since last request: 0.000061 seconds.
  path: Assets/King of Overbrawl/KING OF OVERBRAWL/BGBOKO/Episode 4/4-3.png
  artifactKey: Guid(f3030cc2fd1e5324a89d0ccca65449e1) Importer(2089858483,b0f066a214c2f5e87bad3c948f4d605d)
Start importing Assets/King of Overbrawl/KING OF OVERBRAWL/BGBOKO/Episode 4/4-3.png using Guid(f3030cc2fd1e5324a89d0ccca65449e1) Importer(2089858483,b0f066a214c2f5e87bad3c948f4d605d) (ScriptedImporter) -> (artifact id: 'f0ba9ee8aac67746ffdc1509c8a64c07') in 0.0148863 seconds
Number of updated asset objects reloaded before import = 0Number of asset objects unloaded after import = 3

========================================================================
Received Import Request.
  Time since last request: 0.000025 seconds.
  path: Assets/King of Overbrawl/KING OF OVERBRAWL/BAD/GOBLIN 1/animations-1/spear.png
  artifactKey: Guid(9816600af62c9914a82e3e98b77be68b) Importer(2089858483,b0f066a214c2f5e87bad3c948f4d605d)
Start importing Assets/King of Overbrawl/KING OF OVERBRAWL/BAD/GOBLIN 1/animations-1/spear.png using Guid(9816600af62c9914a82e3e98b77be68b) Importer(2089858483,b0f066a214c2f5e87bad3c948f4d605d) (ScriptedImporter) -> (artifact id: '350041a1e64cbe7da7588cd8ca11fb70') in 0.0143075 seconds
Number of updated asset objects reloaded before import = 0Number of asset objects unloaded after import = 3

========================================================================
Received Import Request.
  Time since last request: 0.000031 seconds.
  path: Assets/King of Overbrawl/KING OF OVERBRAWL/GOOD/VALKRO/HORRIBLEWORK DELIVERED/example sprite animations
  artifactKey: Guid(f97053dbb916faa48ac83bb170833f16) Importer(2089858483,b0f066a214c2f5e87bad3c948f4d605d)
Start importing Assets/King of Overbrawl/KING OF OVERBRAWL/GOOD/VALKRO/HORRIBLEWORK DELIVERED/example sprite animations using Guid(f97053dbb916faa48ac83bb170833f16) Importer(2089858483,b0f066a214c2f5e87bad3c948f4d605d) (ScriptedImporter) -> (artifact id: 'b878001357122e28c2248021d88ac7af') in 0.0035236 seconds
Number of updated asset objects reloaded before import = 0Number of asset objects unloaded after import = 1

========================================================================
Received Import Request.
  Time since last request: 0.000083 seconds.
  path: Assets/King of Overbrawl/KING OF OVERBRAWL/GOOD/VALKRO/PURPLE/sequence images-1/walk/p_00013.png
  artifactKey: Guid(d1ec946d008471b49910120ad6aba51a) Importer(2089858483,b0f066a214c2f5e87bad3c948f4d605d)
Start importing Assets/King of Overbrawl/KING OF OVERBRAWL/GOOD/VALKRO/PURPLE/sequence images-1/walk/p_00013.png using Guid(d1ec946d008471b49910120ad6aba51a) Importer(2089858483,b0f066a214c2f5e87bad3c948f4d605d) (ScriptedImporter) -> (artifact id: '644e64fe2d33434ceccce8163c42b64a') in 0.0100469 seconds
Number of updated asset objects reloaded before import = 0Number of asset objects unloaded after import = 3

========================================================================
Received Import Request.
  Time since last request: 0.000027 seconds.
  path: Assets/King of Overbrawl/KING OF OVERBRAWL/GOOD/VALKRO/PINK/sequence images/attack/attack_00024.png
  artifactKey: Guid(66d124a3673eeff40a88bf4ea687fc8a) Importer(2089858483,b0f066a214c2f5e87bad3c948f4d605d)
Start importing Assets/King of Overbrawl/KING OF OVERBRAWL/GOOD/VALKRO/PINK/sequence images/attack/attack_00024.png using Guid(66d124a3673eeff40a88bf4ea687fc8a) Importer(2089858483,b0f066a214c2f5e87bad3c948f4d605d) (ScriptedImporter) -> (artifact id: 'fc1e0d14134c34b51dc7a19844bf8a78') in 0.0109767 seconds
Number of updated asset objects reloaded before import = 0Number of asset objects unloaded after import = 3

========================================================================
Received Import Request.
  Time since last request: 0.000025 seconds.
  path: Assets/King of Overbrawl/KING OF OVERBRAWL/GOOD/VALKRO/PINK/sequence images/die/die_00002.png
  artifactKey: Guid(2c6b2c6a03606c34ab32fb36fd0cdb9e) Importer(2089858483,b0f066a214c2f5e87bad3c948f4d605d)
Start importing Assets/King of Overbrawl/KING OF OVERBRAWL/GOOD/VALKRO/PINK/sequence images/die/die_00002.png using Guid(2c6b2c6a03606c34ab32fb36fd0cdb9e) Importer(2089858483,b0f066a214c2f5e87bad3c948f4d605d) (ScriptedImporter) -> (artifact id: '6ac2d4014814b9fe3debd58bbf165866') in 0.0104976 seconds
Number of updated asset objects reloaded before import = 0Number of asset objects unloaded after import = 3

========================================================================
Received Import Request.
  Time since last request: 0.000032 seconds.
  path: Assets/King of Overbrawl/KING OF OVERBRAWL/GOOD/VALKRO/PURPLE/sequence images-1/die/p_00016.png
  artifactKey: Guid(b3274604c5059ef4a99d4eb6bbf56a0e) Importer(2089858483,b0f066a214c2f5e87bad3c948f4d605d)
Start importing Assets/King of Overbrawl/KING OF OVERBRAWL/GOOD/VALKRO/PURPLE/sequence images-1/die/p_00016.png using Guid(b3274604c5059ef4a99d4eb6bbf56a0e) Importer(2089858483,b0f066a214c2f5e87bad3c948f4d605d) (ScriptedImporter) -> (artifact id: '609cc0eaf70483bb17eed6067d74f4e4') in 0.0102456 seconds
Number of updated asset objects reloaded before import = 0Number of asset objects unloaded after import = 3

========================================================================
Received Import Request.
  Time since last request: 0.000020 seconds.
  path: Assets/King of Overbrawl/KING OF OVERBRAWL/GOOD/VALKRO/PURPLE/sequence images-1/idle/p_00005.png
  artifactKey: Guid(48fc308933da5e24b9db2c0979673397) Importer(2089858483,b0f066a214c2f5e87bad3c948f4d605d)
Start importing Assets/King of Overbrawl/KING OF OVERBRAWL/GOOD/VALKRO/PURPLE/sequence images-1/idle/p_00005.png using Guid(48fc308933da5e24b9db2c0979673397) Importer(2089858483,b0f066a214c2f5e87bad3c948f4d605d) (ScriptedImporter) -> (artifact id: '84c78dc669e424cc03975782c1d3e7f6') in 0.0148246 seconds
Number of updated asset objects reloaded before import = 0Number of asset objects unloaded after import = 3

========================================================================
Received Import Request.
  Time since last request: 0.000027 seconds.
  path: Assets/King of Overbrawl/KING OF OVERBRAWL/GOOD/BOKO/test.mp4
  artifactKey: Guid(b583cb3c29ecd78499cdddff5d70dad4) Importer(2089858483,b0f066a214c2f5e87bad3c948f4d605d)
Start importing Assets/King of Overbrawl/KING OF OVERBRAWL/GOOD/BOKO/test.mp4 using Guid(b583cb3c29ecd78499cdddff5d70dad4) Importer(2089858483,b0f066a214c2f5e87bad3c948f4d605d) (ScriptedImporter) -> (artifact id: '05b3e009b04f181e9096121c0ebc8248') in 0.0118394 seconds
Number of updated asset objects reloaded before import = 0Number of asset objects unloaded after import = 1

========================================================================
Received Import Request.
  Time since last request: 0.000023 seconds.
  path: Assets/King of Overbrawl/Animations/Movement/Jump-Attack.anim
  artifactKey: Guid(1ef229622f613e547aa2f09f1cf523ac) Importer(2089858483,b0f066a214c2f5e87bad3c948f4d605d)
Start importing Assets/King of Overbrawl/Animations/Movement/Jump-Attack.anim using Guid(1ef229622f613e547aa2f09f1cf523ac) Importer(2089858483,b0f066a214c2f5e87bad3c948f4d605d) (ScriptedImporter) -> (artifact id: 'b408b37f8bf0f0921bf86dddd278f65f') in 0.0045253 seconds
Number of updated asset objects reloaded before import = 0Number of asset objects unloaded after import = 1

========================================================================
Received Import Request.
  Time since last request: 0.000060 seconds.
  path: Assets/King of Overbrawl/KING OF OVERBRAWL/BAD/GOBLIN 2 FIREBALL/animations/goblin2_walk.png
  artifactKey: Guid(02ad8892825d0384985e49dfdef1e5d0) Importer(2089858483,b0f066a214c2f5e87bad3c948f4d605d)
Start importing Assets/King of Overbrawl/KING OF OVERBRAWL/BAD/GOBLIN 2 FIREBALL/animations/goblin2_walk.png using Guid(02ad8892825d0384985e49dfdef1e5d0) Importer(2089858483,b0f066a214c2f5e87bad3c948f4d605d) (ScriptedImporter) -> (artifact id: '819c9d2bec37325fcd356fa6458a1a57') in 0.0374303 seconds
Number of updated asset objects reloaded before import = 0Number of asset objects unloaded after import = 22

========================================================================
Received Import Request.
  Time since last request: 0.000023 seconds.
  path: Assets/King of Overbrawl/KING OF OVERBRAWL/GOOD/VALKRO/PINK/sequence images/walk/walk_00016.png
  artifactKey: Guid(59bc758c9cb211b41b58cfefda870065) Importer(2089858483,b0f066a214c2f5e87bad3c948f4d605d)
Start importing Assets/King of Overbrawl/KING OF OVERBRAWL/GOOD/VALKRO/PINK/sequence images/walk/walk_00016.png using Guid(59bc758c9cb211b41b58cfefda870065) Importer(2089858483,b0f066a214c2f5e87bad3c948f4d605d) (ScriptedImporter) -> (artifact id: '7ea5bada98f8d26b611ec16cfd0a8ff7') in 0.0107883 seconds
Number of updated asset objects reloaded before import = 0Number of asset objects unloaded after import = 3

========================================================================
Received Import Request.
  Time since last request: 0.000025 seconds.
  path: Assets/King of Overbrawl/KING OF OVERBRAWL/GOOD/VALKRO/PURPLE/sequence images-1/walk/p_00010.png
  artifactKey: Guid(84e95c646ab34bc40a5285f9297063fa) Importer(2089858483,b0f066a214c2f5e87bad3c948f4d605d)
Start importing Assets/King of Overbrawl/KING OF OVERBRAWL/GOOD/VALKRO/PURPLE/sequence images-1/walk/p_00010.png using Guid(84e95c646ab34bc40a5285f9297063fa) Importer(2089858483,b0f066a214c2f5e87bad3c948f4d605d) (ScriptedImporter) -> (artifact id: 'd8dfd72c64bbc2a1d04a29b808950289') in 0.011131 seconds
Number of updated asset objects reloaded before import = 0Number of asset objects unloaded after import = 3

========================================================================
Received Import Request.
  Time since last request: 0.000017 seconds.
  path: Assets/King of Overbrawl/KING OF OVERBRAWL/GOOD/BOKO
  artifactKey: Guid(3690856422473774ca4e9afce3671233) Importer(2089858483,b0f066a214c2f5e87bad3c948f4d605d)
Start importing Assets/King of Overbrawl/KING OF OVERBRAWL/GOOD/BOKO using Guid(3690856422473774ca4e9afce3671233) Importer(2089858483,b0f066a214c2f5e87bad3c948f4d605d) (ScriptedImporter) -> (artifact id: '6a26ee53958064938b74add67f7abb04') in 0.0019473 seconds
Number of updated asset objects reloaded before import = 0Number of asset objects unloaded after import = 1

========================================================================
Received Import Request.
  Time since last request: 0.000101 seconds.
  path: Assets/King of Overbrawl/KING OF OVERBRAWL/GOOD/VALKRO/PINK/sequence images/attack/attack_00001.png
  artifactKey: Guid(97d792897f4aff349901e243eb233edf) Importer(2089858483,b0f066a214c2f5e87bad3c948f4d605d)
Start importing Assets/King of Overbrawl/KING OF OVERBRAWL/GOOD/VALKRO/PINK/sequence images/attack/attack_00001.png using Guid(97d792897f4aff349901e243eb233edf) Importer(2089858483,b0f066a214c2f5e87bad3c948f4d605d) (ScriptedImporter) -> (artifact id: '497e3aa46cf90ee2ad6b620127687d59') in 0.0100703 seconds
Number of updated asset objects reloaded before import = 0Number of asset objects unloaded after import = 3

========================================================================
Received Import Request.
  Time since last request: 0.000024 seconds.
  path: Assets/King of Overbrawl/KING OF OVERBRAWL/GOOD/VALKRO/PURPLE/sequence images-1/attack/p_00013.png
  artifactKey: Guid(b6d0fd6c993205545ab6c974cfb8cab0) Importer(2089858483,b0f066a214c2f5e87bad3c948f4d605d)
Start importing Assets/King of Overbrawl/KING OF OVERBRAWL/GOOD/VALKRO/PURPLE/sequence images-1/attack/p_00013.png using Guid(b6d0fd6c993205545ab6c974cfb8cab0) Importer(2089858483,b0f066a214c2f5e87bad3c948f4d605d) (ScriptedImporter) -> (artifact id: '1bad87359b3fbe2ff5513550ae28a96e') in 0.0089996 seconds
Number of updated asset objects reloaded before import = 0Number of asset objects unloaded after import = 3

========================================================================
Received Import Request.
  Time since last request: 0.000016 seconds.
  path: Assets/King of Overbrawl/KING OF OVERBRAWL/GOOD/VALKRO/PURPLE/sequence images-1/die/p_00006.png
  artifactKey: Guid(6f3b968d4687ffa4384b7cdfb1f4aaeb) Importer(2089858483,b0f066a214c2f5e87bad3c948f4d605d)
Start importing Assets/King of Overbrawl/KING OF OVERBRAWL/GOOD/VALKRO/PURPLE/sequence images-1/die/p_00006.png using Guid(6f3b968d4687ffa4384b7cdfb1f4aaeb) Importer(2089858483,b0f066a214c2f5e87bad3c948f4d605d) (ScriptedImporter) -> (artifact id: '4bc11d6d96c468fe8523d7fd878bd2aa') in 0.0091517 seconds
Number of updated asset objects reloaded before import = 0Number of asset objects unloaded after import = 3

========================================================================
Received Import Request.
  Time since last request: 0.000020 seconds.
  path: Assets/King of Overbrawl/KING OF OVERBRAWL/GOOD/VALKRO/PINK/sequence images/idle/idle_00005.png
  artifactKey: Guid(1369fee42da30e547928d67ef33ef698) Importer(2089858483,b0f066a214c2f5e87bad3c948f4d605d)
Start importing Assets/King of Overbrawl/KING OF OVERBRAWL/GOOD/VALKRO/PINK/sequence images/idle/idle_00005.png using Guid(1369fee42da30e547928d67ef33ef698) Importer(2089858483,b0f066a214c2f5e87bad3c948f4d605d) (ScriptedImporter) -> (artifact id: '4bb30e11b627a2a6447207d755e3896a') in 0.0100721 seconds
Number of updated asset objects reloaded before import = 0Number of asset objects unloaded after import = 3

========================================================================
Received Import Request.
  Time since last request: 0.000035 seconds.
  path: Assets/King of Overbrawl/KING OF OVERBRAWL/GOOD/VALKRO/PINK/sequence images/attack/attack_00019.png
  artifactKey: Guid(149ffca95d6bc8d43b8313f8daaddcb9) Importer(2089858483,b0f066a214c2f5e87bad3c948f4d605d)
Start importing Assets/King of Overbrawl/KING OF OVERBRAWL/GOOD/VALKRO/PINK/sequence images/attack/attack_00019.png using Guid(149ffca95d6bc8d43b8313f8daaddcb9) Importer(2089858483,b0f066a214c2f5e87bad3c948f4d605d) (ScriptedImporter) -> (artifact id: 'f89b1d151fa6302db48fd2f7d252f00e') in 0.010096 seconds
Number of updated asset objects reloaded before import = 0Number of asset objects unloaded after import = 3

========================================================================
Received Import Request.
  Time since last request: 0.000032 seconds.
  path: Assets/King of Overbrawl/KING OF OVERBRAWL/BGBOKO/3A.png
  artifactKey: Guid(9dfff11d40181fa48a34214035939f30) Importer(2089858483,b0f066a214c2f5e87bad3c948f4d605d)
Start importing Assets/King of Overbrawl/KING OF OVERBRAWL/BGBOKO/3A.png using Guid(9dfff11d40181fa48a34214035939f30) Importer(2089858483,b0f066a214c2f5e87bad3c948f4d605d) (ScriptedImporter) -> (artifact id: '1246231fe6bd341a5b107d907ef917f7') in 0.0219808 seconds
Number of updated asset objects reloaded before import = 0Number of asset objects unloaded after import = 3

========================================================================
Received Import Request.
  Time since last request: 0.000020 seconds.
  path: Assets/King of Overbrawl/KING OF OVERBRAWL/GOOD/VALKRO/PINK/sequence images
  artifactKey: Guid(6043cfc045af61845bc8d25036407789) Importer(2089858483,b0f066a214c2f5e87bad3c948f4d605d)
Start importing Assets/King of Overbrawl/KING OF OVERBRAWL/GOOD/VALKRO/PINK/sequence images using Guid(6043cfc045af61845bc8d25036407789) Importer(2089858483,b0f066a214c2f5e87bad3c948f4d605d) (ScriptedImporter) -> (artifact id: 'f19186451f20baec39ad4640f1a35d5a') in 0.0026098 seconds
Number of updated asset objects reloaded before import = 0Number of asset objects unloaded after import = 1

========================================================================
Received Import Request.
  Time since last request: 0.000028 seconds.
  path: Assets/King of Overbrawl/KING OF OVERBRAWL/BGBOKO/Episode 5/5-2.png
  artifactKey: Guid(c88032710dfb8ca4c873d26a105f7943) Importer(2089858483,b0f066a214c2f5e87bad3c948f4d605d)
Start importing Assets/King of Overbrawl/KING OF OVERBRAWL/BGBOKO/Episode 5/5-2.png using Guid(c88032710dfb8ca4c873d26a105f7943) Importer(2089858483,b0f066a214c2f5e87bad3c948f4d605d) (ScriptedImporter) -> (artifact id: 'acfa1d526f5f19a17d800de94180e992') in 0.0091709 seconds
Number of updated asset objects reloaded before import = 0Number of asset objects unloaded after import = 3

========================================================================
Received Import Request.
  Time since last request: 0.000024 seconds.
  path: Assets/King of Overbrawl/KING OF OVERBRAWL/GOOD/VALKRO/HORRIBLEWORK DELIVERED/example sprite animations/c2-dead.gif
  artifactKey: Guid(db5b424a48fccb24abbc58690a8017bb) Importer(2089858483,b0f066a214c2f5e87bad3c948f4d605d)
Start importing Assets/King of Overbrawl/KING OF OVERBRAWL/GOOD/VALKRO/HORRIBLEWORK DELIVERED/example sprite animations/c2-dead.gif using Guid(db5b424a48fccb24abbc58690a8017bb) Importer(2089858483,b0f066a214c2f5e87bad3c948f4d605d) (ScriptedImporter) -> (artifact id: 'ba65326536e9d65e868f1b70862a9f5f') in 0.0106219 seconds
Number of updated asset objects reloaded before import = 0Number of asset objects unloaded after import = 3

========================================================================
Received Import Request.
  Time since last request: 0.000021 seconds.
  path: Assets/King of Overbrawl/KING OF OVERBRAWL/GOOD/VALKRO/PINK/sequence images/attack/attack_00010.png
  artifactKey: Guid(6bc7acf353b97814a9d2255a845a3e8c) Importer(2089858483,b0f066a214c2f5e87bad3c948f4d605d)
Start importing Assets/King of Overbrawl/KING OF OVERBRAWL/GOOD/VALKRO/PINK/sequence images/attack/attack_00010.png using Guid(6bc7acf353b97814a9d2255a845a3e8c) Importer(2089858483,b0f066a214c2f5e87bad3c948f4d605d) (ScriptedImporter) -> (artifact id: '8d322a11c0b23297b72bba7bf4b58da3') in 0.0099936 seconds
Number of updated asset objects reloaded before import = 0Number of asset objects unloaded after import = 3

========================================================================
Received Import Request.
  Time since last request: 0.000028 seconds.
  path: Assets/King of Overbrawl/KING OF OVERBRAWL/GOOD/VALKRO/PINK/sequence images/idle/idle_00022.png
  artifactKey: Guid(c9c912c35ce0677499d417cd09b9aa5e) Importer(2089858483,b0f066a214c2f5e87bad3c948f4d605d)
Start importing Assets/King of Overbrawl/KING OF OVERBRAWL/GOOD/VALKRO/PINK/sequence images/idle/idle_00022.png using Guid(c9c912c35ce0677499d417cd09b9aa5e) Importer(2089858483,b0f066a214c2f5e87bad3c948f4d605d) (ScriptedImporter) -> (artifact id: '53d346f6c89ec31e0c86e36e38904d05') in 0.0102095 seconds
Number of updated asset objects reloaded before import = 0Number of asset objects unloaded after import = 3

========================================================================
Received Import Request.
  Time since last request: 0.000029 seconds.
  path: Assets/King of Overbrawl/KING OF OVERBRAWL/GOOD/VALKRO/PURPLE/sequence images-1/walk/p_00020.png
  artifactKey: Guid(c6a39744914a0904c8e45f5e8475c808) Importer(2089858483,b0f066a214c2f5e87bad3c948f4d605d)
Start importing Assets/King of Overbrawl/KING OF OVERBRAWL/GOOD/VALKRO/PURPLE/sequence images-1/walk/p_00020.png using Guid(c6a39744914a0904c8e45f5e8475c808) Importer(2089858483,b0f066a214c2f5e87bad3c948f4d605d) (ScriptedImporter) -> (artifact id: '51f329f7dce2f517329bc68673c089cc') in 0.0115008 seconds
Number of updated asset objects reloaded before import = 0Number of asset objects unloaded after import = 3

========================================================================
Received Import Request.
  Time since last request: 0.000022 seconds.
  path: Assets/King of Overbrawl/KING OF OVERBRAWL/GOOD/VALKRO/PURPLE/sequence images-1/attack
  artifactKey: Guid(ed13585eb9e734a49bfd7f8a79c4e969) Importer(2089858483,b0f066a214c2f5e87bad3c948f4d605d)
Start importing Assets/King of Overbrawl/KING OF OVERBRAWL/GOOD/VALKRO/PURPLE/sequence images-1/attack using Guid(ed13585eb9e734a49bfd7f8a79c4e969) Importer(2089858483,b0f066a214c2f5e87bad3c948f4d605d) (ScriptedImporter) -> (artifact id: 'd9888fc105e3571e3e0065f1e9856803') in 0.0030892 seconds
Number of updated asset objects reloaded before import = 0Number of asset objects unloaded after import = 1

========================================================================
Received Import Request.
  Time since last request: 0.000059 seconds.
  path: Assets/King of Overbrawl/KING OF OVERBRAWL/BAD/BLUE WOLF/werewolf_idle.png
  artifactKey: Guid(8122918513e6a864ea6ed03f6275e3f1) Importer(2089858483,b0f066a214c2f5e87bad3c948f4d605d)
Start importing Assets/King of Overbrawl/KING OF OVERBRAWL/BAD/BLUE WOLF/werewolf_idle.png using Guid(8122918513e6a864ea6ed03f6275e3f1) Importer(2089858483,b0f066a214c2f5e87bad3c948f4d605d) (ScriptedImporter) -> (artifact id: '21546ccd9f678cbe1396d136e93aaa93') in 0.059025 seconds
Number of updated asset objects reloaded before import = 0Number of asset objects unloaded after import = 26

========================================================================
Received Import Request.
  Time since last request: 0.000026 seconds.
  path: Assets/King of Overbrawl/KING OF OVERBRAWL/BGBOKO/Episode 8/8-1.png
  artifactKey: Guid(1d248190dc9874f44b11450751e80653) Importer(2089858483,b0f066a214c2f5e87bad3c948f4d605d)
Start importing Assets/King of Overbrawl/KING OF OVERBRAWL/BGBOKO/Episode 8/8-1.png using Guid(1d248190dc9874f44b11450751e80653) Importer(2089858483,b0f066a214c2f5e87bad3c948f4d605d) (ScriptedImporter) -> (artifact id: '1a2e5f86929be8834d8115b7d78d5c17') in 0.0109289 seconds
Number of updated asset objects reloaded before import = 0Number of asset objects unloaded after import = 3

========================================================================
Received Import Request.
  Time since last request: 0.000041 seconds.
  path: Assets/King of Overbrawl/KING OF OVERBRAWL/GOOD/VALKRO/PINK/sequence images/die/die_00024.png
  artifactKey: Guid(0a74e5845864f8540843d5232770906c) Importer(2089858483,b0f066a214c2f5e87bad3c948f4d605d)
Start importing Assets/King of Overbrawl/KING OF OVERBRAWL/GOOD/VALKRO/PINK/sequence images/die/die_00024.png using Guid(0a74e5845864f8540843d5232770906c) Importer(2089858483,b0f066a214c2f5e87bad3c948f4d605d) (ScriptedImporter) -> (artifact id: '5f2d563a46dbb368942daefe76dddbf0') in 0.0103381 seconds
Number of updated asset objects reloaded before import = 0Number of asset objects unloaded after import = 3

========================================================================
Received Import Request.
  Time since last request: 0.000034 seconds.
  path: Assets/King of Overbrawl/KING OF OVERBRAWL/GOOD/VALKRO/PURPLE/sequence images-1/walk/p_00011.png
  artifactKey: Guid(e430c90094ca9c64b92d557a40c284be) Importer(2089858483,b0f066a214c2f5e87bad3c948f4d605d)
Start importing Assets/King of Overbrawl/KING OF OVERBRAWL/GOOD/VALKRO/PURPLE/sequence images-1/walk/p_00011.png using Guid(e430c90094ca9c64b92d557a40c284be) Importer(2089858483,b0f066a214c2f5e87bad3c948f4d605d) (ScriptedImporter) -> (artifact id: '200de617f363d1ff1c1a45e50919869d') in 0.0107661 seconds
Number of updated asset objects reloaded before import = 0Number of asset objects unloaded after import = 3

========================================================================
Received Import Request.
  Time since last request: 0.000024 seconds.
  path: Assets/King of Overbrawl/KING OF OVERBRAWL/BGBOKO/5C.png
  artifactKey: Guid(d4dd9256723351644a5c75724b02c4de) Importer(2089858483,b0f066a214c2f5e87bad3c948f4d605d)
Start importing Assets/King of Overbrawl/KING OF OVERBRAWL/BGBOKO/5C.png using Guid(d4dd9256723351644a5c75724b02c4de) Importer(2089858483,b0f066a214c2f5e87bad3c948f4d605d) (ScriptedImporter) -> (artifact id: '2ab185c0b8869ed84cd7b73ae7843a7b') in 0.0250097 seconds
Number of updated asset objects reloaded before import = 0Number of asset objects unloaded after import = 3

========================================================================
Received Import Request.
  Time since last request: 0.000032 seconds.
  path: Assets/King of Overbrawl/KING OF OVERBRAWL/GOOD/VALKRO/PINK/sequence images/walk/walk_00018.png
  artifactKey: Guid(481a937d5327af24f9ff9ec44639ec3b) Importer(2089858483,b0f066a214c2f5e87bad3c948f4d605d)
Start importing Assets/King of Overbrawl/KING OF OVERBRAWL/GOOD/VALKRO/PINK/sequence images/walk/walk_00018.png using Guid(481a937d5327af24f9ff9ec44639ec3b) Importer(2089858483,b0f066a214c2f5e87bad3c948f4d605d) (ScriptedImporter) -> (artifact id: '9271d27aad7d6f1379666eedbc48b578') in 0.011233 seconds
Number of updated asset objects reloaded before import = 0Number of asset objects unloaded after import = 3

========================================================================
Received Import Request.
  Time since last request: 0.000023 seconds.
  path: Assets/King of Overbrawl/KING OF OVERBRAWL/GOOD/VALKRO/HORRIBLEWORK DELIVERED/c1.png
  artifactKey: Guid(83cf12e5aee73b64aa602837484470f7) Importer(2089858483,b0f066a214c2f5e87bad3c948f4d605d)
Start importing Assets/King of Overbrawl/KING OF OVERBRAWL/GOOD/VALKRO/HORRIBLEWORK DELIVERED/c1.png using Guid(83cf12e5aee73b64aa602837484470f7) Importer(2089858483,b0f066a214c2f5e87bad3c948f4d605d) (ScriptedImporter) -> (artifact id: 'e5a53d89daa70904bc7acf72f4059673') in 0.0116584 seconds
Number of updated asset objects reloaded before import = 0Number of asset objects unloaded after import = 3

========================================================================
Received Import Request.
  Time since last request: 0.000026 seconds.
  path: Assets/King of Overbrawl/KING OF OVERBRAWL/GOOD/VALKRO/PURPLE/sequence images-1/die/p_00010.png
  artifactKey: Guid(4ab83d2bcc615914c8750ac5c4bfc270) Importer(2089858483,b0f066a214c2f5e87bad3c948f4d605d)
Start importing Assets/King of Overbrawl/KING OF OVERBRAWL/GOOD/VALKRO/PURPLE/sequence images-1/die/p_00010.png using Guid(4ab83d2bcc615914c8750ac5c4bfc270) Importer(2089858483,b0f066a214c2f5e87bad3c948f4d605d) (ScriptedImporter) -> (artifact id: '0cf2564b085a2a5babc2d5cd4708290c') in 0.013346 seconds
Number of updated asset objects reloaded before import = 0Number of asset objects unloaded after import = 3

========================================================================
Received Import Request.
  Time since last request: 0.000022 seconds.
  path: Assets/King of Overbrawl/KING OF OVERBRAWL/BAD
  artifactKey: Guid(eae2a3065907a554595a4ef3fdb8a7db) Importer(2089858483,b0f066a214c2f5e87bad3c948f4d605d)
Start importing Assets/King of Overbrawl/KING OF OVERBRAWL/BAD using Guid(eae2a3065907a554595a4ef3fdb8a7db) Importer(2089858483,b0f066a214c2f5e87bad3c948f4d605d) (ScriptedImporter) -> (artifact id: '0c6b7debfeb9835873eda281f2e108ab') in 0.0023185 seconds
Number of updated asset objects reloaded before import = 0Number of asset objects unloaded after import = 1

========================================================================
Received Import Request.
  Time since last request: 0.000063 seconds.
  path: Assets/King of Overbrawl/KING OF OVERBRAWL/GOOD/VALKRO/PURPLE/sequence images-1/idle/p_00010.png
  artifactKey: Guid(17011dc41d1685649befd84970022216) Importer(2089858483,b0f066a214c2f5e87bad3c948f4d605d)
Start importing Assets/King of Overbrawl/KING OF OVERBRAWL/GOOD/VALKRO/PURPLE/sequence images-1/idle/p_00010.png using Guid(17011dc41d1685649befd84970022216) Importer(2089858483,b0f066a214c2f5e87bad3c948f4d605d) (ScriptedImporter) -> (artifact id: '3bc062444f6911bd162cf0d337d880b1') in 0.0121453 seconds
Number of updated asset objects reloaded before import = 0Number of asset objects unloaded after import = 3

========================================================================
Received Import Request.
  Time since last request: 0.000019 seconds.
  path: Assets/King of Overbrawl/Animations/Movement
  artifactKey: Guid(360f9e16db38b7748b001671eee3b399) Importer(2089858483,b0f066a214c2f5e87bad3c948f4d605d)
Start importing Assets/King of Overbrawl/Animations/Movement using Guid(360f9e16db38b7748b001671eee3b399) Importer(2089858483,b0f066a214c2f5e87bad3c948f4d605d) (ScriptedImporter) -> (artifact id: '4fb6ba730a2617344e58da9b5ec8ac27') in 0.0027276 seconds
Number of updated asset objects reloaded before import = 0Number of asset objects unloaded after import = 1

========================================================================
Received Import Request.
  Time since last request: 0.000073 seconds.
  path: Assets/King of Overbrawl/KING OF OVERBRAWL/BAD/GOBLIN 1/animations-1/melee_idle.png
  artifactKey: Guid(6e605f361788cf0469df6c04278503a4) Importer(2089858483,b0f066a214c2f5e87bad3c948f4d605d)
Start importing Assets/King of Overbrawl/KING OF OVERBRAWL/BAD/GOBLIN 1/animations-1/melee_idle.png using Guid(6e605f361788cf0469df6c04278503a4) Importer(2089858483,b0f066a214c2f5e87bad3c948f4d605d) (ScriptedImporter) -> (artifact id: 'ccbcc581f75e13fc72fd85000785e250') in 0.0521676 seconds
Number of updated asset objects reloaded before import = 0Number of asset objects unloaded after import = 26

========================================================================
Received Import Request.
  Time since last request: 0.000020 seconds.
  path: Assets/King of Overbrawl/KING OF OVERBRAWL/GOOD/VALKRO/PURPLE/sequence images-1/attack/p_00016.png
  artifactKey: Guid(261fcb2d258344e41a94d245feab2d5d) Importer(2089858483,b0f066a214c2f5e87bad3c948f4d605d)
Start importing Assets/King of Overbrawl/KING OF OVERBRAWL/GOOD/VALKRO/PURPLE/sequence images-1/attack/p_00016.png using Guid(261fcb2d258344e41a94d245feab2d5d) Importer(2089858483,b0f066a214c2f5e87bad3c948f4d605d) (ScriptedImporter) -> (artifact id: '645049ec2f6bef1f94cb5ab866458494') in 0.0137695 seconds
Number of updated asset objects reloaded before import = 0Number of asset objects unloaded after import = 6

========================================================================
Received Import Request.
  Time since last request: 0.000019 seconds.
  path: Assets/King of Overbrawl/KING OF OVERBRAWL/BGBOKO/Episode 1/1-3.png
  artifactKey: Guid(389f980abe24073449863142df929937) Importer(2089858483,b0f066a214c2f5e87bad3c948f4d605d)
Start importing Assets/King of Overbrawl/KING OF OVERBRAWL/BGBOKO/Episode 1/1-3.png using Guid(389f980abe24073449863142df929937) Importer(2089858483,b0f066a214c2f5e87bad3c948f4d605d) (ScriptedImporter) -> (artifact id: '98584a44773435b474d2881f0db7ecd7') in 0.0103621 seconds
Number of updated asset objects reloaded before import = 0Number of asset objects unloaded after import = 3

========================================================================
Received Import Request.
  Time since last request: 0.000027 seconds.
  path: Assets/King of Overbrawl/KING OF OVERBRAWL/GOOD/VALKRO/PURPLE/sequence images-1/attack/p_00015.png
  artifactKey: Guid(ebeb7c240cedfdb46b3db829d2be4dbb) Importer(2089858483,b0f066a214c2f5e87bad3c948f4d605d)
Start importing Assets/King of Overbrawl/KING OF OVERBRAWL/GOOD/VALKRO/PURPLE/sequence images-1/attack/p_00015.png using Guid(ebeb7c240cedfdb46b3db829d2be4dbb) Importer(2089858483,b0f066a214c2f5e87bad3c948f4d605d) (ScriptedImporter) -> (artifact id: '30bec42828a64a9cb5b90df8a9995fb7') in 0.0168336 seconds
Number of updated asset objects reloaded before import = 0Number of asset objects unloaded after import = 5

========================================================================
Received Import Request.
  Time since last request: 0.000029 seconds.
  path: Assets/King of Overbrawl/KING OF OVERBRAWL/GOOD/BOKO/BOKO HEADBUTT
  artifactKey: Guid(094f3cb3e3e066e4b82c38e6c2441180) Importer(2089858483,b0f066a214c2f5e87bad3c948f4d605d)
Start importing Assets/King of Overbrawl/KING OF OVERBRAWL/GOOD/BOKO/BOKO HEADBUTT using Guid(094f3cb3e3e066e4b82c38e6c2441180) Importer(2089858483,b0f066a214c2f5e87bad3c948f4d605d) (ScriptedImporter) -> (artifact id: '26b769c1370a2a55f06e73d67d70f742') in 0.0026079 seconds
Number of updated asset objects reloaded before import = 0Number of asset objects unloaded after import = 1

========================================================================
Received Import Request.
  Time since last request: 0.000026 seconds.
  path: Assets/King of Overbrawl/KING OF OVERBRAWL/GOOD/VALKRO/PURPLE/sequence images-1/attack/p_00023.png
  artifactKey: Guid(ed9e87fd9e4738b4cbf819dfe0c5c21b) Importer(2089858483,b0f066a214c2f5e87bad3c948f4d605d)
Start importing Assets/King of Overbrawl/KING OF OVERBRAWL/GOOD/VALKRO/PURPLE/sequence images-1/attack/p_00023.png using Guid(ed9e87fd9e4738b4cbf819dfe0c5c21b) Importer(2089858483,b0f066a214c2f5e87bad3c948f4d605d) (ScriptedImporter) -> (artifact id: 'a2de0a197ccd9e7d8fdc63f34c07ca25') in 0.0159615 seconds
Number of updated asset objects reloaded before import = 0Number of asset objects unloaded after import = 3

========================================================================
Received Import Request.
  Time since last request: 0.000022 seconds.
  path: Assets/King of Overbrawl/KING OF OVERBRAWL/BAD/BLUE WOLF/werewolf_death.png
  artifactKey: Guid(48dee89bdabe3694db63f0a9c04c489f) Importer(2089858483,b0f066a214c2f5e87bad3c948f4d605d)
Start importing Assets/King of Overbrawl/KING OF OVERBRAWL/BAD/BLUE WOLF/werewolf_death.png using Guid(48dee89bdabe3694db63f0a9c04c489f) Importer(2089858483,b0f066a214c2f5e87bad3c948f4d605d) (ScriptedImporter) -> (artifact id: 'ceaf31e900b48af8695dd87136072621') in 0.0395212 seconds
Number of updated asset objects reloaded before import = 0Number of asset objects unloaded after import = 23

========================================================================
Received Import Request.
  Time since last request: 0.000023 seconds.
  path: Assets/King of Overbrawl/KING OF OVERBRAWL/GOOD/VALKRO/PURPLE/sequence images-1/attack/p_00011.png
  artifactKey: Guid(7ce533bdcc34f114dbd64bd4a200c4d9) Importer(2089858483,b0f066a214c2f5e87bad3c948f4d605d)
Start importing Assets/King of Overbrawl/KING OF OVERBRAWL/GOOD/VALKRO/PURPLE/sequence images-1/attack/p_00011.png using Guid(7ce533bdcc34f114dbd64bd4a200c4d9) Importer(2089858483,b0f066a214c2f5e87bad3c948f4d605d) (ScriptedImporter) -> (artifact id: 'fceb0b11dbc59df442c8c27ba039648e') in 0.009347 seconds
Number of updated asset objects reloaded before import = 0Number of asset objects unloaded after import = 3

========================================================================
Received Import Request.
  Time since last request: 0.000027 seconds.
  path: Assets/King of Overbrawl/KING OF OVERBRAWL/BAD/GOBLIN 1/animations-1
  artifactKey: Guid(f76c5a20a4f18f04faa0852fef7e4624) Importer(2089858483,b0f066a214c2f5e87bad3c948f4d605d)
Start importing Assets/King of Overbrawl/KING OF OVERBRAWL/BAD/GOBLIN 1/animations-1 using Guid(f76c5a20a4f18f04faa0852fef7e4624) Importer(2089858483,b0f066a214c2f5e87bad3c948f4d605d) (ScriptedImporter) -> (artifact id: '60a53ed21141b728cce28cd0f7ba6b46') in 0.0021525 seconds
Number of updated asset objects reloaded before import = 0Number of asset objects unloaded after import = 1

========================================================================
Received Import Request.
  Time since last request: 0.000050 seconds.
  path: Assets/King of Overbrawl/KING OF OVERBRAWL/BGBOKO/Round9-3.png
  artifactKey: Guid(67f3bed2ed485f34c928cc8bf92f058e) Importer(2089858483,b0f066a214c2f5e87bad3c948f4d605d)
Start importing Assets/King of Overbrawl/KING OF OVERBRAWL/BGBOKO/Round9-3.png using Guid(67f3bed2ed485f34c928cc8bf92f058e) Importer(2089858483,b0f066a214c2f5e87bad3c948f4d605d) (ScriptedImporter) -> (artifact id: 'a483900d0b9b447c015bc529993ffe35') in 0.0137305 seconds
Number of updated asset objects reloaded before import = 0Number of asset objects unloaded after import = 3

========================================================================
Received Import Request.
  Time since last request: 0.000023 seconds.
  path: Assets/King of Overbrawl/KING OF OVERBRAWL/GOOD/VALKRO/PURPLE/sequence images-1/idle/p_00014.png
  artifactKey: Guid(8e116a539d884f642820218494260581) Importer(2089858483,b0f066a214c2f5e87bad3c948f4d605d)
Start importing Assets/King of Overbrawl/KING OF OVERBRAWL/GOOD/VALKRO/PURPLE/sequence images-1/idle/p_00014.png using Guid(8e116a539d884f642820218494260581) Importer(2089858483,b0f066a214c2f5e87bad3c948f4d605d) (ScriptedImporter) -> (artifact id: '94a5c8fb2275080c28a8fb590c948772') in 0.0168167 seconds
Number of updated asset objects reloaded before import = 0Number of asset objects unloaded after import = 3

========================================================================
Received Import Request.
  Time since last request: 0.000023 seconds.
  path: Assets/King of Overbrawl/KING OF OVERBRAWL/BAD/GOBLIN 1
  artifactKey: Guid(22d2c6520a3aaa9459e8109a5af0963a) Importer(2089858483,b0f066a214c2f5e87bad3c948f4d605d)
Start importing Assets/King of Overbrawl/KING OF OVERBRAWL/BAD/GOBLIN 1 using Guid(22d2c6520a3aaa9459e8109a5af0963a) Importer(2089858483,b0f066a214c2f5e87bad3c948f4d605d) (ScriptedImporter) -> (artifact id: '3e1131b6789573dcdc6ec82b8372a8ff') in 0.0027606 seconds
Number of updated asset objects reloaded before import = 0Number of asset objects unloaded after import = 1

========================================================================
Received Import Request.
  Time since last request: 0.000047 seconds.
  path: Assets/King of Overbrawl/KING OF OVERBRAWL/GOOD/VALKRO/PINK/sequence images/idle/idle_00016.png
  artifactKey: Guid(3ed535e281a922345b7ad18166636070) Importer(2089858483,b0f066a214c2f5e87bad3c948f4d605d)
Start importing Assets/King of Overbrawl/KING OF OVERBRAWL/GOOD/VALKRO/PINK/sequence images/idle/idle_00016.png using Guid(3ed535e281a922345b7ad18166636070) Importer(2089858483,b0f066a214c2f5e87bad3c948f4d605d) (ScriptedImporter) -> (artifact id: '127d95a6689229e68f7c3876d6453005') in 0.0120445 seconds
Number of updated asset objects reloaded before import = 0Number of asset objects unloaded after import = 3

========================================================================
Received Import Request.
  Time since last request: 0.000031 seconds.
  path: Assets/King of Overbrawl/KING OF OVERBRAWL/GOOD/BOKO/BOKO BASIC/note.txt
  artifactKey: Guid(547a408eaf9be5e47afb4ee1a020e8d5) Importer(2089858483,b0f066a214c2f5e87bad3c948f4d605d)
Start importing Assets/King of Overbrawl/KING OF OVERBRAWL/GOOD/BOKO/BOKO BASIC/note.txt using Guid(547a408eaf9be5e47afb4ee1a020e8d5) Importer(2089858483,b0f066a214c2f5e87bad3c948f4d605d) (ScriptedImporter) -> (artifact id: '54162f898b6ca006ccaaa8538484878b') in 0.002532 seconds
Number of updated asset objects reloaded before import = 0Number of asset objects unloaded after import = 1

========================================================================
Received Import Request.
  Time since last request: 0.000036 seconds.
  path: Assets/King of Overbrawl/KING OF OVERBRAWL/GOOD/VALKRO/PINK/sequence images/attack/attack_00009.png
  artifactKey: Guid(57eeffe9c1972a4458cc7d99dcd9fe6d) Importer(2089858483,b0f066a214c2f5e87bad3c948f4d605d)
Start importing Assets/King of Overbrawl/KING OF OVERBRAWL/GOOD/VALKRO/PINK/sequence images/attack/attack_00009.png using Guid(57eeffe9c1972a4458cc7d99dcd9fe6d) Importer(2089858483,b0f066a214c2f5e87bad3c948f4d605d) (ScriptedImporter) -> (artifact id: '812d39cb2af0e3b912aebcdf3b69db6f') in 0.0093984 seconds
Number of updated asset objects reloaded before import = 0Number of asset objects unloaded after import = 3

========================================================================
Received Import Request.
  Time since last request: 0.000022 seconds.
  path: Assets/King of Overbrawl/KING OF OVERBRAWL/GOOD/VALKRO/PINK/sequence images/walk/walk_00003.png
  artifactKey: Guid(6efc03e5c619e644bbc39fbddcbab605) Importer(2089858483,b0f066a214c2f5e87bad3c948f4d605d)
Start importing Assets/King of Overbrawl/KING OF OVERBRAWL/GOOD/VALKRO/PINK/sequence images/walk/walk_00003.png using Guid(6efc03e5c619e644bbc39fbddcbab605) Importer(2089858483,b0f066a214c2f5e87bad3c948f4d605d) (ScriptedImporter) -> (artifact id: '13d38a8a9030cadefaf83c80a8703153') in 0.0095122 seconds
Number of updated asset objects reloaded before import = 0Number of asset objects unloaded after import = 3

========================================================================
Received Import Request.
  Time since last request: 0.000019 seconds.
  path: Assets/King of Overbrawl/KING OF OVERBRAWL/Logs
  artifactKey: Guid(fc9cdb751ee20de41a2486c6c054c93c) Importer(2089858483,b0f066a214c2f5e87bad3c948f4d605d)
Start importing Assets/King of Overbrawl/KING OF OVERBRAWL/Logs using Guid(fc9cdb751ee20de41a2486c6c054c93c) Importer(2089858483,b0f066a214c2f5e87bad3c948f4d605d) (ScriptedImporter) -> (artifact id: '5b02a93a1324d2aaedf84ea38cf73b49') in 0.0023733 seconds
Number of updated asset objects reloaded before import = 0Number of asset objects unloaded after import = 1

========================================================================
Received Import Request.
  Time since last request: 0.000020 seconds.
  path: Assets/King of Overbrawl/KING OF OVERBRAWL/GOOD/VALKRO/PURPLE/sequence images-1
  artifactKey: Guid(68bd881b70b0b2a4890375c997801845) Importer(2089858483,b0f066a214c2f5e87bad3c948f4d605d)
Start importing Assets/King of Overbrawl/KING OF OVERBRAWL/GOOD/VALKRO/PURPLE/sequence images-1 using Guid(68bd881b70b0b2a4890375c997801845) Importer(2089858483,b0f066a214c2f5e87bad3c948f4d605d) (ScriptedImporter) -> (artifact id: '1de74c7d8fa689ba13541f65fca20f16') in 0.0032608 seconds
Number of updated asset objects reloaded before import = 0Number of asset objects unloaded after import = 1

========================================================================
Received Import Request.
  Time since last request: 0.000031 seconds.
  path: Assets/King of Overbrawl/KING OF OVERBRAWL/GOOD/VALKRO/PINK/sequence images/idle/idle_00011.png
  artifactKey: Guid(24c6a180189e7d04c905c94475a9beb6) Importer(2089858483,b0f066a214c2f5e87bad3c948f4d605d)
Start importing Assets/King of Overbrawl/KING OF OVERBRAWL/GOOD/VALKRO/PINK/sequence images/idle/idle_00011.png using Guid(24c6a180189e7d04c905c94475a9beb6) Importer(2089858483,b0f066a214c2f5e87bad3c948f4d605d) (ScriptedImporter) -> (artifact id: 'a419385c6777322ef6bfb10abb67ac24') in 0.0089984 seconds
Number of updated asset objects reloaded before import = 0Number of asset objects unloaded after import = 3

========================================================================
Received Import Request.
  Time since last request: 0.000024 seconds.
  path: Assets/King of Overbrawl/KING OF OVERBRAWL/GOOD/VALKRO/PURPLE/sequence images-1/attack/p_00004.png
  artifactKey: Guid(961170d4d2957d04190cc84f71ff4dea) Importer(2089858483,b0f066a214c2f5e87bad3c948f4d605d)
Start importing Assets/King of Overbrawl/KING OF OVERBRAWL/GOOD/VALKRO/PURPLE/sequence images-1/attack/p_00004.png using Guid(961170d4d2957d04190cc84f71ff4dea) Importer(2089858483,b0f066a214c2f5e87bad3c948f4d605d) (ScriptedImporter) -> (artifact id: 'c50b392abddb11b52c5cf2bcb6fa1658') in 0.0108564 seconds
Number of updated asset objects reloaded before import = 0Number of asset objects unloaded after import = 3

========================================================================
Received Import Request.
  Time since last request: 0.000032 seconds.
  path: Assets/King of Overbrawl/KING OF OVERBRAWL/GOOD/VALKRO/HORRIBLEWORK DELIVERED/example sprite animations/c1-walk.gif
  artifactKey: Guid(f5392efd753a66b468ee0d365df4d55c) Importer(2089858483,b0f066a214c2f5e87bad3c948f4d605d)
Start importing Assets/King of Overbrawl/KING OF OVERBRAWL/GOOD/VALKRO/HORRIBLEWORK DELIVERED/example sprite animations/c1-walk.gif using Guid(f5392efd753a66b468ee0d365df4d55c) Importer(2089858483,b0f066a214c2f5e87bad3c948f4d605d) (ScriptedImporter) -> (artifact id: '416e7ada00e9cce3a79af0e68b8f59af') in 0.0182567 seconds
Number of updated asset objects reloaded before import = 0Number of asset objects unloaded after import = 3

========================================================================
Received Import Request.
  Time since last request: 0.000026 seconds.
  path: Assets/King of Overbrawl/KING OF OVERBRAWL/BGBOKO/Episode 8/8-2.png
  artifactKey: Guid(8572c6f6c5a663c40b25eccec252a449) Importer(2089858483,b0f066a214c2f5e87bad3c948f4d605d)
Start importing Assets/King of Overbrawl/KING OF OVERBRAWL/BGBOKO/Episode 8/8-2.png using Guid(8572c6f6c5a663c40b25eccec252a449) Importer(2089858483,b0f066a214c2f5e87bad3c948f4d605d) (ScriptedImporter) -> (artifact id: '9953886db6dfd0fa49b84b11a9879ae4') in 0.0121058 seconds
Number of updated asset objects reloaded before import = 0Number of asset objects unloaded after import = 3

========================================================================
Received Import Request.
  Time since last request: 0.000021 seconds.
  path: Assets/King of Overbrawl/KING OF OVERBRAWL
  artifactKey: Guid(9444c415d0dc60d4c919ca77918dc026) Importer(2089858483,b0f066a214c2f5e87bad3c948f4d605d)
Start importing Assets/King of Overbrawl/KING OF OVERBRAWL using Guid(9444c415d0dc60d4c919ca77918dc026) Importer(2089858483,b0f066a214c2f5e87bad3c948f4d605d) (ScriptedImporter) -> (artifact id: 'e8b768aeaab13878c04539aac7f1f0c1') in 0.0026743 seconds
Number of updated asset objects reloaded before import = 0Number of asset objects unloaded after import = 1

========================================================================
Received Import Request.
  Time since last request: 0.000031 seconds.
  path: Assets/King of Overbrawl/KING OF OVERBRAWL/GOOD/VALKRO/PINK/sequence images/die/die_00023.png
  artifactKey: Guid(31970758fc678f84dab62b1b570df25d) Importer(2089858483,b0f066a214c2f5e87bad3c948f4d605d)
Start importing Assets/King of Overbrawl/KING OF OVERBRAWL/GOOD/VALKRO/PINK/sequence images/die/die_00023.png using Guid(31970758fc678f84dab62b1b570df25d) Importer(2089858483,b0f066a214c2f5e87bad3c948f4d605d) (ScriptedImporter) -> (artifact id: '756f5c821db9fa69926761571bd9a071') in 0.0112647 seconds
Number of updated asset objects reloaded before import = 0Number of asset objects unloaded after import = 3

========================================================================
Received Import Request.
  Time since last request: 0.000027 seconds.
  path: Assets/King of Overbrawl/KING OF OVERBRAWL/GOOD/VALKRO/PINK/sequence images/walk/walk_00008.png
  artifactKey: Guid(cea4b7314f0d6a64986646b3ccc4968b) Importer(2089858483,b0f066a214c2f5e87bad3c948f4d605d)
Start importing Assets/King of Overbrawl/KING OF OVERBRAWL/GOOD/VALKRO/PINK/sequence images/walk/walk_00008.png using Guid(cea4b7314f0d6a64986646b3ccc4968b) Importer(2089858483,b0f066a214c2f5e87bad3c948f4d605d) (ScriptedImporter) -> (artifact id: 'a3ff4937bafd2e91d9422e464bbeb193') in 0.0092602 seconds
Number of updated asset objects reloaded before import = 0Number of asset objects unloaded after import = 3

========================================================================
Received Import Request.
  Time since last request: 0.000031 seconds.
  path: Assets/King of Overbrawl/KING OF OVERBRAWL/GOOD/VALKRO/PURPLE/sequence images-1/idle/p_00002.png
  artifactKey: Guid(353f9e7d05ce6c548ad021a910569a11) Importer(2089858483,b0f066a214c2f5e87bad3c948f4d605d)
Start importing Assets/King of Overbrawl/KING OF OVERBRAWL/GOOD/VALKRO/PURPLE/sequence images-1/idle/p_00002.png using Guid(353f9e7d05ce6c548ad021a910569a11) Importer(2089858483,b0f066a214c2f5e87bad3c948f4d605d) (ScriptedImporter) -> (artifact id: '4ea2200cffcefcd1b954f4b41354ac49') in 0.0130635 seconds
Number of updated asset objects reloaded before import = 0Number of asset objects unloaded after import = 3

========================================================================
Received Import Request.
  Time since last request: 0.000020 seconds.
  path: Assets/King of Overbrawl/KING OF OVERBRAWL/GOOD/VALKRO/PINK/sequence images/idle/idle_00021.png
  artifactKey: Guid(979db1cb4826b0e42b0a1630d5ddb95a) Importer(2089858483,b0f066a214c2f5e87bad3c948f4d605d)
Start importing Assets/King of Overbrawl/KING OF OVERBRAWL/GOOD/VALKRO/PINK/sequence images/idle/idle_00021.png using Guid(979db1cb4826b0e42b0a1630d5ddb95a) Importer(2089858483,b0f066a214c2f5e87bad3c948f4d605d) (ScriptedImporter) -> (artifact id: '8c2be24ac500458fe9505f3c854943b8') in 0.010776 seconds
Number of updated asset objects reloaded before import = 0Number of asset objects unloaded after import = 3

========================================================================
Received Import Request.
  Time since last request: 0.000021 seconds.
  path: Assets/King of Overbrawl/KING OF OVERBRAWL/BGBOKO/5B.png
  artifactKey: Guid(093fb5c937b0be049bdb0d3f00bb89d1) Importer(2089858483,b0f066a214c2f5e87bad3c948f4d605d)
Start importing Assets/King of Overbrawl/KING OF OVERBRAWL/BGBOKO/5B.png using Guid(093fb5c937b0be049bdb0d3f00bb89d1) Importer(2089858483,b0f066a214c2f5e87bad3c948f4d605d) (ScriptedImporter) -> (artifact id: '366df6ea2b72399cac0a7b3e9d801f0d') in 0.0225393 seconds
Number of updated asset objects reloaded before import = 0Number of asset objects unloaded after import = 3

========================================================================
Received Import Request.
  Time since last request: 0.000026 seconds.
  path: Assets/King of Overbrawl/KING OF OVERBRAWL/BGBOKO/Episode 51.png
  artifactKey: Guid(b2665e87e15208544842f056284c6dfc) Importer(2089858483,b0f066a214c2f5e87bad3c948f4d605d)
Start importing Assets/King of Overbrawl/KING OF OVERBRAWL/BGBOKO/Episode 51.png using Guid(b2665e87e15208544842f056284c6dfc) Importer(2089858483,b0f066a214c2f5e87bad3c948f4d605d) (ScriptedImporter) -> (artifact id: '0cb257bf71ae1eb5ace2ca3e3b686469') in 0.0248517 seconds
Number of updated asset objects reloaded before import = 0Number of asset objects unloaded after import = 3

========================================================================
Received Import Request.
  Time since last request: 0.000038 seconds.
  path: Assets/King of Overbrawl/KING OF OVERBRAWL/GOOD/VALKRO/PURPLE/sequence images-1/walk/p_00018.png
  artifactKey: Guid(79534324a2bc9d5469df17a8482fe2d3) Importer(2089858483,b0f066a214c2f5e87bad3c948f4d605d)
Start importing Assets/King of Overbrawl/KING OF OVERBRAWL/GOOD/VALKRO/PURPLE/sequence images-1/walk/p_00018.png using Guid(79534324a2bc9d5469df17a8482fe2d3) Importer(2089858483,b0f066a214c2f5e87bad3c948f4d605d) (ScriptedImporter) -> (artifact id: 'bb382ec29bf81bc7f389e15bdcb02ce1') in 0.01121 seconds
Number of updated asset objects reloaded before import = 0Number of asset objects unloaded after import = 3

========================================================================
Received Import Request.
  Time since last request: 0.000030 seconds.
  path: Assets/King of Overbrawl/KING OF OVERBRAWL/BGBOKO/Episode 2
  artifactKey: Guid(70a7b8557cb75e44899aa19a7e9ee989) Importer(2089858483,b0f066a214c2f5e87bad3c948f4d605d)
Start importing Assets/King of Overbrawl/KING OF OVERBRAWL/BGBOKO/Episode 2 using Guid(70a7b8557cb75e44899aa19a7e9ee989) Importer(2089858483,b0f066a214c2f5e87bad3c948f4d605d) (ScriptedImporter) -> (artifact id: 'a3c0d7dbada47adb60a5f97f61cbb60f') in 0.0027255 seconds
Number of updated asset objects reloaded before import = 0Number of asset objects unloaded after import = 1

========================================================================
Received Import Request.
  Time since last request: 0.000028 seconds.
  path: Assets/King of Overbrawl/KING OF OVERBRAWL/GOOD/VALKRO/PINK/sequence images/walk/walk_00021.png
  artifactKey: Guid(2b8635cb87779c04b89db99989641ae9) Importer(2089858483,b0f066a214c2f5e87bad3c948f4d605d)
Start importing Assets/King of Overbrawl/KING OF OVERBRAWL/GOOD/VALKRO/PINK/sequence images/walk/walk_00021.png using Guid(2b8635cb87779c04b89db99989641ae9) Importer(2089858483,b0f066a214c2f5e87bad3c948f4d605d) (ScriptedImporter) -> (artifact id: '1c837e38b11015c75f4615510cfbe35c') in 0.010444 seconds
Number of updated asset objects reloaded before import = 0Number of asset objects unloaded after import = 3

========================================================================
Received Import Request.
  Time since last request: 0.000026 seconds.
  path: Assets/King of Overbrawl/KING OF OVERBRAWL/GOOD/VALKRO/PINK/sequence images/die/die_00018.png
  artifactKey: Guid(c2487b5746729134e81dd8a079d17459) Importer(2089858483,b0f066a214c2f5e87bad3c948f4d605d)
Start importing Assets/King of Overbrawl/KING OF OVERBRAWL/GOOD/VALKRO/PINK/sequence images/die/die_00018.png using Guid(c2487b5746729134e81dd8a079d17459) Importer(2089858483,b0f066a214c2f5e87bad3c948f4d605d) (ScriptedImporter) -> (artifact id: '4a6655d1bc353de3f6413fa7c095b501') in 0.010684 seconds
Number of updated asset objects reloaded before import = 0Number of asset objects unloaded after import = 3

========================================================================
Received Import Request.
  Time since last request: 0.000028 seconds.
  path: Assets/King of Overbrawl/KING OF OVERBRAWL/GOOD/VALKRO/PURPLE/sequence images-1/die/p_00012.png
  artifactKey: Guid(cb4d84bc7d5977e499d785686886e793) Importer(2089858483,b0f066a214c2f5e87bad3c948f4d605d)
Start importing Assets/King of Overbrawl/KING OF OVERBRAWL/GOOD/VALKRO/PURPLE/sequence images-1/die/p_00012.png using Guid(cb4d84bc7d5977e499d785686886e793) Importer(2089858483,b0f066a214c2f5e87bad3c948f4d605d) (ScriptedImporter) -> (artifact id: 'c9f67aec73bad00da4465460d7ff70ae') in 0.0098802 seconds
Number of updated asset objects reloaded before import = 0Number of asset objects unloaded after import = 3

========================================================================
Received Import Request.
  Time since last request: 0.000026 seconds.
  path: Assets/King of Overbrawl/KING OF OVERBRAWL/GOOD/VALKRO/PINK/sequence images/attack/attack_00022.png
  artifactKey: Guid(2e443b581c19ecc4e874b48d9512fd2a) Importer(2089858483,b0f066a214c2f5e87bad3c948f4d605d)
Start importing Assets/King of Overbrawl/KING OF OVERBRAWL/GOOD/VALKRO/PINK/sequence images/attack/attack_00022.png using Guid(2e443b581c19ecc4e874b48d9512fd2a) Importer(2089858483,b0f066a214c2f5e87bad3c948f4d605d) (ScriptedImporter) -> (artifact id: 'd9cf90d08f18a0dc09516f194807bda3') in 0.0093619 seconds
Number of updated asset objects reloaded before import = 0Number of asset objects unloaded after import = 3

========================================================================
Received Import Request.
  Time since last request: 0.000020 seconds.
  path: Assets/King of Overbrawl/KING OF OVERBRAWL/GOOD/VALKRO/PURPLE/sequence images-1/walk/p_00014.png
  artifactKey: Guid(6c4a618c38c8d684da18f7f88c8d39c3) Importer(2089858483,b0f066a214c2f5e87bad3c948f4d605d)
Start importing Assets/King of Overbrawl/KING OF OVERBRAWL/GOOD/VALKRO/PURPLE/sequence images-1/walk/p_00014.png using Guid(6c4a618c38c8d684da18f7f88c8d39c3) Importer(2089858483,b0f066a214c2f5e87bad3c948f4d605d) (ScriptedImporter) -> (artifact id: 'c340404e3f330363c422205b8ae1664a') in 0.0175133 seconds
Number of updated asset objects reloaded before import = 0Number of asset objects unloaded after import = 3

========================================================================
Received Import Request.
  Time since last request: 0.000029 seconds.
  path: Assets/King of Overbrawl/KING OF OVERBRAWL/GOOD/VALKRO/PINK/sequence images/idle/idle_00023.png
  artifactKey: Guid(378291d6018738841a757498158900c4) Importer(2089858483,b0f066a214c2f5e87bad3c948f4d605d)
Start importing Assets/King of Overbrawl/KING OF OVERBRAWL/GOOD/VALKRO/PINK/sequence images/idle/idle_00023.png using Guid(378291d6018738841a757498158900c4) Importer(2089858483,b0f066a214c2f5e87bad3c948f4d605d) (ScriptedImporter) -> (artifact id: 'd02069e11854f51220726799ad3eb35b') in 0.0103903 seconds
Number of updated asset objects reloaded before import = 0Number of asset objects unloaded after import = 3

========================================================================
Received Import Request.
  Time since last request: 0.000023 seconds.
  path: Assets/King of Overbrawl/KING OF OVERBRAWL/BGBOKO/Episode 8/8-3.png
  artifactKey: Guid(b5d530a3215020f4692eb2524c56db1e) Importer(2089858483,b0f066a214c2f5e87bad3c948f4d605d)
Start importing Assets/King of Overbrawl/KING OF OVERBRAWL/BGBOKO/Episode 8/8-3.png using Guid(b5d530a3215020f4692eb2524c56db1e) Importer(2089858483,b0f066a214c2f5e87bad3c948f4d605d) (ScriptedImporter) -> (artifact id: '7dcad01181c4dff6dc0c60f9a9799310') in 0.0113912 seconds
Number of updated asset objects reloaded before import = 0Number of asset objects unloaded after import = 3

========================================================================
Received Import Request.
  Time since last request: 0.000022 seconds.
  path: Assets/King of Overbrawl/KING OF OVERBRAWL/BGBOKO/Episode 8
  artifactKey: Guid(c371ce7d6a51ede409890f83a434d723) Importer(2089858483,b0f066a214c2f5e87bad3c948f4d605d)
Start importing Assets/King of Overbrawl/KING OF OVERBRAWL/BGBOKO/Episode 8 using Guid(c371ce7d6a51ede409890f83a434d723) Importer(2089858483,b0f066a214c2f5e87bad3c948f4d605d) (ScriptedImporter) -> (artifact id: 'a9d7edd3d51dbe82d4d1b7b16811a0e0') in 0.003136 seconds
Number of updated asset objects reloaded before import = 0Number of asset objects unloaded after import = 1

========================================================================
Received Import Request.
  Time since last request: 0.000021 seconds.
  path: Assets/King of Overbrawl/KING OF OVERBRAWL/GOOD/VALKRO/PINK/sequence images/walk/walk_00023.png
  artifactKey: Guid(812a9ef5b66ccf74ba68b671e6c12355) Importer(2089858483,b0f066a214c2f5e87bad3c948f4d605d)
Start importing Assets/King of Overbrawl/KING OF OVERBRAWL/GOOD/VALKRO/PINK/sequence images/walk/walk_00023.png using Guid(812a9ef5b66ccf74ba68b671e6c12355) Importer(2089858483,b0f066a214c2f5e87bad3c948f4d605d) (ScriptedImporter) -> (artifact id: '3ad3537e329e09c987106b2737dc42c8') in 0.0101286 seconds
Number of updated asset objects reloaded before import = 0Number of asset objects unloaded after import = 3

========================================================================
Received Import Request.
  Time since last request: 0.000029 seconds.
  path: Assets/King of Overbrawl/KING OF OVERBRAWL/GOOD/VALKRO/PURPLE/sequence images-1/idle/p_00022.png
  artifactKey: Guid(b1c55e51b27d9384fa7490ae08772ae9) Importer(2089858483,b0f066a214c2f5e87bad3c948f4d605d)
Start importing Assets/King of Overbrawl/KING OF OVERBRAWL/GOOD/VALKRO/PURPLE/sequence images-1/idle/p_00022.png using Guid(b1c55e51b27d9384fa7490ae08772ae9) Importer(2089858483,b0f066a214c2f5e87bad3c948f4d605d) (ScriptedImporter) -> (artifact id: '6156b56e96932e91641e3b660569c0fb') in 0.0109878 seconds
Number of updated asset objects reloaded before import = 0Number of asset objects unloaded after import = 3

========================================================================
Received Import Request.
  Time since last request: 0.000030 seconds.
  path: Assets/King of Overbrawl/KING OF OVERBRAWL/GOOD/VALKRO/PURPLE/sequence images-1/walk/p_00016.png
  artifactKey: Guid(bee2b10dc50b3a242a2be19d3476490b) Importer(2089858483,b0f066a214c2f5e87bad3c948f4d605d)
Start importing Assets/King of Overbrawl/KING OF OVERBRAWL/GOOD/VALKRO/PURPLE/sequence images-1/walk/p_00016.png using Guid(bee2b10dc50b3a242a2be19d3476490b) Importer(2089858483,b0f066a214c2f5e87bad3c948f4d605d) (ScriptedImporter) -> (artifact id: '7c147b871f4c73a80beff442722d3742') in 0.010526 seconds
Number of updated asset objects reloaded before import = 0Number of asset objects unloaded after import = 3

========================================================================
Received Import Request.
  Time since last request: 0.000018 seconds.
  path: Assets/King of Overbrawl/KING OF OVERBRAWL/GOOD/VALKRO/HORRIBLEWORK DELIVERED/example sprite animations/c2-idle.gif
  artifactKey: Guid(4277e9f32d014b2408db7840efbe52e9) Importer(2089858483,b0f066a214c2f5e87bad3c948f4d605d)
Start importing Assets/King of Overbrawl/KING OF OVERBRAWL/GOOD/VALKRO/HORRIBLEWORK DELIVERED/example sprite animations/c2-idle.gif using Guid(4277e9f32d014b2408db7840efbe52e9) Importer(2089858483,b0f066a214c2f5e87bad3c948f4d605d) (ScriptedImporter) -> (artifact id: 'a620064d0104f6abec367ed19a52cf0a') in 0.0098954 seconds
Number of updated asset objects reloaded before import = 0Number of asset objects unloaded after import = 3

========================================================================
Received Import Request.
  Time since last request: 0.000029 seconds.
  path: Assets/King of Overbrawl/KING OF OVERBRAWL/GOOD/VALKRO/PURPLE/sequence images-1/attack/p_00014.png
  artifactKey: Guid(bb6761929e0087440abfcaaaa1a728e1) Importer(2089858483,b0f066a214c2f5e87bad3c948f4d605d)
Start importing Assets/King of Overbrawl/KING OF OVERBRAWL/GOOD/VALKRO/PURPLE/sequence images-1/attack/p_00014.png using Guid(bb6761929e0087440abfcaaaa1a728e1) Importer(2089858483,b0f066a214c2f5e87bad3c948f4d605d) (ScriptedImporter) -> (artifact id: '220a79241e9854ebd9eb31b8194d6393') in 0.0234686 seconds
Number of updated asset objects reloaded before import = 0Number of asset objects unloaded after import = 6

========================================================================
Received Import Request.
  Time since last request: 0.000029 seconds.
  path: Assets/King of Overbrawl/KING OF OVERBRAWL/BGBOKO/5A.png
  artifactKey: Guid(1a3fb97d9f36ad044b029e9fcc76b88c) Importer(2089858483,b0f066a214c2f5e87bad3c948f4d605d)
Start importing Assets/King of Overbrawl/KING OF OVERBRAWL/BGBOKO/5A.png using Guid(1a3fb97d9f36ad044b029e9fcc76b88c) Importer(2089858483,b0f066a214c2f5e87bad3c948f4d605d) (ScriptedImporter) -> (artifact id: '7372337133a0026b8d9bae4d62914408') in 0.0120353 seconds
Number of updated asset objects reloaded before import = 0Number of asset objects unloaded after import = 3

========================================================================
Received Import Request.
  Time since last request: 0.000036 seconds.
  path: Assets/King of Overbrawl/KING OF OVERBRAWL/GOOD/BOKO/fist/note.txt
  artifactKey: Guid(e2239f155a97e3547b0d9eb98052f9c9) Importer(2089858483,b0f066a214c2f5e87bad3c948f4d605d)
Start importing Assets/King of Overbrawl/KING OF OVERBRAWL/GOOD/BOKO/fist/note.txt using Guid(e2239f155a97e3547b0d9eb98052f9c9) Importer(2089858483,b0f066a214c2f5e87bad3c948f4d605d) (ScriptedImporter) -> (artifact id: '14f3b440efd49615a4703eb50065c4bf') in 0.0026334 seconds
Number of updated asset objects reloaded before import = 0Number of asset objects unloaded after import = 1

========================================================================
Received Import Request.
  Time since last request: 0.000053 seconds.
  path: Assets/King of Overbrawl/KING OF OVERBRAWL/GOOD/BOKO/BOKO BASIC
  artifactKey: Guid(0157a66a8bd6be54685fe0bd95feac72) Importer(2089858483,b0f066a214c2f5e87bad3c948f4d605d)
Start importing Assets/King of Overbrawl/KING OF OVERBRAWL/GOOD/BOKO/BOKO BASIC using Guid(0157a66a8bd6be54685fe0bd95feac72) Importer(2089858483,b0f066a214c2f5e87bad3c948f4d605d) (ScriptedImporter) -> (artifact id: '0c0a625e85ad139ab4f3169b7566d08c') in 0.0025715 seconds
Number of updated asset objects reloaded before import = 0Number of asset objects unloaded after import = 1

========================================================================
Received Import Request.
  Time since last request: 0.000036 seconds.
  path: Assets/King of Overbrawl/KING OF OVERBRAWL/GOOD/VALKRO/PINK/sequence images/walk/walk_00012.png
  artifactKey: Guid(6ed827a6037b8fd4d9b1aabf958d03f9) Importer(2089858483,b0f066a214c2f5e87bad3c948f4d605d)
Start importing Assets/King of Overbrawl/KING OF OVERBRAWL/GOOD/VALKRO/PINK/sequence images/walk/walk_00012.png using Guid(6ed827a6037b8fd4d9b1aabf958d03f9) Importer(2089858483,b0f066a214c2f5e87bad3c948f4d605d) (ScriptedImporter) -> (artifact id: 'e5251a17026697b41a488dc55f87a56c') in 0.009428 seconds
Number of updated asset objects reloaded before import = 0Number of asset objects unloaded after import = 3

========================================================================
Received Import Request.
  Time since last request: 0.000024 seconds.
  path: Assets/King of Overbrawl/KING OF OVERBRAWL/GOOD/VALKRO/PURPLE/sequence images-1/idle/p_00016.png
  artifactKey: Guid(179022b9ca44c8647857071def2bb1c7) Importer(2089858483,b0f066a214c2f5e87bad3c948f4d605d)
Start importing Assets/King of Overbrawl/KING OF OVERBRAWL/GOOD/VALKRO/PURPLE/sequence images-1/idle/p_00016.png using Guid(179022b9ca44c8647857071def2bb1c7) Importer(2089858483,b0f066a214c2f5e87bad3c948f4d605d) (ScriptedImporter) -> (artifact id: '5c3ebd60b631c25edf001185149fdf4c') in 0.0094165 seconds
Number of updated asset objects reloaded before import = 0Number of asset objects unloaded after import = 3

========================================================================
Received Import Request.
  Time since last request: 0.000024 seconds.
  path: Assets/King of Overbrawl/KING OF OVERBRAWL/BGBOKO/Episode 1/1-2.png
  artifactKey: Guid(a93fa0c5f097edb448eaa9fcf404fd12) Importer(2089858483,b0f066a214c2f5e87bad3c948f4d605d)
Start importing Assets/King of Overbrawl/KING OF OVERBRAWL/BGBOKO/Episode 1/1-2.png using Guid(a93fa0c5f097edb448eaa9fcf404fd12) Importer(2089858483,b0f066a214c2f5e87bad3c948f4d605d) (ScriptedImporter) -> (artifact id: '02718138793077f16ab697bd25506880') in 0.0098696 seconds
Number of updated asset objects reloaded before import = 0Number of asset objects unloaded after import = 3

========================================================================
Received Import Request.
  Time since last request: 0.000029 seconds.
  path: Assets/King of Overbrawl/KING OF OVERBRAWL/GOOD/VALKRO/PURPLE/sequence images-1/walk/p_00001.png
  artifactKey: Guid(5447bbc9274f09446919d3ce7cc45c80) Importer(2089858483,b0f066a214c2f5e87bad3c948f4d605d)
Start importing Assets/King of Overbrawl/KING OF OVERBRAWL/GOOD/VALKRO/PURPLE/sequence images-1/walk/p_00001.png using Guid(5447bbc9274f09446919d3ce7cc45c80) Importer(2089858483,b0f066a214c2f5e87bad3c948f4d605d) (ScriptedImporter) -> (artifact id: 'b2c42cfd497947bcc14f79b323d2a2bf') in 0.0115218 seconds
Number of updated asset objects reloaded before import = 0Number of asset objects unloaded after import = 3

========================================================================
Received Import Request.
  Time since last request: 0.000023 seconds.
  path: Assets/King of Overbrawl/KING OF OVERBRAWL/GOOD/VALKRO/PURPLE/sequence images-1/idle/p_00012.png
  artifactKey: Guid(139d60900a8bb5b48a884b267b1d8b84) Importer(2089858483,b0f066a214c2f5e87bad3c948f4d605d)
Start importing Assets/King of Overbrawl/KING OF OVERBRAWL/GOOD/VALKRO/PURPLE/sequence images-1/idle/p_00012.png using Guid(139d60900a8bb5b48a884b267b1d8b84) Importer(2089858483,b0f066a214c2f5e87bad3c948f4d605d) (ScriptedImporter) -> (artifact id: '7ac15ccd760b04445c1c0cd72157f43e') in 0.0173414 seconds
Number of updated asset objects reloaded before import = 0Number of asset objects unloaded after import = 3

========================================================================
Received Import Request.
  Time since last request: 0.000024 seconds.
  path: Assets/King of Overbrawl/KING OF OVERBRAWL/GOOD/VALKRO/PINK/sequence images/attack/attack_00017.png
  artifactKey: Guid(d827ec3939bdcfa45b2950f64f87fe8c) Importer(2089858483,b0f066a214c2f5e87bad3c948f4d605d)
Start importing Assets/King of Overbrawl/KING OF OVERBRAWL/GOOD/VALKRO/PINK/sequence images/attack/attack_00017.png using Guid(d827ec3939bdcfa45b2950f64f87fe8c) Importer(2089858483,b0f066a214c2f5e87bad3c948f4d605d) (ScriptedImporter) -> (artifact id: 'da1f7a2c5a5cd4fc6e6c4e30a6d21be2') in 0.0120855 seconds
Number of updated asset objects reloaded before import = 0Number of asset objects unloaded after import = 3

========================================================================
Received Import Request.
  Time since last request: 0.000036 seconds.
  path: Assets/King of Overbrawl/KING OF OVERBRAWL/GOOD/VALKRO/PINK/sequence images/attack/attack_00002.png
  artifactKey: Guid(e1b680e7da41076488ef536072fa4d64) Importer(2089858483,b0f066a214c2f5e87bad3c948f4d605d)
Start importing Assets/King of Overbrawl/KING OF OVERBRAWL/GOOD/VALKRO/PINK/sequence images/attack/attack_00002.png using Guid(e1b680e7da41076488ef536072fa4d64) Importer(2089858483,b0f066a214c2f5e87bad3c948f4d605d) (ScriptedImporter) -> (artifact id: 'c6b93d8f1563ff2a86afa035790d1e9a') in 0.0105604 seconds
Number of updated asset objects reloaded before import = 0Number of asset objects unloaded after import = 3

========================================================================
Received Import Request.
  Time since last request: 0.000023 seconds.
  path: Assets/King of Overbrawl/KING OF OVERBRAWL/GOOD/VALKRO/HORRIBLEWORK DELIVERED/example sprite animations/c1-attack.gif
  artifactKey: Guid(65e3f6b5b9690e648858bfa369757104) Importer(2089858483,b0f066a214c2f5e87bad3c948f4d605d)
Start importing Assets/King of Overbrawl/KING OF OVERBRAWL/GOOD/VALKRO/HORRIBLEWORK DELIVERED/example sprite animations/c1-attack.gif using Guid(65e3f6b5b9690e648858bfa369757104) Importer(2089858483,b0f066a214c2f5e87bad3c948f4d605d) (ScriptedImporter) -> (artifact id: 'f508c482dd4a3d0a3d4ed42ba4934405') in 0.0138246 seconds
Number of updated asset objects reloaded before import = 0Number of asset objects unloaded after import = 3

========================================================================
Received Import Request.
  Time since last request: 0.000030 seconds.
  path: Assets/King of Overbrawl/KING OF OVERBRAWL/BAD/GOBLIN 1/animations-1/range_walk.png
  artifactKey: Guid(03bdf7c2011e8ac48bae8e7c8d0e43a5) Importer(2089858483,b0f066a214c2f5e87bad3c948f4d605d)
Start importing Assets/King of Overbrawl/KING OF OVERBRAWL/BAD/GOBLIN 1/animations-1/range_walk.png using Guid(03bdf7c2011e8ac48bae8e7c8d0e43a5) Importer(2089858483,b0f066a214c2f5e87bad3c948f4d605d) (ScriptedImporter) -> (artifact id: 'c79e15f91f64fddad8da8cc9e36e8241') in 0.0390118 seconds
Number of updated asset objects reloaded before import = 0Number of asset objects unloaded after import = 20

========================================================================
Received Import Request.
  Time since last request: 0.000016 seconds.
  path: Assets/King of Overbrawl/KING OF OVERBRAWL/GOOD/VALKRO/PINK/sequence images/pink.mp4
  artifactKey: Guid(364c8893e8a42e6438da98e0b836f15a) Importer(2089858483,b0f066a214c2f5e87bad3c948f4d605d)
Start importing Assets/King of Overbrawl/KING OF OVERBRAWL/GOOD/VALKRO/PINK/sequence images/pink.mp4 using Guid(364c8893e8a42e6438da98e0b836f15a) Importer(2089858483,b0f066a214c2f5e87bad3c948f4d605d) (ScriptedImporter) -> (artifact id: '6b8f6de0caea6b175800207fd1e683fa') in 0.0040639 seconds
Number of updated asset objects reloaded before import = 0Number of asset objects unloaded after import = 1

========================================================================
Received Import Request.
  Time since last request: 0.000035 seconds.
  path: Assets/King of Overbrawl/KING OF OVERBRAWL/GOOD/VALKRO/PURPLE/sequence images-1/idle/p_00009.png
  artifactKey: Guid(7ef65b20486537647aa228a3b420b1bb) Importer(2089858483,b0f066a214c2f5e87bad3c948f4d605d)
Start importing Assets/King of Overbrawl/KING OF OVERBRAWL/GOOD/VALKRO/PURPLE/sequence images-1/idle/p_00009.png using Guid(7ef65b20486537647aa228a3b420b1bb) Importer(2089858483,b0f066a214c2f5e87bad3c948f4d605d) (ScriptedImporter) -> (artifact id: '0bc335945a21a14ca6afcfd53870f388') in 0.0102291 seconds
Number of updated asset objects reloaded before import = 0Number of asset objects unloaded after import = 3

========================================================================
Received Import Request.
  Time since last request: 0.000031 seconds.
  path: Assets/King of Overbrawl/KING OF OVERBRAWL/GOOD/VALKRO/PURPLE/sequence images-1/idle/p_00020.png
  artifactKey: Guid(4f328042f38cf574c9600dddd60772db) Importer(2089858483,b0f066a214c2f5e87bad3c948f4d605d)
Start importing Assets/King of Overbrawl/KING OF OVERBRAWL/GOOD/VALKRO/PURPLE/sequence images-1/idle/p_00020.png using Guid(4f328042f38cf574c9600dddd60772db) Importer(2089858483,b0f066a214c2f5e87bad3c948f4d605d) (ScriptedImporter) -> (artifact id: '14c83d8072ac11d307a3df56afc1e501') in 0.0119669 seconds
Number of updated asset objects reloaded before import = 0Number of asset objects unloaded after import = 3

========================================================================
Received Import Request.
  Time since last request: 0.000019 seconds.
  path: Assets/King of Overbrawl/KING OF OVERBRAWL/BAD/GOBLIN 1/animations-1/range_death.png
  artifactKey: Guid(dd554023f7d462d468b0939e732ac6bf) Importer(2089858483,b0f066a214c2f5e87bad3c948f4d605d)
Start importing Assets/King of Overbrawl/KING OF OVERBRAWL/BAD/GOBLIN 1/animations-1/range_death.png using Guid(dd554023f7d462d468b0939e732ac6bf) Importer(2089858483,b0f066a214c2f5e87bad3c948f4d605d) (ScriptedImporter) -> (artifact id: '78e5ba8ad18cd2ce5d3f0fe906552155') in 0.0375249 seconds
Number of updated asset objects reloaded before import = 0Number of asset objects unloaded after import = 22

========================================================================
Received Import Request.
  Time since last request: 0.000029 seconds.
  path: Assets/King of Overbrawl/KING OF OVERBRAWL/BGBOKO/3B.png
  artifactKey: Guid(95130822f74fdf44599fcb1910f9e137) Importer(2089858483,b0f066a214c2f5e87bad3c948f4d605d)
Start importing Assets/King of Overbrawl/KING OF OVERBRAWL/BGBOKO/3B.png using Guid(95130822f74fdf44599fcb1910f9e137) Importer(2089858483,b0f066a214c2f5e87bad3c948f4d605d) (ScriptedImporter) -> (artifact id: '00124d657664b98bc2b4e6e4bfcfb16d') in 0.0439796 seconds
Number of updated asset objects reloaded before import = 0Number of asset objects unloaded after import = 3

========================================================================
Received Import Request.
  Time since last request: 0.000040 seconds.
  path: Assets/King of Overbrawl/KING OF OVERBRAWL/GOOD/VALKRO/HORRIBLEWORK DELIVERED/example sprite animations/c2-walk.gif
  artifactKey: Guid(e163cffe8583bbe49baf3dd85a8cef28) Importer(2089858483,b0f066a214c2f5e87bad3c948f4d605d)
Start importing Assets/King of Overbrawl/KING OF OVERBRAWL/GOOD/VALKRO/HORRIBLEWORK DELIVERED/example sprite animations/c2-walk.gif using Guid(e163cffe8583bbe49baf3dd85a8cef28) Importer(2089858483,b0f066a214c2f5e87bad3c948f4d605d) (ScriptedImporter) -> (artifact id: 'fc12baea5f230d058a7189a0860cf8c4') in 0.0109884 seconds
Number of updated asset objects reloaded before import = 0Number of asset objects unloaded after import = 3

========================================================================
Received Import Request.
  Time since last request: 0.000036 seconds.
  path: Assets/King of Overbrawl/KING OF OVERBRAWL/BGBOKO/Round9-1.png
  artifactKey: Guid(89f952f7e6135b5478588cb70d4ac18b) Importer(2089858483,b0f066a214c2f5e87bad3c948f4d605d)
Start importing Assets/King of Overbrawl/KING OF OVERBRAWL/BGBOKO/Round9-1.png using Guid(89f952f7e6135b5478588cb70d4ac18b) Importer(2089858483,b0f066a214c2f5e87bad3c948f4d605d) (ScriptedImporter) -> (artifact id: '9e2b989d896e1317bddfc394ad877ac8') in 0.0101829 seconds
Number of updated asset objects reloaded before import = 0Number of asset objects unloaded after import = 3

========================================================================
Received Import Request.
  Time since last request: 0.000025 seconds.
  path: Assets/King of Overbrawl/KING OF OVERBRAWL/GOOD/VALKRO/PINK/sequence images/die/die_00016.png
  artifactKey: Guid(b22735a0424d45740838ca9742154bf6) Importer(2089858483,b0f066a214c2f5e87bad3c948f4d605d)
Start importing Assets/King of Overbrawl/KING OF OVERBRAWL/GOOD/VALKRO/PINK/sequence images/die/die_00016.png using Guid(b22735a0424d45740838ca9742154bf6) Importer(2089858483,b0f066a214c2f5e87bad3c948f4d605d) (ScriptedImporter) -> (artifact id: '54b5324ca705657624a9855923ce485e') in 0.0097722 seconds
Number of updated asset objects reloaded before import = 0Number of asset objects unloaded after import = 3

========================================================================
Received Import Request.
  Time since last request: 0.000021 seconds.
  path: Assets/King of Overbrawl/KING OF OVERBRAWL/GOOD/BOKO/BOKO BASIC/character_animations_test.mp4
  artifactKey: Guid(1ad6c148a6f63dc43bf0857d8b8802bf) Importer(2089858483,b0f066a214c2f5e87bad3c948f4d605d)
Start importing Assets/King of Overbrawl/KING OF OVERBRAWL/GOOD/BOKO/BOKO BASIC/character_animations_test.mp4 using Guid(1ad6c148a6f63dc43bf0857d8b8802bf) Importer(2089858483,b0f066a214c2f5e87bad3c948f4d605d) (ScriptedImporter) -> (artifact id: '7cc1f39e63d47d1992671bcd03f7343b') in 0.0038 seconds
Number of updated asset objects reloaded before import = 0Number of asset objects unloaded after import = 1

========================================================================
Received Import Request.
  Time since last request: 0.000037 seconds.
  path: Assets/King of Overbrawl/KING OF OVERBRAWL/BGBOKO/4D.png
  artifactKey: Guid(91e34f6f27a062040a65423bd9db49bd) Importer(2089858483,b0f066a214c2f5e87bad3c948f4d605d)
Start importing Assets/King of Overbrawl/KING OF OVERBRAWL/BGBOKO/4D.png using Guid(91e34f6f27a062040a65423bd9db49bd) Importer(2089858483,b0f066a214c2f5e87bad3c948f4d605d) (ScriptedImporter) -> (artifact id: 'b0a0b8755ff6e15926283267f9a35af4') in 0.0240794 seconds
Number of updated asset objects reloaded before import = 0Number of asset objects unloaded after import = 3

========================================================================
Received Import Request.
  Time since last request: 0.000022 seconds.
  path: Assets/King of Overbrawl/KING OF OVERBRAWL/GOOD/VALKRO/PURPLE/sequence images-1/attack/p_00024.png
  artifactKey: Guid(921f25f7fc413e3479bf5fa7cfa71d4f) Importer(2089858483,b0f066a214c2f5e87bad3c948f4d605d)
Start importing Assets/King of Overbrawl/KING OF OVERBRAWL/GOOD/VALKRO/PURPLE/sequence images-1/attack/p_00024.png using Guid(921f25f7fc413e3479bf5fa7cfa71d4f) Importer(2089858483,b0f066a214c2f5e87bad3c948f4d605d) (ScriptedImporter) -> (artifact id: '8840beac06f10eca1faffbd4bbe1280d') in 0.0111081 seconds
Number of updated asset objects reloaded before import = 0Number of asset objects unloaded after import = 3

========================================================================
Received Import Request.
  Time since last request: 0.000069 seconds.
  path: Assets/King of Overbrawl/KING OF OVERBRAWL/GOOD/VALKRO/PURPLE/sequence images-1/idle/p_00013.png
  artifactKey: Guid(625238e60a1dd0d4abda1d6cb12bdc97) Importer(2089858483,b0f066a214c2f5e87bad3c948f4d605d)
Start importing Assets/King of Overbrawl/KING OF OVERBRAWL/GOOD/VALKRO/PURPLE/sequence images-1/idle/p_00013.png using Guid(625238e60a1dd0d4abda1d6cb12bdc97) Importer(2089858483,b0f066a214c2f5e87bad3c948f4d605d) (ScriptedImporter) -> (artifact id: '19a9ef581f36ad4d831193a9be264236') in 0.0139257 seconds
Number of updated asset objects reloaded before import = 0Number of asset objects unloaded after import = 3

========================================================================
Received Import Request.
  Time since last request: 0.000018 seconds.
  path: Assets/King of Overbrawl/KING OF OVERBRAWL/GOOD/VALKRO/PURPLE/sequence images-1/attack/p_00007.png
  artifactKey: Guid(6788b209ca2cd8f49aceab762ecb3778) Importer(2089858483,b0f066a214c2f5e87bad3c948f4d605d)
Start importing Assets/King of Overbrawl/KING OF OVERBRAWL/GOOD/VALKRO/PURPLE/sequence images-1/attack/p_00007.png using Guid(6788b209ca2cd8f49aceab762ecb3778) Importer(2089858483,b0f066a214c2f5e87bad3c948f4d605d) (ScriptedImporter) -> (artifact id: '7c426b3efab5192a07cad7151ef0b02f') in 0.0154493 seconds
Number of updated asset objects reloaded before import = 0Number of asset objects unloaded after import = 3

========================================================================
Received Import Request.
  Time since last request: 0.000023 seconds.
  path: Assets/King of Overbrawl/KING OF OVERBRAWL/GOOD/VALKRO/PINK/sequence images/attack/attack_00018.png
  artifactKey: Guid(bc1e26862ff13464a92952bc8eac142c) Importer(2089858483,b0f066a214c2f5e87bad3c948f4d605d)
Start importing Assets/King of Overbrawl/KING OF OVERBRAWL/GOOD/VALKRO/PINK/sequence images/attack/attack_00018.png using Guid(bc1e26862ff13464a92952bc8eac142c) Importer(2089858483,b0f066a214c2f5e87bad3c948f4d605d) (ScriptedImporter) -> (artifact id: '39a41d1c7caf15c20e7598d85aac5c38') in 0.0115672 seconds
Number of updated asset objects reloaded before import = 0Number of asset objects unloaded after import = 3

========================================================================
Received Import Request.
  Time since last request: 0.000019 seconds.
  path: Assets/King of Overbrawl/KING OF OVERBRAWL/BGBOKO/Episode 5/5-3.png
  artifactKey: Guid(9d04323f7d9ca0849928428892cef487) Importer(2089858483,b0f066a214c2f5e87bad3c948f4d605d)
Start importing Assets/King of Overbrawl/KING OF OVERBRAWL/BGBOKO/Episode 5/5-3.png using Guid(9d04323f7d9ca0849928428892cef487) Importer(2089858483,b0f066a214c2f5e87bad3c948f4d605d) (ScriptedImporter) -> (artifact id: '12bff446fa86c814efe5c1efdf48f0e9') in 0.0095375 seconds
Number of updated asset objects reloaded before import = 0Number of asset objects unloaded after import = 3

========================================================================
Received Import Request.
  Time since last request: 0.000039 seconds.
  path: Assets/King of Overbrawl/Artwork/Environment
  artifactKey: Guid(486229f04f9f2864891d3979ad07db21) Importer(2089858483,b0f066a214c2f5e87bad3c948f4d605d)
Start importing Assets/King of Overbrawl/Artwork/Environment using Guid(486229f04f9f2864891d3979ad07db21) Importer(2089858483,b0f066a214c2f5e87bad3c948f4d605d) (ScriptedImporter) -> (artifact id: '96d166b55316c4c5dea1510a293d5cc9') in 0.0027041 seconds
Number of updated asset objects reloaded before import = 0Number of asset objects unloaded after import = 1

========================================================================
Received Import Request.
  Time since last request: 0.000035 seconds.
  path: Assets/King of Overbrawl/KING OF OVERBRAWL/BAD/GOBLIN 2 FIREBALL/animations/coal_ball.png
  artifactKey: Guid(ff8661d9c92a0b942b1df3ab0d8063e2) Importer(2089858483,b0f066a214c2f5e87bad3c948f4d605d)
Start importing Assets/King of Overbrawl/KING OF OVERBRAWL/BAD/GOBLIN 2 FIREBALL/animations/coal_ball.png using Guid(ff8661d9c92a0b942b1df3ab0d8063e2) Importer(2089858483,b0f066a214c2f5e87bad3c948f4d605d) (ScriptedImporter) -> (artifact id: 'e8c437ad233eda49332545d9827bf879') in 0.0089349 seconds
Number of updated asset objects reloaded before import = 0Number of asset objects unloaded after import = 3

========================================================================
Received Import Request.
  Time since last request: 0.000028 seconds.
  path: Assets/King of Overbrawl/Artwork/Backgrounds/Gemini_Generated_Image_9n2a5l9n2a5l9n2a.png
  artifactKey: Guid(97f56f241471544409179d01e0dd0082) Importer(2089858483,b0f066a214c2f5e87bad3c948f4d605d)
Start importing Assets/King of Overbrawl/Artwork/Backgrounds/Gemini_Generated_Image_9n2a5l9n2a5l9n2a.png using Guid(97f56f241471544409179d01e0dd0082) Importer(2089858483,b0f066a214c2f5e87bad3c948f4d605d) (ScriptedImporter) -> (artifact id: '7322f4ead5312b9aca92d3224102d472') in 0.0219655 seconds
Number of updated asset objects reloaded before import = 0Number of asset objects unloaded after import = 3

========================================================================
Received Import Request.
  Time since last request: 0.000028 seconds.
  path: Assets/King of Overbrawl/KING OF OVERBRAWL/GOOD/VALKRO/PURPLE/sequence images-1/idle/p_00001.png
  artifactKey: Guid(efc52f516c6fd954abde9e29f6f19368) Importer(2089858483,b0f066a214c2f5e87bad3c948f4d605d)
Start importing Assets/King of Overbrawl/KING OF OVERBRAWL/GOOD/VALKRO/PURPLE/sequence images-1/idle/p_00001.png using Guid(efc52f516c6fd954abde9e29f6f19368) Importer(2089858483,b0f066a214c2f5e87bad3c948f4d605d) (ScriptedImporter) -> (artifact id: 'cc1605e709cf526636bb8e5ae19bc899') in 0.0103692 seconds
Number of updated asset objects reloaded before import = 0Number of asset objects unloaded after import = 3

========================================================================
Received Import Request.
  Time since last request: 0.000022 seconds.
  path: Assets/King of Overbrawl/KING OF OVERBRAWL/GOOD/VALKRO/PURPLE/sequence images-1/idle/p_00021.png
  artifactKey: Guid(692cd8a311273254e9b43d79e655b1d5) Importer(2089858483,b0f066a214c2f5e87bad3c948f4d605d)
Start importing Assets/King of Overbrawl/KING OF OVERBRAWL/GOOD/VALKRO/PURPLE/sequence images-1/idle/p_00021.png using Guid(692cd8a311273254e9b43d79e655b1d5) Importer(2089858483,b0f066a214c2f5e87bad3c948f4d605d) (ScriptedImporter) -> (artifact id: '2fb218ad6bfd4350bfb740ab5a810d77') in 0.0157394 seconds
Number of updated asset objects reloaded before import = 0Number of asset objects unloaded after import = 3

========================================================================
Received Import Request.
  Time since last request: 0.000044 seconds.
  path: Assets/King of Overbrawl/KING OF OVERBRAWL/ASSETS/GOLD
  artifactKey: Guid(90e044e8923542a49a4093cc440e054e) Importer(2089858483,b0f066a214c2f5e87bad3c948f4d605d)
Start importing Assets/King of Overbrawl/KING OF OVERBRAWL/ASSETS/GOLD using Guid(90e044e8923542a49a4093cc440e054e) Importer(2089858483,b0f066a214c2f5e87bad3c948f4d605d) (ScriptedImporter) -> (artifact id: '8d696b98f7d94cb455ed2b3e165f5f90') in 0.0045542 seconds
Number of updated asset objects reloaded before import = 0Number of asset objects unloaded after import = 1

========================================================================
Received Import Request.
  Time since last request: 0.000060 seconds.
  path: Assets/King of Overbrawl/KING OF OVERBRAWL/BGBOKO/PSSM_Stage1.png
  artifactKey: Guid(a9617e8543a95784994a686909deffa5) Importer(2089858483,b0f066a214c2f5e87bad3c948f4d605d)
Start importing Assets/King of Overbrawl/KING OF OVERBRAWL/BGBOKO/PSSM_Stage1.png using Guid(a9617e8543a95784994a686909deffa5) Importer(2089858483,b0f066a214c2f5e87bad3c948f4d605d) (ScriptedImporter) -> (artifact id: '77651c95275378d4aa0587daa44ba5c0') in 0.0293073 seconds
Number of updated asset objects reloaded before import = 0Number of asset objects unloaded after import = 3

========================================================================
Received Import Request.
  Time since last request: 0.000034 seconds.
  path: Assets/King of Overbrawl/KING OF OVERBRAWL/BGBOKO/Episode 4/4-1.png
  artifactKey: Guid(42f74f03e74f1e147b846b1d19f3b80e) Importer(2089858483,b0f066a214c2f5e87bad3c948f4d605d)
Start importing Assets/King of Overbrawl/KING OF OVERBRAWL/BGBOKO/Episode 4/4-1.png using Guid(42f74f03e74f1e147b846b1d19f3b80e) Importer(2089858483,b0f066a214c2f5e87bad3c948f4d605d) (ScriptedImporter) -> (artifact id: '8cd9ad9427b73b3c9b01789e95ebf9ce') in 0.017796 seconds
Number of updated asset objects reloaded before import = 0Number of asset objects unloaded after import = 3

========================================================================
Received Import Request.
  Time since last request: 0.000067 seconds.
  path: Assets/King of Overbrawl/KING OF OVERBRAWL/GOOD/VALKRO/PURPLE/sequence images-1/die/p_00009.png
  artifactKey: Guid(6d267c0178b38674cbd79d21f5f2c9c0) Importer(2089858483,b0f066a214c2f5e87bad3c948f4d605d)
Start importing Assets/King of Overbrawl/KING OF OVERBRAWL/GOOD/VALKRO/PURPLE/sequence images-1/die/p_00009.png using Guid(6d267c0178b38674cbd79d21f5f2c9c0) Importer(2089858483,b0f066a214c2f5e87bad3c948f4d605d) (ScriptedImporter) -> (artifact id: 'a7a8ef09633e902cddbee5de9637930f') in 0.0108749 seconds
Number of updated asset objects reloaded before import = 0Number of asset objects unloaded after import = 3

========================================================================
Received Import Request.
  Time since last request: 0.000037 seconds.
  path: Assets/King of Overbrawl/KING OF OVERBRAWL/GOOD/VALKRO/PURPLE/sequence images-1/attack/p_00019.png
  artifactKey: Guid(ea6fa89e22ea58f41b63d8b18626116a) Importer(2089858483,b0f066a214c2f5e87bad3c948f4d605d)
Start importing Assets/King of Overbrawl/KING OF OVERBRAWL/GOOD/VALKRO/PURPLE/sequence images-1/attack/p_00019.png using Guid(ea6fa89e22ea58f41b63d8b18626116a) Importer(2089858483,b0f066a214c2f5e87bad3c948f4d605d) (ScriptedImporter) -> (artifact id: '9d34ac3c66804ed774f79325fc14b2cf') in 0.011362 seconds
Number of updated asset objects reloaded before import = 0Number of asset objects unloaded after import = 3

========================================================================
Received Import Request.
  Time since last request: 0.000018 seconds.
  path: Assets/King of Overbrawl/KING OF OVERBRAWL/GOOD/VALKRO/PINK/sequence images/die/die_00009.png
  artifactKey: Guid(6ecd7cab7f36fd84cab203e504d2748e) Importer(2089858483,b0f066a214c2f5e87bad3c948f4d605d)
Start importing Assets/King of Overbrawl/KING OF OVERBRAWL/GOOD/VALKRO/PINK/sequence images/die/die_00009.png using Guid(6ecd7cab7f36fd84cab203e504d2748e) Importer(2089858483,b0f066a214c2f5e87bad3c948f4d605d) (ScriptedImporter) -> (artifact id: '084af7394fb4de83c27f790514224891') in 0.0103632 seconds
Number of updated asset objects reloaded before import = 0Number of asset objects unloaded after import = 3

========================================================================
Received Import Request.
  Time since last request: 4.187525 seconds.
  path: Assets/King of Overbrawl/Animations
  artifactKey: Guid(8aca756ee83a3d2439560ab916bdcc3e) Importer(815301076,1909f56bfc062723c751e8b465ee728b)
Start importing Assets/King of Overbrawl/Animations using Guid(8aca756ee83a3d2439560ab916bdcc3e) Importer(815301076,1909f56bfc062723c751e8b465ee728b) (PreviewImporter) -> (artifact id: '3982274e53cfceba78cc14c142b23a5d') in 0.0009608 seconds
Number of updated asset objects reloaded before import = 0Number of asset objects unloaded after import = 0

========================================================================
Received Import Request.
  Time since last request: 14.036694 seconds.
  path: Assets/King of Overbrawl/Animations/Movement
  artifactKey: Guid(360f9e16db38b7748b001671eee3b399) Importer(815301076,1909f56bfc062723c751e8b465ee728b)
Start importing Assets/King of Overbrawl/Animations/Movement using Guid(360f9e16db38b7748b001671eee3b399) Importer(815301076,1909f56bfc062723c751e8b465ee728b) (PreviewImporter) -> (artifact id: 'e8ec5fd247cc2395ad1c973d3e90aa1e') in 0.0008852 seconds
Number of updated asset objects reloaded before import = 0Number of asset objects unloaded after import = 0

========================================================================
Received Prepare
Begin MonoManager ReloadAssembly
[Licensing::Client] Successfully resolved entitlement details
ADTM: Control thread waiting for realtime thread timed out, have to lock...
Symbol file LoadedFromMemory is not a mono symbol file
- Loaded All Assemblies, in  3.364 seconds
Refreshing native plugins compatible for Editor in 9.51 ms, found 2 plugins.
Native extension for WindowsStandalone target not found
Native extension for WebGL target not found
[Package Manager] Failed to launch server process. Reason: Unity was launched with the -noUpm command-line argument
[Package Manager] Unable to send message (not connected to server process).
[Package Manager] Cannot connect to Unity Package Manager local server
ScheduleIndexationOnStartup MainProcess:False IndexOnStartup:True
Mono: successfully reloaded assembly
- Finished resetting the current domain, in  4.019 seconds
Domain Reload Profiling: 7382ms
	BeginReloadAssembly (1771ms)
		ExecutionOrderSort (0ms)
		DisableScriptedObjects (9ms)
		BackupInstance (0ms)
		ReleaseScriptingObjects (0ms)
		CreateAndSetChildDomain (1219ms)
	RebuildCommonClasses (232ms)
	RebuildNativeTypeToScriptingClass (59ms)
	initialDomainReloadingComplete (101ms)
	LoadAllAssembliesAndSetupDomain (1198ms)
		LoadAssemblies (1257ms)
		RebuildTransferFunctionScriptingTraits (0ms)
		AnalyzeDomain (415ms)
			TypeCache.Refresh (62ms)
				TypeCache.ScanAssembly (0ms)
			BuildScriptInfoCaches (329ms)
			ResolveRequiredComponents (11ms)
	FinalizeReload (4021ms)
		ReleaseScriptCaches (0ms)
		RebuildScriptCaches (0ms)
		SetupLoadedEditorAssemblies (3381ms)
			LogAssemblyErrors (0ms)
			InitializePlatformSupportModulesInManaged (10ms)
			SetLoadedEditorAssemblies (28ms)
			BeforeProcessingInitializeOnLoad (790ms)
			ProcessInitializeOnLoadAttributes (1206ms)
			ProcessInitializeOnLoadMethodAttributes (1323ms)
			AfterProcessingInitializeOnLoad (23ms)
			EditorAssembliesLoaded (1ms)
		ExecutionOrderSort2 (0ms)
		AwakeInstancesAfterBackupRestoration (31ms)
Refreshing native plugins compatible for Editor in 14.68 ms, found 2 plugins.
Preloading 0 native plugins for Editor in 0.00 ms.
Unloading 0 Unused Serialized files (Serialized files now loaded: 0)
Unloading 3008 unused Assets / (1.2 MB). Loaded Objects now: 3583.
Memory consumption went from 88.5 MB to 87.3 MB.
Total: 42.420100 ms (FindLiveObjects: 1.036700 ms CreateObjectMapping: 0.826200 ms MarkObjects: 36.967300 ms  DeleteObjects: 3.587500 ms)

Prepare: number of updated asset objects reloaded= 0
========================================================================
Received Import Request.
  Time since last request: 63.004264 seconds.
  path: Assets/King of Overbrawl/Animations/Movement/Idle.anim
  artifactKey: Guid(319fa17c66c45444a8165621b8eebf9b) Importer(815301076,1909f56bfc062723c751e8b465ee728b)
Start importing Assets/King of Overbrawl/Animations/Movement/Idle.anim using Guid(319fa17c66c45444a8165621b8eebf9b) Importer(815301076,1909f56bfc062723c751e8b465ee728b) (PreviewImporter) -> (artifact id: 'aec0cc919c2d4dbc07df122e1e64a57b') in 0.0229117 seconds
Number of updated asset objects reloaded before import = 0Number of asset objects unloaded after import = 1

========================================================================
Received Import Request.
  Time since last request: 2.197613 seconds.
  path: Assets/King of Overbrawl/KING OF OVERBRAWL/GOOD/BOKO/BOKO BASIC/idle.png
  artifactKey: Guid(4173cc2c39e79e04ebefb90ea5119d37) Importer(815301076,1909f56bfc062723c751e8b465ee728b)
Start importing Assets/King of Overbrawl/KING OF OVERBRAWL/GOOD/BOKO/BOKO BASIC/idle.png using Guid(4173cc2c39e79e04ebefb90ea5119d37) Importer(815301076,1909f56bfc062723c751e8b465ee728b) (PreviewImporter) -> (artifact id: 'ca798ab055f97403e3a4067a70376098') in 0.1832947 seconds
Number of updated asset objects reloaded before import = 0Number of asset objects unloaded after import = 26

========================================================================
Received Import Request.
  Time since last request: 14.348437 seconds.
  path: Assets/Images/Sprites/Hero/hero_getup_05.png
  artifactKey: Guid(92e6e0d1086a445438e813d20894bec7) Importer(815301076,1909f56bfc062723c751e8b465ee728b)
Start importing Assets/Images/Sprites/Hero/hero_getup_05.png using Guid(92e6e0d1086a445438e813d20894bec7) Importer(815301076,1909f56bfc062723c751e8b465ee728b) (PreviewImporter) -> (artifact id: '60799a7388c372347b3cff5d0788286d') in 0.0099965 seconds
Number of updated asset objects reloaded before import = 0Number of asset objects unloaded after import = 3

========================================================================
Received Import Request.
  Time since last request: 0.000026 seconds.
  path: Assets/Images/Sprites/Hero/hero_idle_05.png
  artifactKey: Guid(5769ddf2295a35a4298988fe57487f86) Importer(815301076,1909f56bfc062723c751e8b465ee728b)
Start importing Assets/Images/Sprites/Hero/hero_idle_05.png using Guid(5769ddf2295a35a4298988fe57487f86) Importer(815301076,1909f56bfc062723c751e8b465ee728b) (PreviewImporter) -> (artifact id: 'bd5b5e8ffb1f9b3403618ec5ce859a86') in 0.0119323 seconds
Number of updated asset objects reloaded before import = 0Number of asset objects unloaded after import = 3

========================================================================
Received Import Request.
  Time since last request: 0.000023 seconds.
  path: Assets/Images/Sprites/Hero/hero_idle_03.png
  artifactKey: Guid(f26959e20d24c1c4d9377a6f82304749) Importer(815301076,1909f56bfc062723c751e8b465ee728b)
Start importing Assets/Images/Sprites/Hero/hero_idle_03.png using Guid(f26959e20d24c1c4d9377a6f82304749) Importer(815301076,1909f56bfc062723c751e8b465ee728b) (PreviewImporter) -> (artifact id: 'f50516ec5c297973ff52360beb129f15') in 0.0125505 seconds
Number of updated asset objects reloaded before import = 0Number of asset objects unloaded after import = 3

========================================================================
Received Import Request.
  Time since last request: 0.000022 seconds.
  path: Assets/Images/Sprites/Hero/hero_idle_02.png
  artifactKey: Guid(79d48913af3e9594dac4f0a6116a044d) Importer(815301076,1909f56bfc062723c751e8b465ee728b)
Start importing Assets/Images/Sprites/Hero/hero_idle_02.png using Guid(79d48913af3e9594dac4f0a6116a044d) Importer(815301076,1909f56bfc062723c751e8b465ee728b) (PreviewImporter) -> (artifact id: 'cd32c58f6d1b349a9a83983c854788b0') in 0.0098391 seconds
Number of updated asset objects reloaded before import = 0Number of asset objects unloaded after import = 3

========================================================================
Received Import Request.
  Time since last request: 0.000026 seconds.
  path: Assets/Images/Sprites/Hero/hero_hurt_02.png
  artifactKey: Guid(ef5c8fad7f84d854e80e5d6de78c2757) Importer(815301076,1909f56bfc062723c751e8b465ee728b)
Start importing Assets/Images/Sprites/Hero/hero_hurt_02.png using Guid(ef5c8fad7f84d854e80e5d6de78c2757) Importer(815301076,1909f56bfc062723c751e8b465ee728b) (PreviewImporter) -> (artifact id: 'be3b8c2a6f7c8b3b32b48a5f74ac6856') in 0.0094905 seconds
Number of updated asset objects reloaded before import = 0Number of asset objects unloaded after import = 3

========================================================================
Received Import Request.
  Time since last request: 0.000049 seconds.
  path: Assets/Images/Sprites/Hero/hero_idle_01.png
  artifactKey: Guid(c4d7371899b2e1942bed4ffc1793e907) Importer(815301076,1909f56bfc062723c751e8b465ee728b)
Start importing Assets/Images/Sprites/Hero/hero_idle_01.png using Guid(c4d7371899b2e1942bed4ffc1793e907) Importer(815301076,1909f56bfc062723c751e8b465ee728b) (PreviewImporter) -> (artifact id: '27bc13cabf2e777f72e72cb11ae0e929') in 0.0110174 seconds
Number of updated asset objects reloaded before import = 0Number of asset objects unloaded after import = 3

========================================================================
Received Import Request.
  Time since last request: 0.000024 seconds.
  path: Assets/Images/Sprites/Hero/hero_idle_04.png
  artifactKey: Guid(77be05ee423771342b491a48218f68ee) Importer(815301076,1909f56bfc062723c751e8b465ee728b)
Start importing Assets/Images/Sprites/Hero/hero_idle_04.png using Guid(77be05ee423771342b491a48218f68ee) Importer(815301076,1909f56bfc062723c751e8b465ee728b) (PreviewImporter) -> (artifact id: '1f3ea91753e19363a795ad76f8dabc86') in 0.0100555 seconds
Number of updated asset objects reloaded before import = 0Number of asset objects unloaded after import = 3

========================================================================
Received Import Request.
  Time since last request: 0.000027 seconds.
  path: Assets/Images/Sprites/Hero/hero_idle_00.png
  artifactKey: Guid(feeea95cf18b9483fa105614af561549) Importer(815301076,1909f56bfc062723c751e8b465ee728b)
Start importing Assets/Images/Sprites/Hero/hero_idle_00.png using Guid(feeea95cf18b9483fa105614af561549) Importer(815301076,1909f56bfc062723c751e8b465ee728b) (PreviewImporter) -> (artifact id: '2300e5311728b697e3fa57ef0e8c912a') in 0.0093488 seconds
Number of updated asset objects reloaded before import = 0Number of asset objects unloaded after import = 3

========================================================================
Received Import Request.
  Time since last request: 0.000035 seconds.
  path: Assets/Images/Sprites/Hero/hero_hurt_01.png
  artifactKey: Guid(cba64fce49ec40246be5f0ceb7b8c50d) Importer(815301076,1909f56bfc062723c751e8b465ee728b)
Start importing Assets/Images/Sprites/Hero/hero_hurt_01.png using Guid(cba64fce49ec40246be5f0ceb7b8c50d) Importer(815301076,1909f56bfc062723c751e8b465ee728b) (PreviewImporter) -> (artifact id: '5245801eb96b583cdfbfb1a2662e1db7') in 0.0117159 seconds
Number of updated asset objects reloaded before import = 0Number of asset objects unloaded after import = 3

========================================================================
Received Import Request.
  Time since last request: 21.185778 seconds.
  path: Assets/Images/Sprites/Hero/hero_getup_03.png
  artifactKey: Guid(067f20a5bea82084da4dacfec73ea824) Importer(815301076,1909f56bfc062723c751e8b465ee728b)
Start importing Assets/Images/Sprites/Hero/hero_getup_03.png using Guid(067f20a5bea82084da4dacfec73ea824) Importer(815301076,1909f56bfc062723c751e8b465ee728b) (PreviewImporter) -> (artifact id: '4cc80f9bb4e37035db190a3f98fa3678') in 0.0195068 seconds
Number of updated asset objects reloaded before import = 0Number of asset objects unloaded after import = 3

========================================================================
Received Import Request.
  Time since last request: 0.007159 seconds.
  path: Assets/Images/Sprites/Hero/hero_getup_01.png
  artifactKey: Guid(a5435a80eba691442b211547f01484cf) Importer(815301076,1909f56bfc062723c751e8b465ee728b)
Start importing Assets/Images/Sprites/Hero/hero_getup_01.png using Guid(a5435a80eba691442b211547f01484cf) Importer(815301076,1909f56bfc062723c751e8b465ee728b) (PreviewImporter) -> (artifact id: '006263232318964ee5bdbfad9dd11ad7') in 0.0194352 seconds
Number of updated asset objects reloaded before import = 0Number of asset objects unloaded after import = 3

========================================================================
Received Import Request.
  Time since last request: 0.275055 seconds.
  path: Assets/Images/Sprites/Hero/hero_attack_02_04.png
  artifactKey: Guid(99c188229c02075419b3e78070a7ca65) Importer(815301076,1909f56bfc062723c751e8b465ee728b)
Start importing Assets/Images/Sprites/Hero/hero_attack_02_04.png using Guid(99c188229c02075419b3e78070a7ca65) Importer(815301076,1909f56bfc062723c751e8b465ee728b) (PreviewImporter) -> (artifact id: '460370d2e41d2d7e116848856e7226f0') in 0.0182385 seconds
Number of updated asset objects reloaded before import = 0Number of asset objects unloaded after import = 3

========================================================================
Received Import Request.
  Time since last request: 0.000024 seconds.
  path: Assets/Images/Sprites/Hero/hero_attack_02_03.png
  artifactKey: Guid(0fc8258510714db47963190d840c788c) Importer(815301076,1909f56bfc062723c751e8b465ee728b)
Start importing Assets/Images/Sprites/Hero/hero_attack_02_03.png using Guid(0fc8258510714db47963190d840c788c) Importer(815301076,1909f56bfc062723c751e8b465ee728b) (PreviewImporter) -> (artifact id: 'b69fced92063507daedf63ac5c80eafb') in 0.0180531 seconds
Number of updated asset objects reloaded before import = 0Number of asset objects unloaded after import = 3

========================================================================
Received Import Request.
  Time since last request: 0.018873 seconds.
  path: Assets/Images/Sprites/Hero/hero_attack_02_00.png
  artifactKey: Guid(9870d59bce933424e84bfdbb9f102a92) Importer(815301076,1909f56bfc062723c751e8b465ee728b)
Start importing Assets/Images/Sprites/Hero/hero_attack_02_00.png using Guid(9870d59bce933424e84bfdbb9f102a92) Importer(815301076,1909f56bfc062723c751e8b465ee728b) (PreviewImporter) -> (artifact id: '74bebab85dc4f7fe092dff06ef8e91ba') in 0.0193595 seconds
Number of updated asset objects reloaded before import = 0Number of asset objects unloaded after import = 3

========================================================================
Received Import Request.
  Time since last request: 0.237811 seconds.
  path: Assets/Images/Sprites/Hero/hero_attack_01_01.png
  artifactKey: Guid(473fe0a76787efb4dac8265d9ce63757) Importer(815301076,1909f56bfc062723c751e8b465ee728b)
Start importing Assets/Images/Sprites/Hero/hero_attack_01_01.png using Guid(473fe0a76787efb4dac8265d9ce63757) Importer(815301076,1909f56bfc062723c751e8b465ee728b) (PreviewImporter) -> (artifact id: 'edde9f3f6e3ad2e51921058f2eb44104') in 0.02013 seconds
Number of updated asset objects reloaded before import = 0Number of asset objects unloaded after import = 3

========================================================================
Received Import Request.
  Time since last request: 0.000027 seconds.
  path: Assets/Images/Sprites/Hero/hero_attack_01_00.png
  artifactKey: Guid(b4731e4f2bca72647851b49acc4e7205) Importer(815301076,1909f56bfc062723c751e8b465ee728b)
Start importing Assets/Images/Sprites/Hero/hero_attack_01_00.png using Guid(b4731e4f2bca72647851b49acc4e7205) Importer(815301076,1909f56bfc062723c751e8b465ee728b) (PreviewImporter) -> (artifact id: 'eafd14e1e5923b844c1a9045a0fc267c') in 0.0123969 seconds
Number of updated asset objects reloaded before import = 0Number of asset objects unloaded after import = 3

========================================================================
Received Import Request.
  Time since last request: 0.023093 seconds.
  path: Assets/Images/Sprites/Hero/hero_attack_00_00.png
  artifactKey: Guid(e2227146e7d8cf047bdead036364ab1f) Importer(815301076,1909f56bfc062723c751e8b465ee728b)
Start importing Assets/Images/Sprites/Hero/hero_attack_00_00.png using Guid(e2227146e7d8cf047bdead036364ab1f) Importer(815301076,1909f56bfc062723c751e8b465ee728b) (PreviewImporter) -> (artifact id: '0eb7f1f423b9395c096b97cddab021ae') in 0.0198537 seconds
Number of updated asset objects reloaded before import = 0Number of asset objects unloaded after import = 3

========================================================================
Received Import Request.
  Time since last request: 10.117066 seconds.
  path: Assets/Images/Sprites/Hero/hero_jump_00.png
  artifactKey: Guid(bd6cb9c9e30a3084a8c24f45b43ae6da) Importer(815301076,1909f56bfc062723c751e8b465ee728b)
Start importing Assets/Images/Sprites/Hero/hero_jump_00.png using Guid(bd6cb9c9e30a3084a8c24f45b43ae6da) Importer(815301076,1909f56bfc062723c751e8b465ee728b) (PreviewImporter) -> (artifact id: '233ee813a74f4d708168de38c67c2f9f') in 0.013883 seconds
Number of updated asset objects reloaded before import = 0Number of asset objects unloaded after import = 3

========================================================================
Received Import Request.
  Time since last request: 0.000023 seconds.
  path: Assets/Images/Sprites/Hero/hero_jump_02.png
  artifactKey: Guid(eb06b724090f9914d9875eb0466e97f3) Importer(815301076,1909f56bfc062723c751e8b465ee728b)
Start importing Assets/Images/Sprites/Hero/hero_jump_02.png using Guid(eb06b724090f9914d9875eb0466e97f3) Importer(815301076,1909f56bfc062723c751e8b465ee728b) (PreviewImporter) -> (artifact id: '6044582fccf7a1d3e8de1a98fadf4285') in 0.01971 seconds
Number of updated asset objects reloaded before import = 0Number of asset objects unloaded after import = 3

========================================================================
Received Import Request.
  Time since last request: 19.159987 seconds.
  path: Assets/King of Overbrawl/KING OF OVERBRAWL/BGBOKO/3A.png
  artifactKey: Guid(9dfff11d40181fa48a34214035939f30) Importer(815301076,1909f56bfc062723c751e8b465ee728b)
Start importing Assets/King of Overbrawl/KING OF OVERBRAWL/BGBOKO/3A.png using Guid(9dfff11d40181fa48a34214035939f30) Importer(815301076,1909f56bfc062723c751e8b465ee728b) (PreviewImporter) -> (artifact id: 'fd8a80a4382f48daa8958225f00919c7') in 0.0167725 seconds
Number of updated asset objects reloaded before import = 0Number of asset objects unloaded after import = 3

========================================================================
Received Import Request.
  Time since last request: 0.000026 seconds.
  path: Assets/King of Overbrawl/KING OF OVERBRAWL/BGBOKO/4D.png
  artifactKey: Guid(91e34f6f27a062040a65423bd9db49bd) Importer(815301076,1909f56bfc062723c751e8b465ee728b)
Start importing Assets/King of Overbrawl/KING OF OVERBRAWL/BGBOKO/4D.png using Guid(91e34f6f27a062040a65423bd9db49bd) Importer(815301076,1909f56bfc062723c751e8b465ee728b) (PreviewImporter) -> (artifact id: '18d686d870f52294baa276ce5b10db3f') in 0.0341796 seconds
Number of updated asset objects reloaded before import = 0Number of asset objects unloaded after import = 3

========================================================================
Received Import Request.
  Time since last request: 0.000029 seconds.
  path: Assets/King of Overbrawl/KING OF OVERBRAWL/BGBOKO/4B.png
  artifactKey: Guid(391cc6d2b65a5424db09b3a1037bbe5c) Importer(815301076,1909f56bfc062723c751e8b465ee728b)
Start importing Assets/King of Overbrawl/KING OF OVERBRAWL/BGBOKO/4B.png using Guid(391cc6d2b65a5424db09b3a1037bbe5c) Importer(815301076,1909f56bfc062723c751e8b465ee728b) (PreviewImporter) -> (artifact id: '6b6a02838e756e6a3d8384866cc61282') in 0.0278521 seconds
Number of updated asset objects reloaded before import = 0Number of asset objects unloaded after import = 3

========================================================================
Received Import Request.
  Time since last request: 0.000025 seconds.
  path: Assets/King of Overbrawl/KING OF OVERBRAWL/BGBOKO/5B.png
  artifactKey: Guid(093fb5c937b0be049bdb0d3f00bb89d1) Importer(815301076,1909f56bfc062723c751e8b465ee728b)
Start importing Assets/King of Overbrawl/KING OF OVERBRAWL/BGBOKO/5B.png using Guid(093fb5c937b0be049bdb0d3f00bb89d1) Importer(815301076,1909f56bfc062723c751e8b465ee728b) (PreviewImporter) -> (artifact id: 'e1a1a317e68552caafb31d4c3842638e') in 0.027452 seconds
Number of updated asset objects reloaded before import = 0Number of asset objects unloaded after import = 3

========================================================================
Received Import Request.
  Time since last request: 0.000030 seconds.
  path: Assets/King of Overbrawl/KING OF OVERBRAWL/BGBOKO/4C.png
  artifactKey: Guid(c4d4a51e3da830c4e8d0e967f8a8fb48) Importer(815301076,1909f56bfc062723c751e8b465ee728b)
Start importing Assets/King of Overbrawl/KING OF OVERBRAWL/BGBOKO/4C.png using Guid(c4d4a51e3da830c4e8d0e967f8a8fb48) Importer(815301076,1909f56bfc062723c751e8b465ee728b) (PreviewImporter) -> (artifact id: '2c73d52d4e9cd43e3b1fc05161f82181') in 0.0277542 seconds
Number of updated asset objects reloaded before import = 0Number of asset objects unloaded after import = 3

========================================================================
Received Import Request.
  Time since last request: 1.781151 seconds.
  path: Assets/King of Overbrawl/KING OF OVERBRAWL/GOOD/BOKO
  artifactKey: Guid(3690856422473774ca4e9afce3671233) Importer(815301076,1909f56bfc062723c751e8b465ee728b)
Start importing Assets/King of Overbrawl/KING OF OVERBRAWL/GOOD/BOKO using Guid(3690856422473774ca4e9afce3671233) Importer(815301076,1909f56bfc062723c751e8b465ee728b) (PreviewImporter) -> (artifact id: '0432a6a6d9f9821fb34493e5bdb987ae') in 0.0007077 seconds
Number of updated asset objects reloaded before import = 0Number of asset objects unloaded after import = 0

========================================================================
Received Import Request.
  Time since last request: 0.075153 seconds.
  path: Assets/King of Overbrawl/KING OF OVERBRAWL/GOOD/BOKO/test.mp4
  artifactKey: Guid(b583cb3c29ecd78499cdddff5d70dad4) Importer(815301076,1909f56bfc062723c751e8b465ee728b)
Start importing Assets/King of Overbrawl/KING OF OVERBRAWL/GOOD/BOKO/test.mp4 using Guid(b583cb3c29ecd78499cdddff5d70dad4) Importer(815301076,1909f56bfc062723c751e8b465ee728b) (PreviewImporter) -> (artifact id: '3c86b33af4a210dba9f5aab9f3fff6a8') in 0.0013848 seconds
Number of updated asset objects reloaded before import = 0Number of asset objects unloaded after import = 1

========================================================================
Received Import Request.
  Time since last request: 11.071614 seconds.
  path: Assets/King of Overbrawl/KING OF OVERBRAWL/GOOD/BOKO/BOKO BASIC/attack.png
  artifactKey: Guid(d3356885ad69bfe43945e16fcacaf83b) Importer(815301076,1909f56bfc062723c751e8b465ee728b)
Start importing Assets/King of Overbrawl/KING OF OVERBRAWL/GOOD/BOKO/BOKO BASIC/attack.png using Guid(d3356885ad69bfe43945e16fcacaf83b) Importer(815301076,1909f56bfc062723c751e8b465ee728b) (PreviewImporter) -> (artifact id: '11dce525ff68a73c7414f3517ff8e052') in 0.0864257 seconds
Number of updated asset objects reloaded before import = 0Number of asset objects unloaded after import = 14

========================================================================
Received Import Request.
  Time since last request: 0.000029 seconds.
  path: Assets/King of Overbrawl/KING OF OVERBRAWL/GOOD/BOKO/BOKO BASIC/character_animations_test.mp4
  artifactKey: Guid(1ad6c148a6f63dc43bf0857d8b8802bf) Importer(815301076,1909f56bfc062723c751e8b465ee728b)
Start importing Assets/King of Overbrawl/KING OF OVERBRAWL/GOOD/BOKO/BOKO BASIC/character_animations_test.mp4 using Guid(1ad6c148a6f63dc43bf0857d8b8802bf) Importer(815301076,1909f56bfc062723c751e8b465ee728b) (PreviewImporter) -> (artifact id: '396c5968cebb06c31b998fcae182b4ca') in 0.0013216 seconds
Number of updated asset objects reloaded before import = 0Number of asset objects unloaded after import = 1

========================================================================
Received Import Request.
  Time since last request: 0.000036 seconds.
  path: Assets/King of Overbrawl/KING OF OVERBRAWL/GOOD/BOKO/BOKO BASIC/death.png
  artifactKey: Guid(0a49ea3a4367ce249bcb86dd0c5f8824) Importer(815301076,1909f56bfc062723c751e8b465ee728b)
Start importing Assets/King of Overbrawl/KING OF OVERBRAWL/GOOD/BOKO/BOKO BASIC/death.png using Guid(0a49ea3a4367ce249bcb86dd0c5f8824) Importer(815301076,1909f56bfc062723c751e8b465ee728b) (PreviewImporter) -> (artifact id: '45073ff5479cbabc4ba32f76a3c5c944') in 0.1863193 seconds
Number of updated asset objects reloaded before import = 0Number of asset objects unloaded after import = 29

========================================================================
Received Import Request.
  Time since last request: 61.004133 seconds.
  path: Assets/Animation/Hero/hero_anim_controller 1.controller
  artifactKey: Guid(7c766dcc0fcb64d4ab42810992daa395) Importer(815301076,1909f56bfc062723c751e8b465ee728b)
Start importing Assets/Animation/Hero/hero_anim_controller 1.controller using Guid(7c766dcc0fcb64d4ab42810992daa395) Importer(815301076,1909f56bfc062723c751e8b465ee728b) (PreviewImporter) -> (artifact id: '88d1f437232fe0c8aa236bd48dcf5380') in 0.007338 seconds
Number of updated asset objects reloaded before import = 0Number of asset objects unloaded after import = 66

========================================================================
Received Import Request.
  Time since last request: 21.306981 seconds.
  path: Assets/Animation/Hero/boko_anim_controller.controller
  artifactKey: Guid(7c766dcc0fcb64d4ab42810992daa395) Importer(815301076,1909f56bfc062723c751e8b465ee728b)
Start importing Assets/Animation/Hero/boko_anim_controller.controller using Guid(7c766dcc0fcb64d4ab42810992daa395) Importer(815301076,1909f56bfc062723c751e8b465ee728b) (PreviewImporter) -> (artifact id: '70357b6e248984413d7842ab939398b1') in 0.0060751 seconds
Number of updated asset objects reloaded before import = 0Number of asset objects unloaded after import = 66

========================================================================
Received Prepare
Begin MonoManager ReloadAssembly
[Licensing::Client] Successfully resolved entitlement details
ADTM: Control thread waiting for realtime thread timed out, have to lock...
Symbol file LoadedFromMemory is not a mono symbol file
- Loaded All Assemblies, in  2.003 seconds
Refreshing native plugins compatible for Editor in 3.63 ms, found 2 plugins.
Native extension for WindowsStandalone target not found
Native extension for WebGL target not found
[Package Manager] Failed to launch server process. Reason: Unity was launched with the -noUpm command-line argument
[Package Manager] Unable to send message (not connected to server process).
[Package Manager] Cannot connect to Unity Package Manager local server
ScheduleIndexationOnStartup MainProcess:False IndexOnStartup:True
Mono: successfully reloaded assembly
- Finished resetting the current domain, in  1.447 seconds
Domain Reload Profiling: 3450ms
	BeginReloadAssembly (1309ms)
		ExecutionOrderSort (0ms)
		DisableScriptedObjects (8ms)
		BackupInstance (0ms)
		ReleaseScriptingObjects (0ms)
		CreateAndSetChildDomain (1087ms)
	RebuildCommonClasses (79ms)
	RebuildNativeTypeToScriptingClass (23ms)
	initialDomainReloadingComplete (41ms)
	LoadAllAssembliesAndSetupDomain (550ms)
		LoadAssemblies (475ms)
		RebuildTransferFunctionScriptingTraits (0ms)
		AnalyzeDomain (212ms)
			TypeCache.Refresh (33ms)
				TypeCache.ScanAssembly (0ms)
			BuildScriptInfoCaches (169ms)
			ResolveRequiredComponents (5ms)
	FinalizeReload (1448ms)
		ReleaseScriptCaches (0ms)
		RebuildScriptCaches (0ms)
		SetupLoadedEditorAssemblies (1223ms)
			LogAssemblyErrors (0ms)
			InitializePlatformSupportModulesInManaged (4ms)
			SetLoadedEditorAssemblies (8ms)
			BeforeProcessingInitializeOnLoad (241ms)
			ProcessInitializeOnLoadAttributes (483ms)
			ProcessInitializeOnLoadMethodAttributes (477ms)
			AfterProcessingInitializeOnLoad (9ms)
			EditorAssembliesLoaded (1ms)
		ExecutionOrderSort2 (0ms)
		AwakeInstancesAfterBackupRestoration (15ms)
Refreshing native plugins compatible for Editor in 4.33 ms, found 2 plugins.
Preloading 0 native plugins for Editor in 0.00 ms.
Unloading 0 Unused Serialized files (Serialized files now loaded: 0)
Unloading 3007 unused Assets / (1.2 MB). Loaded Objects now: 3603.
Memory consumption went from 88.8 MB to 87.6 MB.
Total: 34.139000 ms (FindLiveObjects: 0.726500 ms CreateObjectMapping: 0.718400 ms MarkObjects: 30.403200 ms  DeleteObjects: 2.288600 ms)

Prepare: number of updated asset objects reloaded= 0
========================================================================
Received Import Request.
  Time since last request: 304.823475 seconds.
  path: Assets/King of Overbrawl/Animations/Movement/Idle.anim
  artifactKey: Guid(319fa17c66c45444a8165621b8eebf9b) Importer(815301076,1909f56bfc062723c751e8b465ee728b)
Start importing Assets/King of Overbrawl/Animations/Movement/Idle.anim using Guid(319fa17c66c45444a8165621b8eebf9b) Importer(815301076,1909f56bfc062723c751e8b465ee728b) (PreviewImporter) -> (artifact id: '7cf8f1be18ea346e57bc9dce1695d70c') in 0.0313105 seconds
Number of updated asset objects reloaded before import = 0Number of asset objects unloaded after import = 1

========================================================================
Received Import Request.
  Time since last request: 33.718614 seconds.
  path: Assets/Images/Background/tiles_image.png
  artifactKey: Guid(dca7503bf278a4fc28844df1fc4489d2) Importer(815301076,1909f56bfc062723c751e8b465ee728b)
Start importing Assets/Images/Background/tiles_image.png using Guid(dca7503bf278a4fc28844df1fc4489d2) Importer(815301076,1909f56bfc062723c751e8b465ee728b) (PreviewImporter) -> (artifact id: '52ae0f8558baee67721db53bc021b1e1') in 0.919093 seconds
Number of updated asset objects reloaded before import = 0Number of asset objects unloaded after import = 283

========================================================================
Received Import Request.
  Time since last request: 1.291913 seconds.
  path: Assets/Images/Sprites/Boss/boss_idle_00.png
  artifactKey: Guid(ef8cea6ee4d76cf4cb206c838cb4be4f) Importer(815301076,1909f56bfc062723c751e8b465ee728b)
Start importing Assets/Images/Sprites/Boss/boss_idle_00.png using Guid(ef8cea6ee4d76cf4cb206c838cb4be4f) Importer(815301076,1909f56bfc062723c751e8b465ee728b) (PreviewImporter) -> (artifact id: '123ab07375e5f4bba42d658e54b1758c') in 0.0128634 seconds
Number of updated asset objects reloaded before import = 0Number of asset objects unloaded after import = 3

========================================================================
Received Import Request.
  Time since last request: 0.000026 seconds.
  path: Assets/Images/Sprites/Boss/boss_idle_04.png
  artifactKey: Guid(3572b1d1b27dcd9498b58bd61bb736a0) Importer(815301076,1909f56bfc062723c751e8b465ee728b)
Start importing Assets/Images/Sprites/Boss/boss_idle_04.png using Guid(3572b1d1b27dcd9498b58bd61bb736a0) Importer(815301076,1909f56bfc062723c751e8b465ee728b) (PreviewImporter) -> (artifact id: 'a65935485fd952cdc2a850cd97876fa0') in 0.0125414 seconds
Number of updated asset objects reloaded before import = 0Number of asset objects unloaded after import = 3

========================================================================
Received Import Request.
  Time since last request: 0.000021 seconds.
  path: Assets/King of Overbrawl/KING OF OVERBRAWL/GOOD/VALKRO/HORRIBLEWORK DELIVERED/example sprite animations/c1-idle.gif
  artifactKey: Guid(74bd5a1ea42664541841cadfc8d58233) Importer(815301076,1909f56bfc062723c751e8b465ee728b)
Start importing Assets/King of Overbrawl/KING OF OVERBRAWL/GOOD/VALKRO/HORRIBLEWORK DELIVERED/example sprite animations/c1-idle.gif using Guid(74bd5a1ea42664541841cadfc8d58233) Importer(815301076,1909f56bfc062723c751e8b465ee728b) (PreviewImporter) -> (artifact id: '742570b5e1beb01a7912cb90e937e7df') in 0.0122407 seconds
Number of updated asset objects reloaded before import = 0Number of asset objects unloaded after import = 3

========================================================================
Received Import Request.
  Time since last request: 0.000019 seconds.
  path: Assets/King of Overbrawl/KING OF OVERBRAWL/GOOD/VALKRO/HORRIBLEWORK DELIVERED/example sprite animations/c2-idle.gif
  artifactKey: Guid(4277e9f32d014b2408db7840efbe52e9) Importer(815301076,1909f56bfc062723c751e8b465ee728b)
Start importing Assets/King of Overbrawl/KING OF OVERBRAWL/GOOD/VALKRO/HORRIBLEWORK DELIVERED/example sprite animations/c2-idle.gif using Guid(4277e9f32d014b2408db7840efbe52e9) Importer(815301076,1909f56bfc062723c751e8b465ee728b) (PreviewImporter) -> (artifact id: 'cca7e1742f7088159e9da2d701b22aac') in 0.0120498 seconds
Number of updated asset objects reloaded before import = 0Number of asset objects unloaded after import = 3

========================================================================
Received Import Request.
  Time since last request: 0.000019 seconds.
  path: Assets/Images/Sprites/Boss/boss_idle_02.png
  artifactKey: Guid(9f7836d0c6b72c74982c7989e2ab08f5) Importer(815301076,1909f56bfc062723c751e8b465ee728b)
Start importing Assets/Images/Sprites/Boss/boss_idle_02.png using Guid(9f7836d0c6b72c74982c7989e2ab08f5) Importer(815301076,1909f56bfc062723c751e8b465ee728b) (PreviewImporter) -> (artifact id: '8185ba4ec6ad79c5eb3f6fae17424a0d') in 0.0123655 seconds
Number of updated asset objects reloaded before import = 0Number of asset objects unloaded after import = 3

========================================================================
Received Import Request.
  Time since last request: 0.000021 seconds.
  path: Assets/Images/Sprites/Boss/boss_idle_03.png
  artifactKey: Guid(0d2948eddbc37d8458f26a0442e2564e) Importer(815301076,1909f56bfc062723c751e8b465ee728b)
Start importing Assets/Images/Sprites/Boss/boss_idle_03.png using Guid(0d2948eddbc37d8458f26a0442e2564e) Importer(815301076,1909f56bfc062723c751e8b465ee728b) (PreviewImporter) -> (artifact id: '689d0875def791849f5e7a093994a2c0') in 0.0093094 seconds
Number of updated asset objects reloaded before import = 0Number of asset objects unloaded after import = 3

========================================================================
Received Import Request.
  Time since last request: 0.377974 seconds.
  path: Assets/King of Overbrawl/KING OF OVERBRAWL/BAD/GOBLIN 2 FIREBALL/animations/goblin1_idle.png
  artifactKey: Guid(f0fe53f683fba65488faf25e909ddde7) Importer(815301076,1909f56bfc062723c751e8b465ee728b)
Start importing Assets/King of Overbrawl/KING OF OVERBRAWL/BAD/GOBLIN 2 FIREBALL/animations/goblin1_idle.png using Guid(f0fe53f683fba65488faf25e909ddde7) Importer(815301076,1909f56bfc062723c751e8b465ee728b) (PreviewImporter) -> (artifact id: 'f60fa3f8bbb89128df28befd95e8ab5d') in 0.12325 seconds
Number of updated asset objects reloaded before import = 0Number of asset objects unloaded after import = 26

========================================================================
Received Import Request.
  Time since last request: 1.785039 seconds.
  path: Assets/King of Overbrawl/KING OF OVERBRAWL/BAD/GOBLIN 2 FIREBALL/animations/goblin2_idle.png
  artifactKey: Guid(167226a18dbbb4b4dae13a915e35ca62) Importer(815301076,1909f56bfc062723c751e8b465ee728b)
Start importing Assets/King of Overbrawl/KING OF OVERBRAWL/BAD/GOBLIN 2 FIREBALL/animations/goblin2_idle.png using Guid(167226a18dbbb4b4dae13a915e35ca62) Importer(815301076,1909f56bfc062723c751e8b465ee728b) (PreviewImporter) -> (artifact id: '874aaeb2a4e3385e5f99341d75a845d8') in 0.1062386 seconds
Number of updated asset objects reloaded before import = 0Number of asset objects unloaded after import = 26

========================================================================
Received Import Request.
  Time since last request: 0.616952 seconds.
  path: Assets/King of Overbrawl/KING OF OVERBRAWL/GOOD/VALKRO/PINK/sequence images/idle/idle_00001.png
  artifactKey: Guid(0cdbc7d7e11b94747a3298fde0dc7404) Importer(815301076,1909f56bfc062723c751e8b465ee728b)
Start importing Assets/King of Overbrawl/KING OF OVERBRAWL/GOOD/VALKRO/PINK/sequence images/idle/idle_00001.png using Guid(0cdbc7d7e11b94747a3298fde0dc7404) Importer(815301076,1909f56bfc062723c751e8b465ee728b) (PreviewImporter) -> (artifact id: 'ef448a57fe2d825f82f017e81cd5a66e') in 0.0156432 seconds
Number of updated asset objects reloaded before import = 0Number of asset objects unloaded after import = 3

========================================================================
Received Import Request.
  Time since last request: 0.006664 seconds.
  path: Assets/King of Overbrawl/KING OF OVERBRAWL/GOOD/VALKRO/PINK/sequence images/idle/idle_00003.png
  artifactKey: Guid(b52967e41bd19d14e99d3d414188eeb1) Importer(815301076,1909f56bfc062723c751e8b465ee728b)
Start importing Assets/King of Overbrawl/KING OF OVERBRAWL/GOOD/VALKRO/PINK/sequence images/idle/idle_00003.png using Guid(b52967e41bd19d14e99d3d414188eeb1) Importer(815301076,1909f56bfc062723c751e8b465ee728b) (PreviewImporter) -> (artifact id: '6b9380a25df7cf245fbd0c1b40d4eb91') in 0.0118172 seconds
Number of updated asset objects reloaded before import = 0Number of asset objects unloaded after import = 3

========================================================================
Received Import Request.
  Time since last request: 0.264947 seconds.
  path: Assets/King of Overbrawl/KING OF OVERBRAWL/GOOD/VALKRO/PINK/sequence images/idle/idle_00004.png
  artifactKey: Guid(99dd21b6b2369ea42a1ead91f24fc558) Importer(815301076,1909f56bfc062723c751e8b465ee728b)
Start importing Assets/King of Overbrawl/KING OF OVERBRAWL/GOOD/VALKRO/PINK/sequence images/idle/idle_00004.png using Guid(99dd21b6b2369ea42a1ead91f24fc558) Importer(815301076,1909f56bfc062723c751e8b465ee728b) (PreviewImporter) -> (artifact id: '20a03c632352ec50ba12d4638eeef9f4') in 0.0171264 seconds
Number of updated asset objects reloaded before import = 0Number of asset objects unloaded after import = 3

========================================================================
Received Import Request.
  Time since last request: 0.001522 seconds.
  path: Assets/King of Overbrawl/KING OF OVERBRAWL/GOOD/VALKRO/PINK/sequence images/idle/idle_00005.png
  artifactKey: Guid(1369fee42da30e547928d67ef33ef698) Importer(815301076,1909f56bfc062723c751e8b465ee728b)
Start importing Assets/King of Overbrawl/KING OF OVERBRAWL/GOOD/VALKRO/PINK/sequence images/idle/idle_00005.png using Guid(1369fee42da30e547928d67ef33ef698) Importer(815301076,1909f56bfc062723c751e8b465ee728b) (PreviewImporter) -> (artifact id: '4c0df35500e7b0b2c98524dfc0353502') in 0.0244013 seconds
Number of updated asset objects reloaded before import = 0Number of asset objects unloaded after import = 3

========================================================================
Received Import Request.
  Time since last request: 0.005649 seconds.
  path: Assets/King of Overbrawl/KING OF OVERBRAWL/GOOD/VALKRO/PINK/sequence images/idle/idle_00007.png
  artifactKey: Guid(01068ef4a99f808458c89acc517837e7) Importer(815301076,1909f56bfc062723c751e8b465ee728b)
Start importing Assets/King of Overbrawl/KING OF OVERBRAWL/GOOD/VALKRO/PINK/sequence images/idle/idle_00007.png using Guid(01068ef4a99f808458c89acc517837e7) Importer(815301076,1909f56bfc062723c751e8b465ee728b) (PreviewImporter) -> (artifact id: 'bc1bb09b2c3ac5e1ecd1b79d51d0fd8d') in 0.0149682 seconds
Number of updated asset objects reloaded before import = 0Number of asset objects unloaded after import = 3

========================================================================
Received Import Request.
  Time since last request: 0.007961 seconds.
  path: Assets/King of Overbrawl/KING OF OVERBRAWL/GOOD/VALKRO/PINK/sequence images/idle/idle_00008.png
  artifactKey: Guid(fdaa52f6fd59b0a4bb9dea340f186595) Importer(815301076,1909f56bfc062723c751e8b465ee728b)
Start importing Assets/King of Overbrawl/KING OF OVERBRAWL/GOOD/VALKRO/PINK/sequence images/idle/idle_00008.png using Guid(fdaa52f6fd59b0a4bb9dea340f186595) Importer(815301076,1909f56bfc062723c751e8b465ee728b) (PreviewImporter) -> (artifact id: 'd9693ddd216eae2d3c9d8094416ea8d6') in 0.0127214 seconds
Number of updated asset objects reloaded before import = 0Number of asset objects unloaded after import = 3

========================================================================
Received Prepare
Begin MonoManager ReloadAssembly
[Licensing::Client] Successfully resolved entitlement details
ADTM: Control thread waiting for realtime thread timed out, have to lock...
Symbol file LoadedFromMemory is not a mono symbol file
- Loaded All Assemblies, in  2.062 seconds
Refreshing native plugins compatible for Editor in 4.27 ms, found 2 plugins.
Native extension for WindowsStandalone target not found
Native extension for WebGL target not found
[Package Manager] Failed to launch server process. Reason: Unity was launched with the -noUpm command-line argument
[Package Manager] Unable to send message (not connected to server process).
[Package Manager] Cannot connect to Unity Package Manager local server
ScheduleIndexationOnStartup MainProcess:False IndexOnStartup:True
Mono: successfully reloaded assembly
- Finished resetting the current domain, in  1.388 seconds
Domain Reload Profiling: 3449ms
	BeginReloadAssembly (1352ms)
		ExecutionOrderSort (0ms)
		DisableScriptedObjects (9ms)
		BackupInstance (0ms)
		ReleaseScriptingObjects (0ms)
		CreateAndSetChildDomain (1076ms)
	RebuildCommonClasses (72ms)
	RebuildNativeTypeToScriptingClass (24ms)
	initialDomainReloadingComplete (47ms)
	LoadAllAssembliesAndSetupDomain (565ms)
		LoadAssemblies (576ms)
		RebuildTransferFunctionScriptingTraits (0ms)
		AnalyzeDomain (192ms)
			TypeCache.Refresh (32ms)
				TypeCache.ScanAssembly (0ms)
			BuildScriptInfoCaches (152ms)
			ResolveRequiredComponents (5ms)
	FinalizeReload (1389ms)
		ReleaseScriptCaches (0ms)
		RebuildScriptCaches (0ms)
		SetupLoadedEditorAssemblies (1183ms)
			LogAssemblyErrors (0ms)
			InitializePlatformSupportModulesInManaged (3ms)
			SetLoadedEditorAssemblies (7ms)
			BeforeProcessingInitializeOnLoad (235ms)
			ProcessInitializeOnLoadAttributes (505ms)
			ProcessInitializeOnLoadMethodAttributes (425ms)
			AfterProcessingInitializeOnLoad (7ms)
			EditorAssembliesLoaded (0ms)
		ExecutionOrderSort2 (0ms)
		AwakeInstancesAfterBackupRestoration (10ms)
Refreshing native plugins compatible for Editor in 3.54 ms, found 2 plugins.
Preloading 0 native plugins for Editor in 0.00 ms.
Unloading 0 Unused Serialized files (Serialized files now loaded: 0)
Unloading 3007 unused Assets / (1.1 MB). Loaded Objects now: 3620.
Memory consumption went from 88.9 MB to 87.8 MB.
Total: 19.113400 ms (FindLiveObjects: 0.649600 ms CreateObjectMapping: 0.579500 ms MarkObjects: 16.557200 ms  DeleteObjects: 1.325600 ms)

Prepare: number of updated asset objects reloaded= 0
========================================================================
Received Import Request.
  Time since last request: 114.180744 seconds.
  path: Assets/King of Overbrawl/Animations/Movement/Fist.anim
  artifactKey: Guid(f85a3cad6a167f04d9905c178860d1cf) Importer(815301076,1909f56bfc062723c751e8b465ee728b)
Start importing Assets/King of Overbrawl/Animations/Movement/Fist.anim using Guid(f85a3cad6a167f04d9905c178860d1cf) Importer(815301076,1909f56bfc062723c751e8b465ee728b) (PreviewImporter) -> (artifact id: '86f10cdf65aa2d6c12b50fd41be5b2bd') in 0.0223362 seconds
Number of updated asset objects reloaded before import = 0Number of asset objects unloaded after import = 1

========================================================================
Received Import Request.
  Time since last request: 0.504343 seconds.
  path: Assets/King of Overbrawl/Animations/Movement/Walk.anim
  artifactKey: Guid(990e1f8486a744c4c860f096d35c53f5) Importer(815301076,1909f56bfc062723c751e8b465ee728b)
Start importing Assets/King of Overbrawl/Animations/Movement/Walk.anim using Guid(990e1f8486a744c4c860f096d35c53f5) Importer(815301076,1909f56bfc062723c751e8b465ee728b) (PreviewImporter) -> (artifact id: 'cf7aa15099441a6f97b02ccca2705325') in 0.0014928 seconds
Number of updated asset objects reloaded before import = 0Number of asset objects unloaded after import = 1

========================================================================
Received Import Request.
  Time since last request: 4.131466 seconds.
  path: Assets/King of Overbrawl/Animations/Movement/Walk.anim
  artifactKey: Guid(990e1f8486a744c4c860f096d35c53f5) Importer(815301076,1909f56bfc062723c751e8b465ee728b)
Start importing Assets/King of Overbrawl/Animations/Movement/Walk.anim using Guid(990e1f8486a744c4c860f096d35c53f5) Importer(815301076,1909f56bfc062723c751e8b465ee728b) (PreviewImporter) -> (artifact id: '89892b4de9e7032aa4919192508e6297') in 0.0012008 seconds
Number of updated asset objects reloaded before import = 0Number of asset objects unloaded after import = 1

========================================================================
Received Prepare
Begin MonoManager ReloadAssembly
ADTM: Control thread waiting for realtime thread timed out, have to lock...
Symbol file LoadedFromMemory is not a mono symbol file
- Loaded All Assemblies, in  1.868 seconds
Refreshing native plugins compatible for Editor in 3.32 ms, found 2 plugins.
Native extension for WindowsStandalone target not found
Native extension for WebGL target not found
[Package Manager] Failed to launch server process. Reason: Unity was launched with the -noUpm command-line argument
[Package Manager] Unable to send message (not connected to server process).
[Package Manager] Cannot connect to Unity Package Manager local server
ScheduleIndexationOnStartup MainProcess:False IndexOnStartup:True
Mono: successfully reloaded assembly
- Finished resetting the current domain, in  1.119 seconds
Domain Reload Profiling: 2987ms
	BeginReloadAssembly (1277ms)
		ExecutionOrderSort (0ms)
		DisableScriptedObjects (9ms)
		BackupInstance (0ms)
		ReleaseScriptingObjects (0ms)
		CreateAndSetChildDomain (1080ms)
	RebuildCommonClasses (55ms)
	RebuildNativeTypeToScriptingClass (22ms)
	initialDomainReloadingComplete (35ms)
	LoadAllAssembliesAndSetupDomain (478ms)
		LoadAssemblies (422ms)
		RebuildTransferFunctionScriptingTraits (0ms)
		AnalyzeDomain (190ms)
			TypeCache.Refresh (34ms)
				TypeCache.ScanAssembly (0ms)
			BuildScriptInfoCaches (147ms)
			ResolveRequiredComponents (4ms)
	FinalizeReload (1119ms)
		ReleaseScriptCaches (0ms)
		RebuildScriptCaches (0ms)
		SetupLoadedEditorAssemblies (944ms)
			LogAssemblyErrors (0ms)
			InitializePlatformSupportModulesInManaged (3ms)
			SetLoadedEditorAssemblies (7ms)
			BeforeProcessingInitializeOnLoad (195ms)
			ProcessInitializeOnLoadAttributes (396ms)
			ProcessInitializeOnLoadMethodAttributes (335ms)
			AfterProcessingInitializeOnLoad (8ms)
			EditorAssembliesLoaded (0ms)
		ExecutionOrderSort2 (0ms)
		AwakeInstancesAfterBackupRestoration (10ms)
Refreshing native plugins compatible for Editor in 4.17 ms, found 2 plugins.
Preloading 0 native plugins for Editor in 0.00 ms.
Unloading 0 Unused Serialized files (Serialized files now loaded: 0)
Unloading 3007 unused Assets / (1.0 MB). Loaded Objects now: 3621.
Memory consumption went from 88.9 MB to 87.9 MB.
Total: 20.110600 ms (FindLiveObjects: 0.638200 ms CreateObjectMapping: 0.524400 ms MarkObjects: 17.242200 ms  DeleteObjects: 1.704100 ms)

Prepare: number of updated asset objects reloaded= 0
========================================================================
Received Import Request.
  Time since last request: 46.064563 seconds.
  path: Assets/Animation/Hero/boko_anim_controller.controller
  artifactKey: Guid(7c766dcc0fcb64d4ab42810992daa395) Importer(815301076,1909f56bfc062723c751e8b465ee728b)
Start importing Assets/Animation/Hero/boko_anim_controller.controller using Guid(7c766dcc0fcb64d4ab42810992daa395) Importer(815301076,1909f56bfc062723c751e8b465ee728b) (PreviewImporter) -> (artifact id: '71fa7f209cbf96416d04500a9c3e0e40') in 0.0404448 seconds
Number of updated asset objects reloaded before import = 0Number of asset objects unloaded after import = 66

========================================================================
Received Import Request.
  Time since last request: 0.771629 seconds.
  path: Assets/Animation/Hero/hero_run_anim.anim
  artifactKey: Guid(e41467f2b9170ed46b24d056cdfaf1d3) Importer(815301076,1909f56bfc062723c751e8b465ee728b)
Start importing Assets/Animation/Hero/hero_run_anim.anim using Guid(e41467f2b9170ed46b24d056cdfaf1d3) Importer(815301076,1909f56bfc062723c751e8b465ee728b) (PreviewImporter) -> (artifact id: '11743d5ded6a17532f22e81179947116') in 0.0036924 seconds
Number of updated asset objects reloaded before import = 0Number of asset objects unloaded after import = 1

========================================================================
Received Import Request.
  Time since last request: 30.913804 seconds.
  path: Assets/King of Overbrawl/Animations/Movement/Idle 1.anim
  artifactKey: Guid(7712b5ecb74a080478ef4b958ce749e8) Importer(815301076,1909f56bfc062723c751e8b465ee728b)
Start importing Assets/King of Overbrawl/Animations/Movement/Idle 1.anim using Guid(7712b5ecb74a080478ef4b958ce749e8) Importer(815301076,1909f56bfc062723c751e8b465ee728b) (PreviewImporter) -> (artifact id: '53b54576759eb5ceecd0dc5977c81dea') in 0.001144 seconds
Number of updated asset objects reloaded before import = 0Number of asset objects unloaded after import = 1

========================================================================
Received Import Request.
  Time since last request: 9.718444 seconds.
  path: Assets/King of Overbrawl/Animations/Movement/Run.anim
  artifactKey: Guid(7712b5ecb74a080478ef4b958ce749e8) Importer(815301076,1909f56bfc062723c751e8b465ee728b)
Start importing Assets/King of Overbrawl/Animations/Movement/Run.anim using Guid(7712b5ecb74a080478ef4b958ce749e8) Importer(815301076,1909f56bfc062723c751e8b465ee728b) (PreviewImporter) -> (artifact id: '416b5089f5bb004136d02f719d603aa5') in 0.0015257 seconds
Number of updated asset objects reloaded before import = 0Number of asset objects unloaded after import = 1

========================================================================
Received Prepare
Begin MonoManager ReloadAssembly
[Licensing::Client] Successfully resolved entitlement details
ADTM: Control thread waiting for realtime thread timed out, have to lock...
Symbol file LoadedFromMemory is not a mono symbol file
- Loaded All Assemblies, in  2.778 seconds
Refreshing native plugins compatible for Editor in 8.69 ms, found 2 plugins.
Native extension for WindowsStandalone target not found
Native extension for WebGL target not found
[Package Manager] Failed to launch server process. Reason: Unity was launched with the -noUpm command-line argument
[Package Manager] Unable to send message (not connected to server process).
[Package Manager] Cannot connect to Unity Package Manager local server
ScheduleIndexationOnStartup MainProcess:False IndexOnStartup:True
Mono: successfully reloaded assembly
- Finished resetting the current domain, in  3.590 seconds
Domain Reload Profiling: 6368ms
	BeginReloadAssembly (1333ms)
		ExecutionOrderSort (0ms)
		DisableScriptedObjects (12ms)
		BackupInstance (0ms)
		ReleaseScriptingObjects (0ms)
		CreateAndSetChildDomain (1112ms)
	RebuildCommonClasses (117ms)
	RebuildNativeTypeToScriptingClass (38ms)
	initialDomainReloadingComplete (97ms)
	LoadAllAssembliesAndSetupDomain (1191ms)
		LoadAssemblies (890ms)
		RebuildTransferFunctionScriptingTraits (0ms)
		AnalyzeDomain (438ms)
			TypeCache.Refresh (63ms)
				TypeCache.ScanAssembly (0ms)
			BuildScriptInfoCaches (351ms)
			ResolveRequiredComponents (11ms)
	FinalizeReload (3592ms)
		ReleaseScriptCaches (0ms)
		RebuildScriptCaches (0ms)
		SetupLoadedEditorAssemblies (3029ms)
			LogAssemblyErrors (0ms)
			InitializePlatformSupportModulesInManaged (12ms)
			SetLoadedEditorAssemblies (26ms)
			BeforeProcessingInitializeOnLoad (717ms)
			ProcessInitializeOnLoadAttributes (1215ms)
			ProcessInitializeOnLoadMethodAttributes (1041ms)
			AfterProcessingInitializeOnLoad (18ms)
			EditorAssembliesLoaded (1ms)
		ExecutionOrderSort2 (0ms)
		AwakeInstancesAfterBackupRestoration (25ms)
Refreshing native plugins compatible for Editor in 10.05 ms, found 2 plugins.
Preloading 0 native plugins for Editor in 0.00 ms.
Unloading 0 Unused Serialized files (Serialized files now loaded: 0)
Unloading 3007 unused Assets / (1.1 MB). Loaded Objects now: 3622.
Memory consumption went from 88.9 MB to 87.7 MB.
Total: 41.570000 ms (FindLiveObjects: 1.705400 ms CreateObjectMapping: 1.565300 ms MarkObjects: 34.889400 ms  DeleteObjects: 3.407400 ms)

Prepare: number of updated asset objects reloaded= 0
========================================================================
Received Import Request.
  Time since last request: 124.017329 seconds.
  path: Assets/King of Overbrawl/Animations/Movement/Idle.anim
  artifactKey: Guid(319fa17c66c45444a8165621b8eebf9b) Importer(815301076,1909f56bfc062723c751e8b465ee728b)
Start importing Assets/King of Overbrawl/Animations/Movement/Idle.anim using Guid(319fa17c66c45444a8165621b8eebf9b) Importer(815301076,1909f56bfc062723c751e8b465ee728b) (PreviewImporter) -> (artifact id: '41a8dc2be5128bc509846f9be3cbbce4') in 0.0302721 seconds
Number of updated asset objects reloaded before import = 0Number of asset objects unloaded after import = 1

========================================================================
Received Import Request.
  Time since last request: 3.206134 seconds.
  path: Assets/King of Overbrawl/Animations/Movement/Walk.anim
  artifactKey: Guid(990e1f8486a744c4c860f096d35c53f5) Importer(815301076,1909f56bfc062723c751e8b465ee728b)
Start importing Assets/King of Overbrawl/Animations/Movement/Walk.anim using Guid(990e1f8486a744c4c860f096d35c53f5) Importer(815301076,1909f56bfc062723c751e8b465ee728b) (PreviewImporter) -> (artifact id: '7b3b60dbf1e1f88c038cd196bc2025b9') in 0.0021312 seconds
Number of updated asset objects reloaded before import = 0Number of asset objects unloaded after import = 1

========================================================================
Received Import Request.
  Time since last request: 1.722894 seconds.
  path: Assets/King of Overbrawl/Animations/Movement/Walk 1.anim
  artifactKey: Guid(5858ef66a28569b428e79d7a8ce1be94) Importer(815301076,1909f56bfc062723c751e8b465ee728b)
Start importing Assets/King of Overbrawl/Animations/Movement/Walk 1.anim using Guid(5858ef66a28569b428e79d7a8ce1be94) Importer(815301076,1909f56bfc062723c751e8b465ee728b) (PreviewImporter) -> (artifact id: 'bdcc03b435cdfcc32bb3af99076698a8') in 0.0011816 seconds
Number of updated asset objects reloaded before import = 0Number of asset objects unloaded after import = 1

========================================================================
Received Import Request.
  Time since last request: 4.630412 seconds.
  path: Assets/King of Overbrawl/Animations/Movement/Run.anim
  artifactKey: Guid(5858ef66a28569b428e79d7a8ce1be94) Importer(815301076,1909f56bfc062723c751e8b465ee728b)
Start importing Assets/King of Overbrawl/Animations/Movement/Run.anim using Guid(5858ef66a28569b428e79d7a8ce1be94) Importer(815301076,1909f56bfc062723c751e8b465ee728b) (PreviewImporter) -> (artifact id: '118c71435cee3e23947f33f7385d7f1d') in 0.001111 seconds
Number of updated asset objects reloaded before import = 0Number of asset objects unloaded after import = 1

========================================================================
Received Prepare
Begin MonoManager ReloadAssembly
[Licensing::Client] Successfully resolved entitlement details
ADTM: Control thread waiting for realtime thread timed out, have to lock...
Symbol file LoadedFromMemory is not a mono symbol file
- Loaded All Assemblies, in  2.509 seconds
Refreshing native plugins compatible for Editor in 11.96 ms, found 2 plugins.
Native extension for WindowsStandalone target not found
Native extension for WebGL target not found
[Package Manager] Failed to launch server process. Reason: Unity was launched with the -noUpm command-line argument
[Package Manager] Unable to send message (not connected to server process).
[Package Manager] Cannot connect to Unity Package Manager local server
ScheduleIndexationOnStartup MainProcess:False IndexOnStartup:True
Mono: successfully reloaded assembly
- Finished resetting the current domain, in  3.475 seconds
Domain Reload Profiling: 5991ms
	BeginReloadAssembly (1283ms)
		ExecutionOrderSort (0ms)
		DisableScriptedObjects (12ms)
		BackupInstance (0ms)
		ReleaseScriptingObjects (0ms)
		CreateAndSetChildDomain (1077ms)
	RebuildCommonClasses (92ms)
	RebuildNativeTypeToScriptingClass (26ms)
	initialDomainReloadingComplete (54ms)
	LoadAllAssembliesAndSetupDomain (1060ms)
		LoadAssemblies (682ms)
		RebuildTransferFunctionScriptingTraits (0ms)
		AnalyzeDomain (500ms)
			TypeCache.Refresh (60ms)
				TypeCache.ScanAssembly (0ms)
			BuildScriptInfoCaches (408ms)
			ResolveRequiredComponents (18ms)
	FinalizeReload (3477ms)
		ReleaseScriptCaches (0ms)
		RebuildScriptCaches (0ms)
		SetupLoadedEditorAssemblies (2887ms)
			LogAssemblyErrors (0ms)
			InitializePlatformSupportModulesInManaged (9ms)
			SetLoadedEditorAssemblies (22ms)
			BeforeProcessingInitializeOnLoad (632ms)
			ProcessInitializeOnLoadAttributes (1229ms)
			ProcessInitializeOnLoadMethodAttributes (982ms)
			AfterProcessingInitializeOnLoad (12ms)
			EditorAssembliesLoaded (1ms)
		ExecutionOrderSort2 (0ms)
		AwakeInstancesAfterBackupRestoration (21ms)
Refreshing native plugins compatible for Editor in 10.54 ms, found 2 plugins.
Preloading 0 native plugins for Editor in 0.00 ms.
Unloading 0 Unused Serialized files (Serialized files now loaded: 0)
Unloading 3007 unused Assets / (1.2 MB). Loaded Objects now: 3623.
Memory consumption went from 88.9 MB to 87.7 MB.
Total: 38.894400 ms (FindLiveObjects: 0.840300 ms CreateObjectMapping: 1.842400 ms MarkObjects: 32.994100 ms  DeleteObjects: 3.215600 ms)

Prepare: number of updated asset objects reloaded= 0
========================================================================
Received Import Request.
  Time since last request: 104.910900 seconds.
  path: Assets/King of Overbrawl/Animations/Movement/Run.anim
  artifactKey: Guid(5858ef66a28569b428e79d7a8ce1be94) Importer(815301076,1909f56bfc062723c751e8b465ee728b)
Start importing Assets/King of Overbrawl/Animations/Movement/Run.anim using Guid(5858ef66a28569b428e79d7a8ce1be94) Importer(815301076,1909f56bfc062723c751e8b465ee728b) (PreviewImporter) -> (artifact id: '3ac14a7a22af05c19688c1dda52744cd') in 0.0243639 seconds
Number of updated asset objects reloaded before import = 0Number of asset objects unloaded after import = 1

========================================================================
Received Import Request.
  Time since last request: 6.832480 seconds.
  path: Assets/Animation/Hero/boko_anim_controller.controller
  artifactKey: Guid(7c766dcc0fcb64d4ab42810992daa395) Importer(815301076,1909f56bfc062723c751e8b465ee728b)
Start importing Assets/Animation/Hero/boko_anim_controller.controller using Guid(7c766dcc0fcb64d4ab42810992daa395) Importer(815301076,1909f56bfc062723c751e8b465ee728b) (PreviewImporter) -> (artifact id: 'ea061c971550bd3c00aba92e59ed4105') in 0.0100609 seconds
Number of updated asset objects reloaded before import = 0Number of asset objects unloaded after import = 66

========================================================================
Received Prepare
Begin MonoManager ReloadAssembly
[Licensing::Client] Successfully resolved entitlement details
ADTM: Control thread waiting for realtime thread timed out, have to lock...
Symbol file LoadedFromMemory is not a mono symbol file
- Loaded All Assemblies, in  2.440 seconds
Refreshing native plugins compatible for Editor in 9.57 ms, found 2 plugins.
Native extension for WindowsStandalone target not found
Native extension for WebGL target not found
[Package Manager] Failed to launch server process. Reason: Unity was launched with the -noUpm command-line argument
[Package Manager] Unable to send message (not connected to server process).
[Package Manager] Cannot connect to Unity Package Manager local server
ScheduleIndexationOnStartup MainProcess:False IndexOnStartup:True
Mono: successfully reloaded assembly
- Finished resetting the current domain, in  3.928 seconds
Domain Reload Profiling: 6372ms
	BeginReloadAssembly (1272ms)
		ExecutionOrderSort (0ms)
		DisableScriptedObjects (9ms)
		BackupInstance (0ms)
		ReleaseScriptingObjects (0ms)
		CreateAndSetChildDomain (1079ms)
	RebuildCommonClasses (58ms)
	RebuildNativeTypeToScriptingClass (25ms)
	initialDomainReloadingComplete (58ms)
	LoadAllAssembliesAndSetupDomain (1030ms)
		LoadAssemblies (711ms)
		RebuildTransferFunctionScriptingTraits (0ms)
		AnalyzeDomain (437ms)
			TypeCache.Refresh (69ms)
				TypeCache.ScanAssembly (0ms)
			BuildScriptInfoCaches (347ms)
			ResolveRequiredComponents (9ms)
	FinalizeReload (3929ms)
		ReleaseScriptCaches (0ms)
		RebuildScriptCaches (0ms)
		SetupLoadedEditorAssemblies (3380ms)
			LogAssemblyErrors (0ms)
			InitializePlatformSupportModulesInManaged (9ms)
			SetLoadedEditorAssemblies (27ms)
			BeforeProcessingInitializeOnLoad (765ms)
			ProcessInitializeOnLoadAttributes (1367ms)
			ProcessInitializeOnLoadMethodAttributes (1187ms)
			AfterProcessingInitializeOnLoad (24ms)
			EditorAssembliesLoaded (1ms)
		ExecutionOrderSort2 (0ms)
		AwakeInstancesAfterBackupRestoration (34ms)
Refreshing native plugins compatible for Editor in 10.85 ms, found 2 plugins.
Preloading 0 native plugins for Editor in 0.00 ms.
Unloading 0 Unused Serialized files (Serialized files now loaded: 0)
Unloading 3007 unused Assets / (1.0 MB). Loaded Objects now: 3624.
Memory consumption went from 88.9 MB to 87.9 MB.
Total: 46.548900 ms (FindLiveObjects: 1.653300 ms CreateObjectMapping: 2.017200 ms MarkObjects: 39.136100 ms  DeleteObjects: 3.739800 ms)

Prepare: number of updated asset objects reloaded= 0
========================================================================
Received Prepare
Begin MonoManager ReloadAssembly
[Licensing::Client] Successfully resolved entitlement details
ADTM: Control thread waiting for realtime thread timed out, have to lock...
Symbol file LoadedFromMemory is not a mono symbol file
- Loaded All Assemblies, in  2.507 seconds
Refreshing native plugins compatible for Editor in 11.32 ms, found 2 plugins.
Native extension for WindowsStandalone target not found
Native extension for WebGL target not found
[Package Manager] Failed to launch server process. Reason: Unity was launched with the -noUpm command-line argument
[Package Manager] Unable to send message (not connected to server process).
[Package Manager] Cannot connect to Unity Package Manager local server
ScheduleIndexationOnStartup MainProcess:False IndexOnStartup:True
Mono: successfully reloaded assembly
- Finished resetting the current domain, in  3.617 seconds
Domain Reload Profiling: 6129ms
	BeginReloadAssembly (1330ms)
		ExecutionOrderSort (0ms)
		DisableScriptedObjects (10ms)
		BackupInstance (0ms)
		ReleaseScriptingObjects (0ms)
		CreateAndSetChildDomain (1079ms)
	RebuildCommonClasses (67ms)
	RebuildNativeTypeToScriptingClass (23ms)
	initialDomainReloadingComplete (37ms)
	LoadAllAssembliesAndSetupDomain (1054ms)
		LoadAssemblies (801ms)
		RebuildTransferFunctionScriptingTraits (0ms)
		AnalyzeDomain (411ms)
			TypeCache.Refresh (57ms)
				TypeCache.ScanAssembly (0ms)
			BuildScriptInfoCaches (331ms)
			ResolveRequiredComponents (12ms)
	FinalizeReload (3619ms)
		ReleaseScriptCaches (0ms)
		RebuildScriptCaches (0ms)
		SetupLoadedEditorAssemblies (3161ms)
			LogAssemblyErrors (0ms)
			InitializePlatformSupportModulesInManaged (8ms)
			SetLoadedEditorAssemblies (22ms)
			BeforeProcessingInitializeOnLoad (648ms)
			ProcessInitializeOnLoadAttributes (1328ms)
			ProcessInitializeOnLoadMethodAttributes (1132ms)
			AfterProcessingInitializeOnLoad (22ms)
			EditorAssembliesLoaded (1ms)
		ExecutionOrderSort2 (0ms)
		AwakeInstancesAfterBackupRestoration (32ms)
Refreshing native plugins compatible for Editor in 12.49 ms, found 2 plugins.
Preloading 0 native plugins for Editor in 0.00 ms.
Unloading 0 Unused Serialized files (Serialized files now loaded: 0)
Unloading 3007 unused Assets / (1.4 MB). Loaded Objects now: 3625.
Memory consumption went from 88.9 MB to 87.5 MB.
Total: 44.346900 ms (FindLiveObjects: 1.286400 ms CreateObjectMapping: 1.622500 ms MarkObjects: 37.477600 ms  DeleteObjects: 3.958400 ms)

Prepare: number of updated asset objects reloaded= 0
========================================================================
Received Import Request.
  Time since last request: 758.851900 seconds.
  path: Assets/King of Overbrawl/Animations/Movement/Attack.anim
  artifactKey: Guid(75ed1b6570a172249a116e811dbc769c) Importer(815301076,1909f56bfc062723c751e8b465ee728b)
Start importing Assets/King of Overbrawl/Animations/Movement/Attack.anim using Guid(75ed1b6570a172249a116e811dbc769c) Importer(815301076,1909f56bfc062723c751e8b465ee728b) (PreviewImporter) -> (artifact id: 'e208165a175b16e086ae6e8355b63c8b') in 0.0273075 seconds
Number of updated asset objects reloaded before import = 0Number of asset objects unloaded after import = 1

========================================================================
Received Import Request.
  Time since last request: 2.849720 seconds.
  path: Assets/King of Overbrawl/Animations/Movement/Attack.anim
  artifactKey: Guid(75ed1b6570a172249a116e811dbc769c) Importer(815301076,1909f56bfc062723c751e8b465ee728b)
Start importing Assets/King of Overbrawl/Animations/Movement/Attack.anim using Guid(75ed1b6570a172249a116e811dbc769c) Importer(815301076,1909f56bfc062723c751e8b465ee728b) (PreviewImporter) -> (artifact id: 'c4c2bfa1b1dd7825111ebe9d38d9481e') in 0.0010673 seconds
Number of updated asset objects reloaded before import = 0Number of asset objects unloaded after import = 1

========================================================================
Received Import Request.
  Time since last request: 0.763611 seconds.
  path: Assets/King of Overbrawl/Animations/Movement/Attack-2.anim
  artifactKey: Guid(e13d26dbdaf074949bbf7e3272e4a7ad) Importer(815301076,1909f56bfc062723c751e8b465ee728b)
Start importing Assets/King of Overbrawl/Animations/Movement/Attack-2.anim using Guid(e13d26dbdaf074949bbf7e3272e4a7ad) Importer(815301076,1909f56bfc062723c751e8b465ee728b) (PreviewImporter) -> (artifact id: 'b6eb5ed7031b069b8d87eee7fc3d13f4') in 0.0013847 seconds
Number of updated asset objects reloaded before import = 0Number of asset objects unloaded after import = 1

========================================================================
Received Import Request.
  Time since last request: 2.576990 seconds.
  path: Assets/King of Overbrawl/Animations/Movement/Attack-2.anim
  artifactKey: Guid(e13d26dbdaf074949bbf7e3272e4a7ad) Importer(815301076,1909f56bfc062723c751e8b465ee728b)
Start importing Assets/King of Overbrawl/Animations/Movement/Attack-2.anim using Guid(e13d26dbdaf074949bbf7e3272e4a7ad) Importer(815301076,1909f56bfc062723c751e8b465ee728b) (PreviewImporter) -> (artifact id: 'dbef4517f484457ec2a459e85432b28b') in 0.001139 seconds
Number of updated asset objects reloaded before import = 0Number of asset objects unloaded after import = 1

========================================================================
Received Import Request.
  Time since last request: 9.375414 seconds.
  path: Assets/King of Overbrawl/Animations/Movement/Fist.anim
  artifactKey: Guid(f85a3cad6a167f04d9905c178860d1cf) Importer(815301076,1909f56bfc062723c751e8b465ee728b)
Start importing Assets/King of Overbrawl/Animations/Movement/Fist.anim using Guid(f85a3cad6a167f04d9905c178860d1cf) Importer(815301076,1909f56bfc062723c751e8b465ee728b) (PreviewImporter) -> (artifact id: 'b861d0c1d9203566d1e7f1ac769f1b90') in 0.0011661 seconds
Number of updated asset objects reloaded before import = 0Number of asset objects unloaded after import = 1

========================================================================
Received Prepare
Begin MonoManager ReloadAssembly
ADTM: Control thread waiting for realtime thread timed out, have to lock...
Symbol file LoadedFromMemory is not a mono symbol file
- Loaded All Assemblies, in  2.519 seconds
Refreshing native plugins compatible for Editor in 18.21 ms, found 2 plugins.
Native extension for WindowsStandalone target not found
Native extension for WebGL target not found
[Package Manager] Failed to launch server process. Reason: Unity was launched with the -noUpm command-line argument
[Package Manager] Unable to send message (not connected to server process).
[Package Manager] Cannot connect to Unity Package Manager local server
ScheduleIndexationOnStartup MainProcess:False IndexOnStartup:True
Mono: successfully reloaded assembly
- Finished resetting the current domain, in  4.515 seconds
Domain Reload Profiling: 7039ms
	BeginReloadAssembly (1350ms)
		ExecutionOrderSort (0ms)
		DisableScriptedObjects (9ms)
		BackupInstance (0ms)
		ReleaseScriptingObjects (0ms)
		CreateAndSetChildDomain (1084ms)
	RebuildCommonClasses (88ms)
	RebuildNativeTypeToScriptingClass (30ms)
	initialDomainReloadingComplete (51ms)
	LoadAllAssembliesAndSetupDomain (1003ms)
		LoadAssemblies (568ms)
		RebuildTransferFunctionScriptingTraits (0ms)
		AnalyzeDomain (622ms)
			TypeCache.Refresh (59ms)
				TypeCache.ScanAssembly (0ms)
			BuildScriptInfoCaches (535ms)
			ResolveRequiredComponents (15ms)
	FinalizeReload (4516ms)
		ReleaseScriptCaches (0ms)
		RebuildScriptCaches (0ms)
		SetupLoadedEditorAssemblies (3886ms)
			LogAssemblyErrors (0ms)
			InitializePlatformSupportModulesInManaged (12ms)
			SetLoadedEditorAssemblies (24ms)
			BeforeProcessingInitializeOnLoad (1052ms)
			ProcessInitializeOnLoadAttributes (1529ms)
			ProcessInitializeOnLoadMethodAttributes (1249ms)
			AfterProcessingInitializeOnLoad (20ms)
			EditorAssembliesLoaded (1ms)
		ExecutionOrderSort2 (0ms)
		AwakeInstancesAfterBackupRestoration (27ms)
Refreshing native plugins compatible for Editor in 21.78 ms, found 2 plugins.
Preloading 0 native plugins for Editor in 0.00 ms.
Unloading 0 Unused Serialized files (Serialized files now loaded: 0)
Unloading 3007 unused Assets / (1.2 MB). Loaded Objects now: 3626.
Memory consumption went from 88.9 MB to 87.7 MB.
Total: 45.755000 ms (FindLiveObjects: 0.874300 ms CreateObjectMapping: 2.253200 ms MarkObjects: 39.452400 ms  DeleteObjects: 3.173300 ms)

Prepare: number of updated asset objects reloaded= 0
========================================================================
Received Import Request.
  Time since last request: 54.621116 seconds.
  path: Assets/Animation/Hero/hero_anim_controller.controller
  artifactKey: Guid(8ce2e693ca3eb46499634faead362844) Importer(815301076,1909f56bfc062723c751e8b465ee728b)
Start importing Assets/Animation/Hero/hero_anim_controller.controller using Guid(8ce2e693ca3eb46499634faead362844) Importer(815301076,1909f56bfc062723c751e8b465ee728b) (PreviewImporter) -> (artifact id: '8ce02b4fef54e02969fab5938808178a') in 0.0361494 seconds
Number of updated asset objects reloaded before import = 0Number of asset objects unloaded after import = 66

========================================================================
Received Import Request.
  Time since last request: 23.995475 seconds.
  path: Assets/Animation/Hero/hero_attack1_anim_powerup.anim
  artifactKey: Guid(e427fc3975a9a4accb69ade2944be4f2) Importer(815301076,1909f56bfc062723c751e8b465ee728b)
Start importing Assets/Animation/Hero/hero_attack1_anim_powerup.anim using Guid(e427fc3975a9a4accb69ade2944be4f2) Importer(815301076,1909f56bfc062723c751e8b465ee728b) (PreviewImporter) -> (artifact id: 'add3a0e6e848a4b3c9de9d9374d8a921') in 0.0051069 seconds
Number of updated asset objects reloaded before import = 0Number of asset objects unloaded after import = 1

========================================================================
Received Import Request.
  Time since last request: 7.451605 seconds.
  path: Assets/Animation/Hero/boko_anim_controller.controller
  artifactKey: Guid(7c766dcc0fcb64d4ab42810992daa395) Importer(815301076,1909f56bfc062723c751e8b465ee728b)
Start importing Assets/Animation/Hero/boko_anim_controller.controller using Guid(7c766dcc0fcb64d4ab42810992daa395) Importer(815301076,1909f56bfc062723c751e8b465ee728b) (PreviewImporter) -> (artifact id: 'bb868859fd6ab6cdf3fd2e6a7f754d23') in 0.0060176 seconds
Number of updated asset objects reloaded before import = 0Number of asset objects unloaded after import = 66

========================================================================
Received Prepare
Begin MonoManager ReloadAssembly
[Licensing::Client] Successfully resolved entitlement details
ADTM: Control thread waiting for realtime thread timed out, have to lock...
Symbol file LoadedFromMemory is not a mono symbol file
- Loaded All Assemblies, in  2.045 seconds
Refreshing native plugins compatible for Editor in 3.53 ms, found 2 plugins.
Native extension for WindowsStandalone target not found
Native extension for WebGL target not found
[Package Manager] Failed to launch server process. Reason: Unity was launched with the -noUpm command-line argument
[Package Manager] Unable to send message (not connected to server process).
[Package Manager] Cannot connect to Unity Package Manager local server
ScheduleIndexationOnStartup MainProcess:False IndexOnStartup:True
Mono: successfully reloaded assembly
- Finished resetting the current domain, in  1.279 seconds
Domain Reload Profiling: 3323ms
	BeginReloadAssembly (1294ms)
		ExecutionOrderSort (0ms)
		DisableScriptedObjects (8ms)
		BackupInstance (0ms)
		ReleaseScriptingObjects (0ms)
		CreateAndSetChildDomain (1087ms)
	RebuildCommonClasses (111ms)
	RebuildNativeTypeToScriptingClass (33ms)
	initialDomainReloadingComplete (53ms)
	LoadAllAssembliesAndSetupDomain (553ms)
		LoadAssemblies (499ms)
		RebuildTransferFunctionScriptingTraits (0ms)
		AnalyzeDomain (193ms)
			TypeCache.Refresh (32ms)
				TypeCache.ScanAssembly (0ms)
			BuildScriptInfoCaches (152ms)
			ResolveRequiredComponents (4ms)
	FinalizeReload (1279ms)
		ReleaseScriptCaches (0ms)
		RebuildScriptCaches (0ms)
		SetupLoadedEditorAssemblies (1075ms)
			LogAssemblyErrors (0ms)
			InitializePlatformSupportModulesInManaged (3ms)
			SetLoadedEditorAssemblies (9ms)
			BeforeProcessingInitializeOnLoad (235ms)
			ProcessInitializeOnLoadAttributes (458ms)
			ProcessInitializeOnLoadMethodAttributes (358ms)
			AfterProcessingInitializeOnLoad (11ms)
			EditorAssembliesLoaded (1ms)
		ExecutionOrderSort2 (0ms)
		AwakeInstancesAfterBackupRestoration (14ms)
Refreshing native plugins compatible for Editor in 4.04 ms, found 2 plugins.
Preloading 0 native plugins for Editor in 0.00 ms.
Unloading 0 Unused Serialized files (Serialized files now loaded: 0)
Unloading 3007 unused Assets / (1.0 MB). Loaded Objects now: 3627.
Memory consumption went from 88.9 MB to 88.0 MB.
Total: 25.455100 ms (FindLiveObjects: 0.933800 ms CreateObjectMapping: 0.885600 ms MarkObjects: 22.051700 ms  DeleteObjects: 1.582600 ms)

Prepare: number of updated asset objects reloaded= 0
========================================================================
Received Import Request.
  Time since last request: 110.220579 seconds.
  path: Assets/Animation/Hero/boko_anim_controller.controller
  artifactKey: Guid(7c766dcc0fcb64d4ab42810992daa395) Importer(815301076,1909f56bfc062723c751e8b465ee728b)
Start importing Assets/Animation/Hero/boko_anim_controller.controller using Guid(7c766dcc0fcb64d4ab42810992daa395) Importer(815301076,1909f56bfc062723c751e8b465ee728b) (PreviewImporter) -> (artifact id: 'c90731e0a735faf49f376cbff2d6ee83') in 0.0389487 seconds
Number of updated asset objects reloaded before import = 0Number of asset objects unloaded after import = 66

========================================================================
Received Import Request.
  Time since last request: 10.451717 seconds.
  path: Assets/Animation/Hero/hero_anim_controller.controller
  artifactKey: Guid(8ce2e693ca3eb46499634faead362844) Importer(815301076,1909f56bfc062723c751e8b465ee728b)
Start importing Assets/Animation/Hero/hero_anim_controller.controller using Guid(8ce2e693ca3eb46499634faead362844) Importer(815301076,1909f56bfc062723c751e8b465ee728b) (PreviewImporter) -> (artifact id: '728200c3781cf6318ecb7ae1aacada08') in 0.0092258 seconds
Number of updated asset objects reloaded before import = 0Number of asset objects unloaded after import = 66

========================================================================
Received Import Request.
  Time since last request: 24.382168 seconds.
  path: Assets/Animation/Hero/hero_attack1_anim.anim
  artifactKey: Guid(5bc1cebf366dc2242bc124ed1092a667) Importer(815301076,1909f56bfc062723c751e8b465ee728b)
Start importing Assets/Animation/Hero/hero_attack1_anim.anim using Guid(5bc1cebf366dc2242bc124ed1092a667) Importer(815301076,1909f56bfc062723c751e8b465ee728b) (PreviewImporter) -> (artifact id: '3aeeee1ba07b4293d6a257c12da43ec1') in 0.0049933 seconds
Number of updated asset objects reloaded before import = 0Number of asset objects unloaded after import = 1

========================================================================
Received Import Request.
  Time since last request: 4.585946 seconds.
  path: Assets/Animation/Hero/hero_attack2_anim.anim
  artifactKey: Guid(28c7d0ef903fb2e4b8add596b1d0436c) Importer(815301076,1909f56bfc062723c751e8b465ee728b)
Start importing Assets/Animation/Hero/hero_attack2_anim.anim using Guid(28c7d0ef903fb2e4b8add596b1d0436c) Importer(815301076,1909f56bfc062723c751e8b465ee728b) (PreviewImporter) -> (artifact id: 'b955948ca7b473973d8bcffaabb1c5b6') in 0.0015414 seconds
Number of updated asset objects reloaded before import = 0Number of asset objects unloaded after import = 1

========================================================================
Received Import Request.
  Time since last request: 187.603906 seconds.
  path: Assets/Animation/Hero/boko_anim_controller.controller
  artifactKey: Guid(7c766dcc0fcb64d4ab42810992daa395) Importer(815301076,1909f56bfc062723c751e8b465ee728b)
Start importing Assets/Animation/Hero/boko_anim_controller.controller using Guid(7c766dcc0fcb64d4ab42810992daa395) Importer(815301076,1909f56bfc062723c751e8b465ee728b) (PreviewImporter) -> (artifact id: 'f8b92d61dd9d526543c8c0b915090102') in 0.0069372 seconds
Number of updated asset objects reloaded before import = 0Number of asset objects unloaded after import = 66

========================================================================
Received Import Request.
  Time since last request: 2.095700 seconds.
  path: Assets/King of Overbrawl/Animations/Movement/Attack.anim
  artifactKey: Guid(75ed1b6570a172249a116e811dbc769c) Importer(815301076,1909f56bfc062723c751e8b465ee728b)
Start importing Assets/King of Overbrawl/Animations/Movement/Attack.anim using Guid(75ed1b6570a172249a116e811dbc769c) Importer(815301076,1909f56bfc062723c751e8b465ee728b) (PreviewImporter) -> (artifact id: '019f34c319e7144af1e983c2974f9641') in 0.0016451 seconds
Number of updated asset objects reloaded before import = 0Number of asset objects unloaded after import = 1

========================================================================
Received Import Request.
  Time since last request: 6.897180 seconds.
  path: Assets/King of Overbrawl/Animations/Movement/Fist.anim
  artifactKey: Guid(f85a3cad6a167f04d9905c178860d1cf) Importer(815301076,1909f56bfc062723c751e8b465ee728b)
Start importing Assets/King of Overbrawl/Animations/Movement/Fist.anim using Guid(f85a3cad6a167f04d9905c178860d1cf) Importer(815301076,1909f56bfc062723c751e8b465ee728b) (PreviewImporter) -> (artifact id: 'faf1daeb755cd5fd10a8426bbd7f128c') in 0.0015043 seconds
Number of updated asset objects reloaded before import = 0Number of asset objects unloaded after import = 1

========================================================================
Received Prepare
Begin MonoManager ReloadAssembly
[Licensing::Client] Successfully resolved entitlement details
ADTM: Control thread waiting for realtime thread timed out, have to lock...
Symbol file LoadedFromMemory is not a mono symbol file
- Loaded All Assemblies, in  2.015 seconds
Refreshing native plugins compatible for Editor in 3.74 ms, found 2 plugins.
Native extension for WindowsStandalone target not found
Native extension for WebGL target not found
[Package Manager] Failed to launch server process. Reason: Unity was launched with the -noUpm command-line argument
[Package Manager] Unable to send message (not connected to server process).
[Package Manager] Cannot connect to Unity Package Manager local server
ScheduleIndexationOnStartup MainProcess:False IndexOnStartup:True
Mono: successfully reloaded assembly
- Finished resetting the current domain, in  1.340 seconds
Domain Reload Profiling: 3354ms
	BeginReloadAssembly (1291ms)
		ExecutionOrderSort (0ms)
		DisableScriptedObjects (10ms)
		BackupInstance (0ms)
		ReleaseScriptingObjects (0ms)
		CreateAndSetChildDomain (1086ms)
	RebuildCommonClasses (58ms)
	RebuildNativeTypeToScriptingClass (37ms)
	initialDomainReloadingComplete (60ms)
	LoadAllAssembliesAndSetupDomain (567ms)
		LoadAssemblies (487ms)
		RebuildTransferFunctionScriptingTraits (0ms)
		AnalyzeDomain (214ms)
			TypeCache.Refresh (34ms)
				TypeCache.ScanAssembly (0ms)
			BuildScriptInfoCaches (169ms)
			ResolveRequiredComponents (5ms)
	FinalizeReload (1341ms)
		ReleaseScriptCaches (0ms)
		RebuildScriptCaches (0ms)
		SetupLoadedEditorAssemblies (1132ms)
			LogAssemblyErrors (0ms)
			InitializePlatformSupportModulesInManaged (4ms)
			SetLoadedEditorAssemblies (10ms)
			BeforeProcessingInitializeOnLoad (231ms)
			ProcessInitializeOnLoadAttributes (459ms)
			ProcessInitializeOnLoadMethodAttributes (417ms)
			AfterProcessingInitializeOnLoad (12ms)
			EditorAssembliesLoaded (1ms)
		ExecutionOrderSort2 (0ms)
		AwakeInstancesAfterBackupRestoration (14ms)
Refreshing native plugins compatible for Editor in 4.70 ms, found 2 plugins.
Preloading 0 native plugins for Editor in 0.00 ms.
Unloading 0 Unused Serialized files (Serialized files now loaded: 0)
Unloading 3007 unused Assets / (0.9 MB). Loaded Objects now: 3628.
Memory consumption went from 88.9 MB to 88.0 MB.
Total: 19.783700 ms (FindLiveObjects: 0.730200 ms CreateObjectMapping: 0.556100 ms MarkObjects: 17.132300 ms  DeleteObjects: 1.363900 ms)

Prepare: number of updated asset objects reloaded= 0
========================================================================
Received Import Request.
  Time since last request: 83.331875 seconds.
  path: Assets/Animation/Hero/hero_attack2_anim_powerup.anim
  artifactKey: Guid(a410142c966a44faea581ec6ec46b524) Importer(815301076,1909f56bfc062723c751e8b465ee728b)
Start importing Assets/Animation/Hero/hero_attack2_anim_powerup.anim using Guid(a410142c966a44faea581ec6ec46b524) Importer(815301076,1909f56bfc062723c751e8b465ee728b) (PreviewImporter) -> (artifact id: '5af57dd7aaccb66ce08d52d13975f569') in 0.0362864 seconds
Number of updated asset objects reloaded before import = 0Number of asset objects unloaded after import = 1

========================================================================
Received Prepare
Begin MonoManager ReloadAssembly
[Licensing::Client] Successfully resolved entitlement details
ADTM: Control thread waiting for realtime thread timed out, have to lock...
Symbol file LoadedFromMemory is not a mono symbol file
- Loaded All Assemblies, in  2.035 seconds
Refreshing native plugins compatible for Editor in 4.90 ms, found 2 plugins.
Native extension for WindowsStandalone target not found
Native extension for WebGL target not found
[Package Manager] Failed to launch server process. Reason: Unity was launched with the -noUpm command-line argument
[Package Manager] Unable to send message (not connected to server process).
[Package Manager] Cannot connect to Unity Package Manager local server
ScheduleIndexationOnStartup MainProcess:False IndexOnStartup:True
Mono: successfully reloaded assembly
- Finished resetting the current domain, in  1.329 seconds
Domain Reload Profiling: 3364ms
	BeginReloadAssembly (1304ms)
		ExecutionOrderSort (0ms)
		DisableScriptedObjects (10ms)
		BackupInstance (0ms)
		ReleaseScriptingObjects (0ms)
		CreateAndSetChildDomain (1088ms)
	RebuildCommonClasses (100ms)
	RebuildNativeTypeToScriptingClass (35ms)
	initialDomainReloadingComplete (61ms)
	LoadAllAssembliesAndSetupDomain (535ms)
		LoadAssemblies (479ms)
		RebuildTransferFunctionScriptingTraits (0ms)
		AnalyzeDomain (205ms)
			TypeCache.Refresh (33ms)
				TypeCache.ScanAssembly (0ms)
			BuildScriptInfoCaches (158ms)
			ResolveRequiredComponents (7ms)
	FinalizeReload (1330ms)
		ReleaseScriptCaches (0ms)
		RebuildScriptCaches (0ms)
		SetupLoadedEditorAssemblies (1120ms)
			LogAssemblyErrors (0ms)
			InitializePlatformSupportModulesInManaged (4ms)
			SetLoadedEditorAssemblies (9ms)
			BeforeProcessingInitializeOnLoad (226ms)
			ProcessInitializeOnLoadAttributes (453ms)
			ProcessInitializeOnLoadMethodAttributes (418ms)
			AfterProcessingInitializeOnLoad (10ms)
			EditorAssembliesLoaded (1ms)
		ExecutionOrderSort2 (0ms)
		AwakeInstancesAfterBackupRestoration (14ms)
Refreshing native plugins compatible for Editor in 3.76 ms, found 2 plugins.
Preloading 0 native plugins for Editor in 0.00 ms.
Unloading 0 Unused Serialized files (Serialized files now loaded: 0)
Unloading 3007 unused Assets / (0.8 MB). Loaded Objects now: 3629.
Memory consumption went from 88.9 MB to 88.1 MB.
Total: 29.941100 ms (FindLiveObjects: 0.854100 ms CreateObjectMapping: 0.820300 ms MarkObjects: 25.884500 ms  DeleteObjects: 2.380400 ms)

Prepare: number of updated asset objects reloaded= 0
========================================================================
Received Import Request.
  Time since last request: 202.692519 seconds.
  path: Assets/King of Overbrawl/Animations/Movement/Attack.anim
  artifactKey: Guid(75ed1b6570a172249a116e811dbc769c) Importer(815301076,1909f56bfc062723c751e8b465ee728b)
Start importing Assets/King of Overbrawl/Animations/Movement/Attack.anim using Guid(75ed1b6570a172249a116e811dbc769c) Importer(815301076,1909f56bfc062723c751e8b465ee728b) (PreviewImporter) -> (artifact id: 'aafd691002bc9fc8d0213467634f64b6') in 0.0256217 seconds
Number of updated asset objects reloaded before import = 0Number of asset objects unloaded after import = 1

========================================================================
Received Import Request.
  Time since last request: 27.420838 seconds.
  path: Assets/Animation/Hero
  artifactKey: Guid(9dd8cce4c44af4bbda21c160c66ffc3b) Importer(815301076,1909f56bfc062723c751e8b465ee728b)
Start importing Assets/Animation/Hero using Guid(9dd8cce4c44af4bbda21c160c66ffc3b) Importer(815301076,1909f56bfc062723c751e8b465ee728b) (PreviewImporter) -> (artifact id: '3410d441099ca7a999099987d2368fa5') in 0.0007181 seconds
Number of updated asset objects reloaded before import = 0Number of asset objects unloaded after import = 0

========================================================================
Received Import Request.
  Time since last request: 1.437820 seconds.
  path: Assets/Animation/Hero/hero_anim_controller.controller
  artifactKey: Guid(8ce2e693ca3eb46499634faead362844) Importer(815301076,1909f56bfc062723c751e8b465ee728b)
Start importing Assets/Animation/Hero/hero_anim_controller.controller using Guid(8ce2e693ca3eb46499634faead362844) Importer(815301076,1909f56bfc062723c751e8b465ee728b) (PreviewImporter) -> (artifact id: 'da5c5d3172e3daa2ad5d87903b8bef78') in 0.0073802 seconds
Number of updated asset objects reloaded before import = 0Number of asset objects unloaded after import = 66

========================================================================
Received Import Request.
  Time since last request: 109.027384 seconds.
  path: Assets/King of Overbrawl/Animations/Movement/Attack-2.anim
  artifactKey: Guid(e13d26dbdaf074949bbf7e3272e4a7ad) Importer(815301076,1909f56bfc062723c751e8b465ee728b)
Start importing Assets/King of Overbrawl/Animations/Movement/Attack-2.anim using Guid(e13d26dbdaf074949bbf7e3272e4a7ad) Importer(815301076,1909f56bfc062723c751e8b465ee728b) (PreviewImporter) -> (artifact id: '9880512a200a2a7027ec9fda71963b13') in 0.0018657 seconds
Number of updated asset objects reloaded before import = 0Number of asset objects unloaded after import = 1

========================================================================
Received Prepare
Begin MonoManager ReloadAssembly
[Licensing::Client] Successfully resolved entitlement details
ADTM: Control thread waiting for realtime thread timed out, have to lock...
Symbol file LoadedFromMemory is not a mono symbol file
- Loaded All Assemblies, in  1.988 seconds
Refreshing native plugins compatible for Editor in 3.09 ms, found 2 plugins.
Native extension for WindowsStandalone target not found
Native extension for WebGL target not found
[Package Manager] Failed to launch server process. Reason: Unity was launched with the -noUpm command-line argument
[Package Manager] Unable to send message (not connected to server process).
[Package Manager] Cannot connect to Unity Package Manager local server
ScheduleIndexationOnStartup MainProcess:False IndexOnStartup:True
Mono: successfully reloaded assembly
- Finished resetting the current domain, in  1.288 seconds
Domain Reload Profiling: 3274ms
	BeginReloadAssembly (1276ms)
		ExecutionOrderSort (0ms)
		DisableScriptedObjects (10ms)
		BackupInstance (0ms)
		ReleaseScriptingObjects (0ms)
		CreateAndSetChildDomain (1082ms)
	RebuildCommonClasses (50ms)
	RebuildNativeTypeToScriptingClass (21ms)
	initialDomainReloadingComplete (42ms)
	LoadAllAssembliesAndSetupDomain (596ms)
		LoadAssemblies (517ms)
		RebuildTransferFunctionScriptingTraits (0ms)
		AnalyzeDomain (207ms)
			TypeCache.Refresh (31ms)
				TypeCache.ScanAssembly (0ms)
			BuildScriptInfoCaches (164ms)
			ResolveRequiredComponents (6ms)
	FinalizeReload (1289ms)
		ReleaseScriptCaches (0ms)
		RebuildScriptCaches (0ms)
		SetupLoadedEditorAssemblies (1082ms)
			LogAssemblyErrors (0ms)
			InitializePlatformSupportModulesInManaged (4ms)
			SetLoadedEditorAssemblies (8ms)
			BeforeProcessingInitializeOnLoad (227ms)
			ProcessInitializeOnLoadAttributes (471ms)
			ProcessInitializeOnLoadMethodAttributes (363ms)
			AfterProcessingInitializeOnLoad (9ms)
			EditorAssembliesLoaded (0ms)
		ExecutionOrderSort2 (0ms)
		AwakeInstancesAfterBackupRestoration (13ms)
Refreshing native plugins compatible for Editor in 3.29 ms, found 2 plugins.
Preloading 0 native plugins for Editor in 0.00 ms.
Unloading 0 Unused Serialized files (Serialized files now loaded: 0)
Unloading 3007 unused Assets / (1.2 MB). Loaded Objects now: 3630.
Memory consumption went from 89.0 MB to 87.7 MB.
Total: 26.096200 ms (FindLiveObjects: 0.900000 ms CreateObjectMapping: 0.699900 ms MarkObjects: 22.273400 ms  DeleteObjects: 2.221000 ms)

Prepare: number of updated asset objects reloaded= 0
========================================================================
Received Import Request.
  Time since last request: 141.747608 seconds.
  path: Assets/Animation/Hero/boko_anim_controller.controller
  artifactKey: Guid(7c766dcc0fcb64d4ab42810992daa395) Importer(815301076,1909f56bfc062723c751e8b465ee728b)
Start importing Assets/Animation/Hero/boko_anim_controller.controller using Guid(7c766dcc0fcb64d4ab42810992daa395) Importer(815301076,1909f56bfc062723c751e8b465ee728b) (PreviewImporter) -> (artifact id: '35781f09129b513ed3f8df50bdff856a') in 0.0410212 seconds
Number of updated asset objects reloaded before import = 0Number of asset objects unloaded after import = 66

========================================================================
Received Import Request.
  Time since last request: 45.121468 seconds.
  path: Assets/Animation/Hero/hero_attack3_anim.anim
  artifactKey: Guid(65e2560d13aaafa4ebf8e55b193859ac) Importer(815301076,1909f56bfc062723c751e8b465ee728b)
Start importing Assets/Animation/Hero/hero_attack3_anim.anim using Guid(65e2560d13aaafa4ebf8e55b193859ac) Importer(815301076,1909f56bfc062723c751e8b465ee728b) (PreviewImporter) -> (artifact id: 'cbbf6e1114911abc8593da343436f979') in 0.0043356 seconds
Number of updated asset objects reloaded before import = 0Number of asset objects unloaded after import = 1

========================================================================
Received Prepare
Begin MonoManager ReloadAssembly
[Licensing::Client] Successfully resolved entitlement details
ADTM: Control thread waiting for realtime thread timed out, have to lock...
Symbol file LoadedFromMemory is not a mono symbol file
- Loaded All Assemblies, in  1.902 seconds
Refreshing native plugins compatible for Editor in 3.70 ms, found 2 plugins.
Native extension for WindowsStandalone target not found
Native extension for WebGL target not found
[Package Manager] Failed to launch server process. Reason: Unity was launched with the -noUpm command-line argument
[Package Manager] Unable to send message (not connected to server process).
[Package Manager] Cannot connect to Unity Package Manager local server
ScheduleIndexationOnStartup MainProcess:False IndexOnStartup:True
Mono: successfully reloaded assembly
- Finished resetting the current domain, in  1.424 seconds
Domain Reload Profiling: 3326ms
	BeginReloadAssembly (1281ms)
		ExecutionOrderSort (0ms)
		DisableScriptedObjects (9ms)
		BackupInstance (0ms)
		ReleaseScriptingObjects (0ms)
		CreateAndSetChildDomain (1081ms)
	RebuildCommonClasses (78ms)
	RebuildNativeTypeToScriptingClass (25ms)
	initialDomainReloadingComplete (36ms)
	LoadAllAssembliesAndSetupDomain (481ms)
		LoadAssemblies (405ms)
		RebuildTransferFunctionScriptingTraits (0ms)
		AnalyzeDomain (212ms)
			TypeCache.Refresh (29ms)
				TypeCache.ScanAssembly (0ms)
			BuildScriptInfoCaches (170ms)
			ResolveRequiredComponents (6ms)
	FinalizeReload (1425ms)
		ReleaseScriptCaches (0ms)
		RebuildScriptCaches (0ms)
		SetupLoadedEditorAssemblies (1155ms)
			LogAssemblyErrors (0ms)
			InitializePlatformSupportModulesInManaged (4ms)
			SetLoadedEditorAssemblies (9ms)
			BeforeProcessingInitializeOnLoad (254ms)
			ProcessInitializeOnLoadAttributes (482ms)
			ProcessInitializeOnLoadMethodAttributes (393ms)
			AfterProcessingInitializeOnLoad (12ms)
			EditorAssembliesLoaded (1ms)
		ExecutionOrderSort2 (0ms)
		AwakeInstancesAfterBackupRestoration (15ms)
Refreshing native plugins compatible for Editor in 5.49 ms, found 2 plugins.
Preloading 0 native plugins for Editor in 0.00 ms.
Unloading 0 Unused Serialized files (Serialized files now loaded: 0)
Unloading 3007 unused Assets / (1.1 MB). Loaded Objects now: 3631.
Memory consumption went from 89.0 MB to 87.8 MB.
Total: 24.526400 ms (FindLiveObjects: 1.009600 ms CreateObjectMapping: 0.691400 ms MarkObjects: 21.302300 ms  DeleteObjects: 1.521600 ms)

Prepare: number of updated asset objects reloaded= 0
========================================================================
Received Import Request.
  Time since last request: 187.759622 seconds.
  path: Assets/Scenes/Game.unity
  artifactKey: Guid(aa2fa0780b8334ee3ae90db3c9b55a97) Importer(815301076,1909f56bfc062723c751e8b465ee728b)
Start importing Assets/Scenes/Game.unity using Guid(aa2fa0780b8334ee3ae90db3c9b55a97) Importer(815301076,1909f56bfc062723c751e8b465ee728b) (PreviewImporter) -> (artifact id: 'a9bdb486142d30839ed9e18a6a3ba151') in 0.0026198 seconds
Number of updated asset objects reloaded before import = 0Number of asset objects unloaded after import = 0

========================================================================
Received Import Request.
  Time since last request: 1.853234 seconds.
  path: Assets/Scenes/Game 1.unity
  artifactKey: Guid(04e0e1485e2a86f4792fe6059d3f2457) Importer(815301076,1909f56bfc062723c751e8b465ee728b)
Start importing Assets/Scenes/Game 1.unity using Guid(04e0e1485e2a86f4792fe6059d3f2457) Importer(815301076,1909f56bfc062723c751e8b465ee728b) (PreviewImporter) -> (artifact id: '24292f85f86ccdec98a90b00de8b3bd3') in 0.0005583 seconds
Number of updated asset objects reloaded before import = 0Number of asset objects unloaded after import = 0

========================================================================
Received Prepare
Begin MonoManager ReloadAssembly
[Licensing::Client] Successfully resolved entitlement details
ADTM: Control thread waiting for realtime thread timed out, have to lock...
Symbol file LoadedFromMemory is not a mono symbol file
- Loaded All Assemblies, in  2.109 seconds
Refreshing native plugins compatible for Editor in 5.98 ms, found 2 plugins.
Native extension for WindowsStandalone target not found
Native extension for WebGL target not found
[Package Manager] Failed to launch server process. Reason: Unity was launched with the -noUpm command-line argument
[Package Manager] Unable to send message (not connected to server process).
[Package Manager] Cannot connect to Unity Package Manager local server
ScheduleIndexationOnStartup MainProcess:False IndexOnStartup:True
Mono: successfully reloaded assembly
- Finished resetting the current domain, in  1.652 seconds
Domain Reload Profiling: 3760ms
	BeginReloadAssembly (1305ms)
		ExecutionOrderSort (0ms)
		DisableScriptedObjects (9ms)
		BackupInstance (0ms)
		ReleaseScriptingObjects (0ms)
		CreateAndSetChildDomain (1071ms)
	RebuildCommonClasses (119ms)
	RebuildNativeTypeToScriptingClass (32ms)
	initialDomainReloadingComplete (55ms)
	LoadAllAssembliesAndSetupDomain (597ms)
		LoadAssemblies (546ms)
		RebuildTransferFunctionScriptingTraits (0ms)
		AnalyzeDomain (218ms)
			TypeCache.Refresh (38ms)
				TypeCache.ScanAssembly (0ms)
			BuildScriptInfoCaches (169ms)
			ResolveRequiredComponents (6ms)
	FinalizeReload (1652ms)
		ReleaseScriptCaches (0ms)
		RebuildScriptCaches (0ms)
		SetupLoadedEditorAssemblies (1356ms)
			LogAssemblyErrors (0ms)
			InitializePlatformSupportModulesInManaged (4ms)
			SetLoadedEditorAssemblies (12ms)
			BeforeProcessingInitializeOnLoad (342ms)
			ProcessInitializeOnLoadAttributes (553ms)
			ProcessInitializeOnLoadMethodAttributes (436ms)
			AfterProcessingInitializeOnLoad (10ms)
			EditorAssembliesLoaded (0ms)
		ExecutionOrderSort2 (0ms)
		AwakeInstancesAfterBackupRestoration (13ms)
Refreshing native plugins compatible for Editor in 4.64 ms, found 2 plugins.
Preloading 0 native plugins for Editor in 0.00 ms.
Unloading 0 Unused Serialized files (Serialized files now loaded: 0)
Unloading 3007 unused Assets / (1.1 MB). Loaded Objects now: 3632.
Memory consumption went from 89.0 MB to 87.8 MB.
Total: 22.962900 ms (FindLiveObjects: 0.906300 ms CreateObjectMapping: 0.757900 ms MarkObjects: 19.558600 ms  DeleteObjects: 1.738100 ms)

Prepare: number of updated asset objects reloaded= 0
========================================================================
Received Import Request.
  Time since last request: 70.553430 seconds.
  path: Assets/Animation/Hero/hero_anim_controller.controller
  artifactKey: Guid(8ce2e693ca3eb46499634faead362844) Importer(815301076,1909f56bfc062723c751e8b465ee728b)
Start importing Assets/Animation/Hero/hero_anim_controller.controller using Guid(8ce2e693ca3eb46499634faead362844) Importer(815301076,1909f56bfc062723c751e8b465ee728b) (PreviewImporter) -> (artifact id: 'bca7d30fbbe0b60323fb5612d403a8bf') in 0.0349316 seconds
Number of updated asset objects reloaded before import = 0Number of asset objects unloaded after import = 66

